Timestamp,ID,Latitude,Longitude,Vibration
2026-05-07 12:25:47,SENS-JAKPUS,-6.1754,106.8272,6.0
2026-05-07 12:25:50,SENS-JAKSEL,-6.2615,106.8106,13.0
2026-05-07 12:25:54,SENS-JAKPUS,-6.1754,106.8272,15.0
2026-05-07 12:25:57,SENS-JAKSEL,-6.2615,106.8106,0.0
2026-05-07 12:26:01,SENS-JAKPUS,-6.1754,106.8272,7.0
2026-05-07 12:26:03,SENS-JAKSEL,-6.2615,106.8106,9.0
2026-05-07 12:26:07,SENS-JAKPUS,-6.1754,106.8272,19.0
2026-05-07 12:26:09,SENS-JAKSEL,-6.2615,106.8106,10.0
2026-05-07 12:26:13,SENS-JAKPUS,-6.1754,106.8272,7.0
2026-05-07 12:26:15,SENS-JAKSEL,-6.2615,106.8106,74.0
2026-05-07 12:26:19,SENS-JAKPUS,-6.1754,106.8272,9.0
2026-05-07 12:26:21,SENS-JAKSEL,-6.2615,106.8106,6.0
2026-05-07 12:26:25,SENS-JAKPUS,-6.1754,106.8272,8.0
2026-05-07 12:26:27,SENS-JAKSEL,-6.2615,106.8106,86.0
2026-05-07 12:26:31,SENS-JAKPUS,-6.1754,106.8272,94.0
2026-05-07 12:26:33,SENS-JAKSEL,-6.2615,106.8106,6.0
2026-05-07 12:26:37,SENS-JAKPUS,-6.1754,106.8272,12.0
2026-05-07 12:26:39,SENS-JAKSEL,-6.2615,106.8106,17.0
2026-05-07 12:26:43,SENS-JAKPUS,-6.1754,106.8272,15.0
2026-05-07 12:26:45,SENS-JAKSEL,-6.2615,106.8106,81.0
2026-05-07 12:26:50,SENS-JAKPUS,-6.1754,106.8272,1.0
2026-05-07 12:26:52,SENS-JAKSEL,-6.2615,106.8106,19.0
2026-05-07 12:26:56,SENS-JAKPUS,-6.1754,106.8272,6.0
2026-05-07 12:26:59,SENS-JAKSEL,-6.2615,106.8106,13.0
2026-05-07 12:27:03,SENS-JAKPUS,-6.1754,106.8272,19.0
2026-05-07 12:27:05,SENS-JAKSEL,-6.2615,106.8106,11.0
2026-05-07 12:27:09,SENS-JAKPUS,-6.1754,106.8272,10.0
2026-05-07 12:27:11,SENS-JAKSEL,-6.2615,106.8106,8.0
2026-05-07 12:27:15,SENS-JAKPUS,-6.1754,106.8272,7.0
2026-05-07 12:27:17,SENS-JAKSEL,-6.2615,106.8106,4.0
2026-05-07 12:27:21,SENS-JAKPUS,-6.1754,106.8272,11.0
2026-05-07 12:27:23,SENS-JAKSEL,-6.2615,106.8106,15.0
2026-05-07 12:27:27,SENS-JAKPUS,-6.1754,106.8272,9.0
2026-05-07 12:27:29,SENS-JAKSEL,-6.2615,106.8106,13.0
2026-05-07 12:27:33,SENS-JAKPUS,-6.1754,106.8272,18.0
2026-05-07 12:27:35,SENS-JAKSEL,-6.2615,106.8106,9.0
2026-05-07 12:27:39,SENS-JAKPUS,-6.1754,106.8272,15.0
2026-05-07 12:27:42,SENS-JAKSEL,-6.2615,106.8106,2.0
2026-05-07 12:27:46,SENS-JAKPUS,-6.1754,106.8272,87.0
2026-05-07 12:27:49,SENS-JAKSEL,-6.2615,106.8106,19.0
2026-05-07 12:27:53,SENS-JAKPUS,-6.1754,106.8272,6.0
2026-05-07 12:27:55,SENS-JAKSEL,-6.2615,106.8106,9.0
2026-05-07 12:27:59,SENS-JAKPUS,-6.1754,106.8272,14.0
2026-05-07 12:28:01,SENS-JAKSEL,-6.2615,106.8106,0.0
2026-05-07 12:28:05,SENS-JAKPUS,-6.1754,106.8272,2.0
2026-05-07 12:28:07,SENS-JAKSEL,-6.2615,106.8106,4.0
2026-05-07 12:28:11,SENS-JAKPUS,-6.1754,106.8272,1.0
2026-05-07 12:28:13,SENS-JAKSEL,-6.2615,106.8106,14.0
2026-05-07 12:28:17,SENS-JAKPUS,-6.1754,106.8272,3.0
2026-05-07 12:28:19,SENS-JAKSEL,-6.2615,106.8106,18.0
2026-05-07 12:28:23,SENS-JAKPUS,-6.1754,106.8272,8.0
2026-05-07 12:28:25,SENS-JAKSEL,-6.2615,106.8106,1.0
2026-05-07 12:28:29,SENS-JAKPUS,-6.1754,106.8272,6.0
2026-05-07 12:28:31,SENS-JAKSEL,-6.2615,106.8106,1.0
2026-05-07 12:28:35,SENS-JAKPUS,-6.1754,106.8272,1.0
2026-05-07 12:28:38,SENS-JAKSEL,-6.2615,106.8106,17.0
2026-05-07 12:28:42,SENS-JAKPUS,-6.1754,106.8272,91.0
2026-05-07 12:28:44,SENS-JAKSEL,-6.2615,106.8106,2.0
2026-05-07 12:28:49,SENS-JAKPUS,-6.1754,106.8272,3.0
2026-05-07 12:28:51,SENS-JAKSEL,-6.2615,106.8106,15.0
2026-05-07 12:28:55,SENS-JAKPUS,-6.1754,106.8272,0.0
2026-05-07 12:28:57,SENS-JAKSEL,-6.2615,106.8106,10.0
2026-05-07 12:29:01,SENS-JAKPUS,-6.1754,106.8272,13.0
2026-05-07 12:29:03,SENS-JAKSEL,-6.2615,106.8106,18.0
2026-05-07 12:29:07,SENS-JAKPUS,-6.1754,106.8272,7.0
2026-05-07 12:29:09,SENS-JAKSEL,-6.2615,106.8106,16.0
2026-05-07 12:29:13,SENS-JAKPUS,-6.1754,106.8272,1.0
2026-05-07 12:29:15,SENS-JAKSEL,-6.2615,106.8106,16.0
2026-05-07 12:29:19,SENS-JAKPUS,-6.1754,106.8272,20.0
2026-05-07 12:29:21,SENS-JAKSEL,-6.2615,106.8106,19.0
2026-05-07 12:29:25,SENS-JAKPUS,-6.1754,106.8272,20.0
2026-05-07 12:29:27,SENS-JAKSEL,-6.2615,106.8106,7.0
2026-05-07 12:29:31,SENS-JAKPUS,-6.1754,106.8272,15.0
2026-05-07 12:29:33,SENS-JAKSEL,-6.2615,106.8106,20.0
2026-05-07 12:29:38,SENS-JAKPUS,-6.1754,106.8272,7.0
2026-05-07 12:29:41,SENS-JAKSEL,-6.2615,106.8106,15.0
2026-05-07 12:29:45,SENS-JAKPUS,-6.1754,106.8272,5.0
2026-05-07 12:29:47,SENS-JAKSEL,-6.2615,106.8106,8.0
2026-05-07 12:29:51,SENS-JAKPUS,-6.1754,106.8272,7.0
2026-05-07 12:29:53,SENS-JAKSEL,-6.2615,106.8106,9.0
2026-05-07 12:29:57,SENS-JAKPUS,-6.1754,106.8272,0.0
2026-05-07 12:29:59,SENS-JAKSEL,-6.2615,106.8106,11.0
2026-05-07 12:30:03,SENS-JAKPUS,-6.1754,106.8272,81.0
2026-05-07 12:30:05,SENS-JAKSEL,-6.2615,106.8106,14.0
2026-05-07 12:30:09,SENS-JAKPUS,-6.1754,106.8272,20.0
2026-05-07 12:30:11,SENS-JAKSEL,-6.2615,106.8106,1.0
2026-05-07 12:30:15,SENS-JAKPUS,-6.1754,106.8272,19.0
2026-05-07 12:30:17,SENS-JAKSEL,-6.2615,106.8106,20.0
2026-05-07 12:30:21,SENS-JAKPUS,-6.1754,106.8272,9.0
2026-05-07 12:30:23,SENS-JAKSEL,-6.2615,106.8106,1.0
2026-05-07 12:30:27,SENS-JAKPUS,-6.1754,106.8272,76.0
2026-05-07 12:30:29,SENS-JAKSEL,-6.2615,106.8106,15.0
2026-05-07 12:30:33,SENS-JAKPUS,-6.1754,106.8272,17.0
2026-05-07 12:30:35,SENS-JAKSEL,-6.2615,106.8106,8.0
2026-05-07 12:30:39,SENS-JAKPUS,-6.1754,106.8272,14.0
2026-05-07 12:31:40,SENS-JAKSEL,-6.2615,106.8106,19.0
2026-05-07 12:31:45,SENS-JAKPUS,-6.1754,106.8272,12.0
2026-05-07 12:31:47,SENS-JAKSEL,-6.2615,106.8106,15.0
2026-05-07 12:31:51,SENS-JAKPUS,-6.1754,106.8272,75.0
2026-05-07 12:31:53,SENS-JAKSEL,-6.2615,106.8106,16.0
2026-05-07 12:31:57,SENS-JAKPUS,-6.1754,106.8272,82.0
2026-05-07 12:31:59,SENS-JAKSEL,-6.2615,106.8106,5.0
2026-05-07 12:32:03,SENS-JAKPUS,-6.1754,106.8272,11.0
2026-05-07 12:32:05,SENS-JAKSEL,-6.2615,106.8106,62.0
2026-05-07 12:32:09,SENS-JAKPUS,-6.1754,106.8272,3.0
2026-05-07 12:32:11,SENS-JAKSEL,-6.2615,106.8106,7.0
2026-05-07 12:32:15,SENS-JAKPUS,-6.1754,106.8272,13.0
2026-05-07 12:32:17,SENS-JAKSEL,-6.2615,106.8106,0.0
2026-05-07 12:32:21,SENS-JAKPUS,-6.1754,106.8272,8.0
2026-05-07 12:32:23,SENS-JAKSEL,-6.2615,106.8106,9.0
2026-05-07 12:32:27,SENS-JAKPUS,-6.1754,106.8272,16.0
2026-05-07 12:32:29,SENS-JAKSEL,-6.2615,106.8106,89.0
2026-05-07 12:32:33,SENS-JAKPUS,-6.1754,106.8272,16.0
2026-05-07 12:32:36,SENS-JAKSEL,-6.2615,106.8106,0.0
2026-05-07 12:32:41,SENS-JAKPUS,-6.1754,106.8272,8.0
2026-05-07 12:32:43,SENS-JAKSEL,-6.2615,106.8106,17.0
2026-05-07 12:32:47,SENS-JAKPUS,-6.1754,106.8272,11.0
2026-05-07 12:32:49,SENS-JAKSEL,-6.2615,106.8106,6.0
2026-05-07 12:32:53,SENS-JAKPUS,-6.1754,106.8272,4.0
2026-05-07 12:32:55,SENS-JAKSEL,-6.2615,106.8106,11.0
2026-05-07 12:32:59,SENS-JAKPUS,-6.1754,106.8272,13.0
2026-05-07 12:33:01,SENS-JAKSEL,-6.2615,106.8106,0.0
2026-05-07 12:33:05,SENS-JAKPUS,-6.1754,106.8272,19.0
2026-05-07 12:33:07,SENS-JAKSEL,-6.2615,106.8106,11.0
2026-05-07 12:33:11,SENS-JAKPUS,-6.1754,106.8272,91.0
2026-05-07 12:33:13,SENS-JAKSEL,-6.2615,106.8106,4.0
2026-05-07 12:33:17,SENS-JAKPUS,-6.1754,106.8272,14.0
2026-05-07 12:33:19,SENS-JAKSEL,-6.2615,106.8106,3.0
2026-05-07 12:33:23,SENS-JAKPUS,-6.1754,106.8272,96.0
2026-05-07 12:33:27,SENS-JAKSEL,-6.2615,106.8106,7.0
2026-05-07 12:33:32,SENS-JAKPUS,-6.1754,106.8272,4.0
2026-05-07 12:33:34,SENS-JAKSEL,-6.2615,106.8106,14.0
2026-05-07 12:33:38,SENS-JAKPUS,-6.1754,106.8272,78.0
2026-05-07 12:33:40,SENS-JAKSEL,-6.2615,106.8106,6.0
2026-05-07 12:33:44,SENS-JAKPUS,-6.1754,106.8272,17.0
2026-05-07 12:33:46,SENS-JAKSEL,-6.2615,106.8106,85.0
2026-05-07 12:33:50,SENS-JAKPUS,-6.1754,106.8272,14.0
2026-05-07 12:33:52,SENS-JAKSEL,-6.2615,106.8106,8.0
2026-05-07 12:33:56,SENS-JAKPUS,-6.1754,106.8272,10.0
2026-05-07 12:33:58,SENS-JAKSEL,-6.2615,106.8106,17.0
2026-05-07 12:34:02,SENS-JAKPUS,-6.1754,106.8272,20.0
2026-05-07 12:34:04,SENS-JAKSEL,-6.2615,106.8106,90.0
2026-05-07 12:34:08,SENS-JAKPUS,-6.1754,106.8272,12.0
2026-05-07 12:34:10,SENS-JAKSEL,-6.2615,106.8106,4.0
2026-05-07 12:34:15,SENS-JAKPUS,-6.1754,106.8272,15.0
2026-05-07 12:34:17,SENS-JAKSEL,-6.2615,106.8106,15.0
2026-05-07 12:34:21,SENS-JAKPUS,-6.1754,106.8272,2.0
2026-05-07 12:34:24,SENS-JAKSEL,-6.2615,106.8106,6.0
2026-05-07 12:34:28,SENS-JAKPUS,-6.1754,106.8272,11.0
2026-05-07 12:34:30,SENS-JAKSEL,-6.2615,106.8106,19.0
2026-05-07 12:34:34,SENS-JAKPUS,-6.1754,106.8272,13.0
2026-05-07 12:34:36,SENS-JAKSEL,-6.2615,106.8106,16.0
2026-05-07 12:34:40,SENS-JAKPUS,-6.1754,106.8272,74.0
2026-05-07 12:34:42,SENS-JAKSEL,-6.2615,106.8106,16.0
2026-05-07 12:34:46,SENS-JAKPUS,-6.1754,106.8272,66.0
2026-05-07 12:34:48,SENS-JAKSEL,-6.2615,106.8106,9.0
2026-05-07 12:34:52,SENS-JAKPUS,-6.1754,106.8272,16.0
2026-05-07 12:34:54,SENS-JAKSEL,-6.2615,106.8106,20.0
2026-05-07 12:34:58,SENS-JAKPUS,-6.1754,106.8272,3.0
2026-05-07 12:35:01,SENS-JAKSEL,-6.2615,106.8106,13.0
2026-05-07 12:35:05,SENS-JAKPUS,-6.1754,106.8272,17.0
2026-05-07 12:35:07,SENS-JAKSEL,-6.2615,106.8106,5.0
2026-05-07 12:35:11,SENS-JAKPUS,-6.1754,106.8272,64.0
2026-05-07 12:35:13,SENS-JAKSEL,-6.2615,106.8106,89.0
2026-05-07 12:35:17,SENS-JAKPUS,-6.1754,106.8272,0.0
2026-05-07 12:35:20,SENS-JAKSEL,-6.2615,106.8106,5.0
2026-05-07 12:35:24,SENS-JAKPUS,-6.1754,106.8272,17.0
2026-05-07 12:35:26,SENS-JAKSEL,-6.2615,106.8106,14.0
2026-05-07 12:35:30,SENS-JAKPUS,-6.1754,106.8272,20.0
2026-05-07 12:35:32,SENS-JAKSEL,-6.2615,106.8106,64.0
2026-05-07 12:35:36,SENS-JAKPUS,-6.1754,106.8272,1.0
2026-05-07 12:35:38,SENS-JAKSEL,-6.2615,106.8106,91.0
2026-05-07 12:35:42,SENS-JAKPUS,-6.1754,106.8272,8.0
2026-05-07 12:35:44,SENS-JAKSEL,-6.2615,106.8106,19.0
2026-05-07 12:35:48,SENS-JAKPUS,-6.1754,106.8272,4.0
2026-05-07 12:35:50,SENS-JAKSEL,-6.2615,106.8106,14.0
2026-05-07 12:35:54,SENS-JAKPUS,-6.1754,106.8272,7.0
2026-05-07 12:35:56,SENS-JAKSEL,-6.2615,106.8106,20.0
2026-05-07 12:36:00,SENS-JAKPUS,-6.1754,106.8272,80.0
2026-05-07 12:36:02,SENS-JAKSEL,-6.2615,106.8106,2.0
2026-05-07 12:36:07,SENS-JAKPUS,-6.1754,106.8272,0.0
2026-05-07 12:36:09,SENS-JAKSEL,-6.2615,106.8106,61.0
2026-05-07 12:36:13,SENS-JAKPUS,-6.1754,106.8272,7.0
2026-05-07 12:36:16,SENS-JAKSEL,-6.2615,106.8106,19.0
2026-05-07 12:36:20,SENS-JAKPUS,-6.1754,106.8272,17.0
2026-05-07 12:36:22,SENS-JAKSEL,-6.2615,106.8106,12.0
2026-05-07 12:36:26,SENS-JAKPUS,-6.1754,106.8272,16.0
2026-05-07 12:36:28,SENS-JAKSEL,-6.2615,106.8106,8.0
2026-05-07 12:36:32,SENS-JAKPUS,-6.1754,106.8272,11.0
2026-05-07 12:36:34,SENS-JAKSEL,-6.2615,106.8106,11.0
2026-05-07 12:36:38,SENS-JAKPUS,-6.1754,106.8272,13.0
2026-05-07 12:36:40,SENS-JAKSEL,-6.2615,106.8106,20.0
2026-05-07 12:36:44,SENS-JAKPUS,-6.1754,106.8272,13.0
2026-05-07 12:36:46,SENS-JAKSEL,-6.2615,106.8106,0.0
2026-05-07 12:36:50,SENS-JAKPUS,-6.1754,106.8272,6.0
2026-05-07 12:36:52,SENS-JAKSEL,-6.2615,106.8106,17.0
2026-05-07 12:36:56,SENS-JAKPUS,-6.1754,106.8272,11.0
2026-05-07 12:36:58,SENS-JAKSEL,-6.2615,106.8106,5.0
2026-05-07 12:37:02,SENS-JAKPUS,-6.1754,106.8272,4.0
2026-05-07 12:37:04,SENS-JAKSEL,-6.2615,106.8106,6.0
2026-05-07 12:37:09,SENS-JAKPUS,-6.1754,106.8272,0.0
2026-05-07 12:37:11,SENS-JAKSEL,-6.2615,106.8106,2.0
2026-05-07 12:37:15,SENS-JAKPUS,-6.1754,106.8272,7.0
2026-05-07 12:37:17,SENS-JAKSEL,-6.2615,106.8106,14.0
2026-05-07 12:37:21,SENS-JAKPUS,-6.1754,106.8272,10.0
2026-05-07 12:37:24,SENS-JAKSEL,-6.2615,106.8106,78.0
2026-05-07 12:37:28,SENS-JAKPUS,-6.1754,106.8272,16.0
2026-05-07 12:37:30,SENS-JAKSEL,-6.2615,106.8106,11.0
2026-05-07 12:37:34,SENS-JAKPUS,-6.1754,106.8272,16.0
2026-05-07 12:37:36,SENS-JAKSEL,-6.2615,106.8106,16.0
2026-05-07 12:37:40,SENS-JAKPUS,-6.1754,106.8272,15.0
2026-05-07 12:37:42,SENS-JAKSEL,-6.2615,106.8106,10.0
2026-05-07 12:37:46,SENS-JAKPUS,-6.1754,106.8272,14.0
2026-05-07 12:37:48,SENS-JAKSEL,-6.2615,106.8106,8.0
2026-05-07 12:37:52,SENS-JAKPUS,-6.1754,106.8272,18.0
2026-05-07 12:37:54,SENS-JAKSEL,-6.2615,106.8106,13.0
2026-05-07 12:37:58,SENS-JAKPUS,-6.1754,106.8272,12.0
2026-05-07 12:38:00,SENS-JAKSEL,-6.2615,106.8106,3.0
2026-05-07 12:38:04,SENS-JAKPUS,-6.1754,106.8272,12.0
2026-05-07 12:38:06,SENS-JAKSEL,-6.2615,106.8106,7.0
2026-05-07 12:38:11,SENS-JAKPUS,-6.1754,106.8272,16.0
2026-05-07 12:38:13,SENS-JAKSEL,-6.2615,106.8106,13.0
2026-05-07 12:38:17,SENS-JAKPUS,-6.1754,106.8272,14.0
2026-05-07 12:38:20,SENS-JAKSEL,-6.2615,106.8106,17.0
2026-05-07 12:38:24,SENS-JAKPUS,-6.1754,106.8272,18.0
2026-05-07 12:38:26,SENS-JAKSEL,-6.2615,106.8106,20.0
2026-05-07 12:38:30,SENS-JAKPUS,-6.1754,106.8272,95.0
2026-05-07 12:38:32,SENS-JAKSEL,-6.2615,106.8106,10.0
2026-05-07 12:38:36,SENS-JAKPUS,-6.1754,106.8272,14.0
2026-05-07 12:38:38,SENS-JAKSEL,-6.2615,106.8106,2.0
2026-05-07 12:38:42,SENS-JAKPUS,-6.1754,106.8272,10.0
2026-05-07 12:38:44,SENS-JAKSEL,-6.2615,106.8106,14.0
2026-05-07 12:38:48,SENS-JAKPUS,-6.1754,106.8272,0.0
2026-05-07 12:38:50,SENS-JAKSEL,-6.2615,106.8106,0.0
2026-05-07 12:38:54,SENS-JAKPUS,-6.1754,106.8272,8.0
2026-05-07 12:38:56,SENS-JAKSEL,-6.2615,106.8106,19.0
2026-05-07 12:39:00,SENS-JAKPUS,-6.1754,106.8272,2.0
2026-05-07 12:39:03,SENS-JAKSEL,-6.2615,106.8106,0.0
2026-05-07 12:39:07,SENS-JAKPUS,-6.1754,106.8272,10.0
2026-05-07 12:39:09,SENS-JAKSEL,-6.2615,106.8106,6.0
2026-05-07 12:39:13,SENS-JAKPUS,-6.1754,106.8272,11.0
2026-05-07 12:39:16,SENS-JAKSEL,-6.2615,106.8106,14.0
2026-05-07 12:39:20,SENS-JAKPUS,-6.1754,106.8272,1.0
2026-05-07 12:39:22,SENS-JAKSEL,-6.2615,106.8106,7.0
2026-05-07 12:39:26,SENS-JAKPUS,-6.1754,106.8272,2.0
2026-05-07 12:39:28,SENS-JAKSEL,-6.2615,106.8106,17.0
2026-05-07 12:39:32,SENS-JAKPUS,-6.1754,106.8272,13.0
2026-05-07 12:39:34,SENS-JAKSEL,-6.2615,106.8106,11.0
2026-05-07 12:39:38,SENS-JAKPUS,-6.1754,106.8272,13.0
2026-05-07 12:39:40,SENS-JAKSEL,-6.2615,106.8106,5.0
2026-05-07 12:39:44,SENS-JAKPUS,-6.1754,106.8272,18.0
2026-05-07 12:39:46,SENS-JAKSEL,-6.2615,106.8106,8.0
2026-05-07 12:39:50,SENS-JAKPUS,-6.1754,106.8272,14.0
2026-05-07 12:39:52,SENS-JAKSEL,-6.2615,106.8106,15.0
2026-05-07 12:39:57,SENS-JAKPUS,-6.1754,106.8272,18.0
2026-05-07 12:39:59,SENS-JAKSEL,-6.2615,106.8106,0.0
2026-05-07 12:40:03,SENS-JAKPUS,-6.1754,106.8272,11.0
2026-05-07 12:40:05,SENS-JAKSEL,-6.2615,106.8106,17.0
2026-05-07 12:40:09,SENS-JAKPUS,-6.1754,106.8272,14.0
2026-05-07 12:40:12,SENS-JAKSEL,-6.2615,106.8106,13.0
2026-05-07 12:40:16,SENS-JAKPUS,-6.1754,106.8272,84.0
2026-05-07 12:40:18,SENS-JAKSEL,-6.2615,106.8106,9.0
2026-05-07 12:40:22,SENS-JAKPUS,-6.1754,106.8272,17.0
2026-05-07 12:40:24,SENS-JAKSEL,-6.2615,106.8106,14.0
2026-05-07 12:40:28,SENS-JAKPUS,-6.1754,106.8272,19.0
2026-05-07 12:40:30,SENS-JAKSEL,-6.2615,106.8106,10.0
2026-05-07 12:40:34,SENS-JAKPUS,-6.1754,106.8272,8.0
2026-05-07 12:40:36,SENS-JAKSEL,-6.2615,106.8106,8.0
2026-05-07 12:40:40,SENS-JAKPUS,-6.1754,106.8272,14.0
2026-05-07 12:40:42,SENS-JAKSEL,-6.2615,106.8106,12.0
2026-05-07 12:40:46,SENS-JAKPUS,-6.1754,106.8272,6.0
2026-05-07 12:40:48,SENS-JAKSEL,-6.2615,106.8106,81.0
2026-05-07 12:40:52,SENS-JAKPUS,-6.1754,106.8272,17.0
2026-05-07 12:40:54,SENS-JAKSEL,-6.2615,106.8106,7.0
2026-05-07 12:40:58,SENS-JAKPUS,-6.1754,106.8272,13.0
2026-05-07 12:41:01,SENS-JAKSEL,-6.2615,106.8106,80.0
2026-05-07 12:41:05,SENS-JAKPUS,-6.1754,106.8272,17.0
2026-05-07 12:41:08,SENS-JAKSEL,-6.2615,106.8106,7.0
2026-05-07 12:41:12,SENS-JAKPUS,-6.1754,106.8272,4.0
2026-05-07 12:41:14,SENS-JAKSEL,-6.2615,106.8106,18.0
2026-05-07 12:41:18,SENS-JAKPUS,-6.1754,106.8272,6.0
2026-05-07 12:41:20,SENS-JAKSEL,-6.2615,106.8106,13.0
2026-05-07 12:41:24,SENS-JAKPUS,-6.1754,106.8272,4.0
2026-05-07 12:41:26,SENS-JAKSEL,-6.2615,106.8106,6.0
2026-05-07 12:41:30,SENS-JAKPUS,-6.1754,106.8272,12.0
2026-05-07 12:41:32,SENS-JAKSEL,-6.2615,106.8106,12.0
2026-05-07 12:41:36,SENS-JAKPUS,-6.1754,106.8272,18.0
2026-05-07 12:41:38,SENS-JAKSEL,-6.2615,106.8106,3.0
2026-05-07 12:41:42,SENS-JAKPUS,-6.1754,106.8272,1.0
2026-05-07 12:41:44,SENS-JAKSEL,-6.2615,106.8106,1.0
2026-05-07 12:41:48,SENS-JAKPUS,-6.1754,106.8272,14.0
2026-05-07 12:41:50,SENS-JAKSEL,-6.2615,106.8106,8.0
2026-05-07 12:41:55,SENS-JAKPUS,-6.1754,106.8272,20.0
2026-05-07 12:41:57,SENS-JAKSEL,-6.2615,106.8106,81.0
2026-05-07 12:42:01,SENS-JAKPUS,-6.1754,106.8272,19.0
2026-05-07 12:42:04,SENS-JAKSEL,-6.2615,106.8106,19.0
2026-05-07 12:42:08,SENS-JAKPUS,-6.1754,106.8272,16.0
2026-05-07 12:42:10,SENS-JAKSEL,-6.2615,106.8106,4.0
2026-05-07 12:42:14,SENS-JAKPUS,-6.1754,106.8272,8.0
2026-05-07 12:42:16,SENS-JAKSEL,-6.2615,106.8106,12.0
2026-05-07 12:42:20,SENS-JAKPUS,-6.1754,106.8272,17.0
2026-05-07 12:42:22,SENS-JAKSEL,-6.2615,106.8106,12.0
2026-05-07 12:42:26,SENS-JAKPUS,-6.1754,106.8272,15.0
2026-05-07 12:42:28,SENS-JAKSEL,-6.2615,106.8106,12.0
2026-05-07 12:42:32,SENS-JAKPUS,-6.1754,106.8272,8.0
2026-05-07 12:42:34,SENS-JAKSEL,-6.2615,106.8106,15.0
2026-05-07 12:42:38,SENS-JAKPUS,-6.1754,106.8272,8.0
2026-05-07 12:42:40,SENS-JAKSEL,-6.2615,106.8106,15.0
2026-05-07 12:42:44,SENS-JAKPUS,-6.1754,106.8272,10.0
2026-05-07 12:42:47,SENS-JAKSEL,-6.2615,106.8106,16.0
2026-05-07 12:42:51,SENS-JAKPUS,-6.1754,106.8272,16.0
2026-05-07 12:42:53,SENS-JAKSEL,-6.2615,106.8106,17.0
2026-05-07 12:42:57,SENS-JAKPUS,-6.1754,106.8272,13.0
2026-05-07 12:42:59,SENS-JAKSEL,-6.2615,106.8106,18.0
2026-05-07 12:43:03,SENS-JAKPUS,-6.1754,106.8272,3.0
2026-05-07 12:43:05,SENS-JAKSEL,-6.2615,106.8106,10.0
2026-05-07 12:43:09,SENS-JAKPUS,-6.1754,106.8272,100.0
2026-05-07 12:43:11,SENS-JAKSEL,-6.2615,106.8106,1.0
2026-05-07 12:43:15,SENS-JAKPUS,-6.1754,106.8272,20.0
2026-05-07 12:43:17,SENS-JAKSEL,-6.2615,106.8106,0.0
2026-05-07 12:43:21,SENS-JAKPUS,-6.1754,106.8272,4.0
2026-05-07 12:43:23,SENS-JAKSEL,-6.2615,106.8106,8.0
2026-05-07 12:43:27,SENS-JAKPUS,-6.1754,106.8272,14.0
2026-05-07 12:43:29,SENS-JAKSEL,-6.2615,106.8106,3.0
2026-05-07 12:43:33,SENS-JAKPUS,-6.1754,106.8272,15.0
2026-05-07 12:43:36,SENS-JAKSEL,-6.2615,106.8106,98.0
2026-05-07 12:43:41,SENS-JAKPUS,-6.1754,106.8272,4.0
2026-05-07 12:43:43,SENS-JAKSEL,-6.2615,106.8106,3.0
2026-05-07 12:43:47,SENS-JAKPUS,-6.1754,106.8272,18.0
2026-05-07 12:43:49,SENS-JAKSEL,-6.2615,106.8106,2.0
2026-05-07 12:43:53,SENS-JAKPUS,-6.1754,106.8272,1.0
2026-05-07 12:43:55,SENS-JAKSEL,-6.2615,106.8106,3.0
2026-05-07 12:44:40,SENS-JAKPUS,-6.1754,106.8272,6.0
2026-05-07 12:44:43,SENS-JAKSEL,-6.2615,106.8106,3.0
2026-05-07 12:44:47,SENS-JAKPUS,-6.1754,106.8272,20.0
2026-05-07 12:44:49,SENS-JAKSEL,-6.2615,106.8106,95.0
2026-05-07 12:44:53,SENS-JAKPUS,-6.1754,106.8272,1.0
2026-05-07 12:44:55,SENS-JAKSEL,-6.2615,106.8106,13.0
2026-05-07 12:44:59,SENS-JAKPUS,-6.1754,106.8272,16.0
2026-05-07 12:45:01,SENS-JAKSEL,-6.2615,106.8106,0.0
2026-05-07 12:45:05,SENS-JAKPUS,-6.1754,106.8272,14.0
2026-05-07 12:45:07,SENS-JAKSEL,-6.2615,106.8106,3.0
2026-05-07 12:45:11,SENS-JAKPUS,-6.1754,106.8272,18.0
2026-05-07 12:45:13,SENS-JAKSEL,-6.2615,106.8106,11.0
2026-05-07 12:45:17,SENS-JAKPUS,-6.1754,106.8272,7.0
2026-05-07 12:45:19,SENS-JAKSEL,-6.2615,106.8106,4.0
2026-05-07 12:45:23,SENS-JAKPUS,-6.1754,106.8272,9.0
2026-05-07 12:45:25,SENS-JAKSEL,-6.2615,106.8106,1.0
2026-05-07 12:45:29,SENS-JAKPUS,-6.1754,106.8272,11.0
2026-05-07 12:45:31,SENS-JAKSEL,-6.2615,106.8106,1.0
2026-05-07 12:45:35,SENS-JAKPUS,-6.1754,106.8272,8.0
2026-05-07 12:45:37,SENS-JAKSEL,-6.2615,106.8106,10.0
2026-05-07 12:46:40,SENS-JAKPUS,-6.1754,106.8272,18.0
2026-05-07 12:46:43,SENS-JAKSEL,-6.2615,106.8106,11.0
2026-05-07 12:46:47,SENS-JAKPUS,-6.1754,106.8272,16.0
2026-05-07 12:46:49,SENS-JAKSEL,-6.2615,106.8106,64.0
2026-05-07 12:46:53,SENS-JAKPUS,-6.1754,106.8272,18.0
2026-05-07 12:46:55,SENS-JAKSEL,-6.2615,106.8106,9.0
2026-05-07 12:46:59,SENS-JAKPUS,-6.1754,106.8272,90.0
2026-05-07 12:47:01,SENS-JAKSEL,-6.2615,106.8106,6.0
2026-05-07 12:47:05,SENS-JAKPUS,-6.1754,106.8272,8.0
2026-05-07 12:47:07,SENS-JAKSEL,-6.2615,106.8106,14.0
2026-05-07 12:47:11,SENS-JAKPUS,-6.1754,106.8272,15.0
2026-05-07 12:47:13,SENS-JAKSEL,-6.2615,106.8106,16.0
2026-05-07 12:47:17,SENS-JAKPUS,-6.1754,106.8272,13.0
2026-05-07 12:47:19,SENS-JAKSEL,-6.2615,106.8106,5.0
2026-05-07 12:47:23,SENS-JAKPUS,-6.1754,106.8272,9.0
2026-05-07 12:47:25,SENS-JAKSEL,-6.2615,106.8106,10.0
2026-05-07 12:47:29,SENS-JAKPUS,-6.1754,106.8272,16.0
2026-05-07 12:47:31,SENS-JAKSEL,-6.2615,106.8106,76.0
2026-05-07 12:47:35,SENS-JAKPUS,-6.1754,106.8272,10.0
2026-05-07 12:47:37,SENS-JAKSEL,-6.2615,106.8106,6.0
2026-05-07 12:48:40,SENS-JAKPUS,-6.1754,106.8272,9.0
2026-05-07 12:48:43,SENS-JAKSEL,-6.2615,106.8106,94.0
2026-05-07 12:48:47,SENS-JAKPUS,-6.1754,106.8272,7.0
2026-05-07 12:48:49,SENS-JAKSEL,-6.2615,106.8106,5.0
2026-05-07 12:48:53,SENS-JAKPUS,-6.1754,106.8272,94.0
2026-05-07 12:48:55,SENS-JAKSEL,-6.2615,106.8106,92.0
2026-05-07 12:48:59,SENS-JAKPUS,-6.1754,106.8272,15.0
2026-05-07 12:49:01,SENS-JAKSEL,-6.2615,106.8106,19.0
2026-05-07 12:49:05,SENS-JAKPUS,-6.1754,106.8272,71.0
2026-05-07 12:49:07,SENS-JAKSEL,-6.2615,106.8106,17.0
2026-05-07 12:49:11,SENS-JAKPUS,-6.1754,106.8272,9.0
2026-05-07 12:49:13,SENS-JAKSEL,-6.2615,106.8106,3.0
2026-05-07 12:49:17,SENS-JAKPUS,-6.1754,106.8272,2.0
2026-05-07 12:49:19,SENS-JAKSEL,-6.2615,106.8106,9.0
2026-05-07 12:49:23,SENS-JAKPUS,-6.1754,106.8272,4.0
2026-05-07 12:49:25,SENS-JAKSEL,-6.2615,106.8106,5.0
2026-05-07 12:49:29,SENS-JAKPUS,-6.1754,106.8272,0.0
2026-05-07 12:49:31,SENS-JAKSEL,-6.2615,106.8106,6.0
2026-05-07 12:49:35,SENS-JAKPUS,-6.1754,106.8272,6.0
2026-05-07 12:49:37,SENS-JAKSEL,-6.2615,106.8106,15.0
2026-05-07 12:50:40,SENS-JAKPUS,-6.1754,106.8272,16.0
2026-05-07 12:50:43,SENS-JAKSEL,-6.2615,106.8106,8.0
2026-05-07 12:50:47,SENS-JAKPUS,-6.1754,106.8272,8.0
2026-05-07 12:50:49,SENS-JAKSEL,-6.2615,106.8106,10.0
2026-05-07 12:50:53,SENS-JAKPUS,-6.1754,106.8272,19.0
2026-05-07 12:50:55,SENS-JAKSEL,-6.2615,106.8106,0.0
2026-05-07 12:50:59,SENS-JAKPUS,-6.1754,106.8272,14.0
2026-05-07 12:51:01,SENS-JAKSEL,-6.2615,106.8106,18.0
2026-05-07 12:51:05,SENS-JAKPUS,-6.1754,106.8272,10.0
2026-05-07 12:51:07,SENS-JAKSEL,-6.2615,106.8106,5.0
2026-05-07 12:51:11,SENS-JAKPUS,-6.1754,106.8272,2.0
2026-05-07 12:51:13,SENS-JAKSEL,-6.2615,106.8106,6.0
2026-05-07 12:51:17,SENS-JAKPUS,-6.1754,106.8272,9.0
2026-05-07 12:51:19,SENS-JAKSEL,-6.2615,106.8106,0.0
2026-05-07 12:51:23,SENS-JAKPUS,-6.1754,106.8272,12.0
2026-05-07 12:51:25,SENS-JAKSEL,-6.2615,106.8106,15.0
2026-05-07 12:51:29,SENS-JAKPUS,-6.1754,106.8272,10.0
2026-05-07 12:51:31,SENS-JAKSEL,-6.2615,106.8106,9.0
2026-05-07 12:51:35,SENS-JAKPUS,-6.1754,106.8272,75.0
2026-05-07 12:51:37,SENS-JAKSEL,-6.2615,106.8106,2.0
2026-05-07 12:51:52,SENS-JAKPUS,-6.1754,106.8272,7.0
2026-05-07 12:51:54,SENS-JAKSEL,-6.2615,106.8106,10.0
2026-05-07 12:51:58,SENS-JAKPUS,-6.1754,106.8272,7.0
2026-05-07 12:52:00,SENS-JAKSEL,-6.2615,106.8106,10.0
2026-05-07 12:52:04,SENS-JAKPUS,-6.1754,106.8272,1.0
2026-05-07 12:52:06,SENS-JAKSEL,-6.2615,106.8106,5.0
2026-05-07 12:52:10,SENS-JAKPUS,-6.1754,106.8272,8.0
2026-05-07 12:52:12,SENS-JAKSEL,-6.2615,106.8106,18.0
2026-05-07 12:52:16,SENS-JAKPUS,-6.1754,106.8272,11.0
2026-05-07 12:52:18,SENS-JAKSEL,-6.2615,106.8106,7.0
2026-05-07 12:52:22,SENS-JAKPUS,-6.1754,106.8272,8.0
2026-05-07 12:52:24,SENS-JAKSEL,-6.2615,106.8106,14.0
2026-05-07 12:52:29,SENS-JAKPUS,-6.1754,106.8272,89.0
2026-05-07 12:52:31,SENS-JAKSEL,-6.2615,106.8106,20.0
2026-05-07 12:52:35,SENS-JAKPUS,-6.1754,106.8272,60.0
2026-05-07 12:52:37,SENS-JAKSEL,-6.2615,106.8106,80.0
2026-05-07 12:52:41,SENS-JAKPUS,-6.1754,106.8272,20.0
2026-05-07 12:53:41,SENS-JAKSEL,-6.2615,106.8106,19.0
2026-05-07 12:53:45,SENS-JAKPUS,-6.1754,106.8272,16.0
2026-05-07 12:53:47,SENS-JAKSEL,-6.2615,106.8106,19.0
2026-05-07 12:53:51,SENS-JAKPUS,-6.1754,106.8272,70.0
2026-05-07 12:53:53,SENS-JAKSEL,-6.2615,106.8106,18.0
2026-05-07 12:53:57,SENS-JAKPUS,-6.1754,106.8272,2.0
2026-05-07 12:53:59,SENS-JAKSEL,-6.2615,106.8106,16.0
2026-05-07 12:54:03,SENS-JAKPUS,-6.1754,106.8272,4.0
2026-05-07 12:54:05,SENS-JAKSEL,-6.2615,106.8106,14.0
2026-05-07 12:54:09,SENS-JAKPUS,-6.1754,106.8272,12.0
2026-05-07 12:54:11,SENS-JAKSEL,-6.2615,106.8106,0.0
2026-05-07 12:54:15,SENS-JAKPUS,-6.1754,106.8272,1.0
2026-05-07 12:54:17,SENS-JAKSEL,-6.2615,106.8106,5.0
2026-05-07 12:54:21,SENS-JAKPUS,-6.1754,106.8272,15.0
2026-05-07 12:54:23,SENS-JAKSEL,-6.2615,106.8106,1.0
2026-05-07 12:54:27,SENS-JAKPUS,-6.1754,106.8272,0.0
2026-05-07 12:54:29,SENS-JAKSEL,-6.2615,106.8106,7.0
2026-05-07 12:54:33,SENS-JAKPUS,-6.1754,106.8272,5.0
2026-05-07 12:54:35,SENS-JAKSEL,-6.2615,106.8106,6.0
2026-05-07 12:54:39,SENS-JAKPUS,-6.1754,106.8272,15.0
2026-05-07 12:55:40,SENS-JAKSEL,-6.2615,106.8106,15.0
2026-05-07 12:55:45,SENS-JAKPUS,-6.1754,106.8272,9.0
2026-05-07 12:55:47,SENS-JAKSEL,-6.2615,106.8106,5.0
2026-05-07 12:55:51,SENS-JAKPUS,-6.1754,106.8272,64.0
2026-05-07 12:55:53,SENS-JAKSEL,-6.2615,106.8106,3.0
2026-05-07 12:55:57,SENS-JAKPUS,-6.1754,106.8272,15.0
2026-05-07 12:55:59,SENS-JAKSEL,-6.2615,106.8106,17.0
2026-05-07 12:56:03,SENS-JAKPUS,-6.1754,106.8272,17.0
2026-05-07 12:56:05,SENS-JAKSEL,-6.2615,106.8106,19.0
2026-05-07 12:56:09,SENS-JAKPUS,-6.1754,106.8272,10.0
2026-05-07 12:56:11,SENS-JAKSEL,-6.2615,106.8106,18.0
2026-05-07 12:56:15,SENS-JAKPUS,-6.1754,106.8272,15.0
2026-05-07 12:56:17,SENS-JAKSEL,-6.2615,106.8106,12.0
2026-05-07 12:56:21,SENS-JAKPUS,-6.1754,106.8272,20.0
2026-05-07 12:56:23,SENS-JAKSEL,-6.2615,106.8106,88.0
2026-05-07 13:36:03,SENS-JAKPUS,-6.1754,106.8272,68.0
2026-05-07 13:36:06,SENS-JAKSEL,-6.2615,106.8106,11.0
2026-05-07 13:36:10,SENS-JAKPUS,-6.1754,106.8272,15.0
2026-05-07 13:36:12,SENS-JAKSEL,-6.2615,106.8106,3.0
2026-05-07 13:36:16,SENS-JAKPUS,-6.1754,106.8272,0.0
2026-05-07 13:36:18,SENS-JAKSEL,-6.2615,106.8106,20.0
2026-05-07 13:36:22,SENS-JAKPUS,-6.1754,106.8272,8.0
2026-05-07 13:36:24,SENS-JAKSEL,-6.2615,106.8106,12.0
2026-05-07 13:36:28,SENS-JAKPUS,-6.1754,106.8272,7.0
2026-05-07 13:36:30,SENS-JAKSEL,-6.2615,106.8106,15.0
2026-05-07 13:36:34,SENS-JAKPUS,-6.1754,106.8272,11.0
2026-05-07 13:36:36,SENS-JAKSEL,-6.2615,106.8106,15.0
2026-05-07 13:36:40,SENS-JAKPUS,-6.1754,106.8272,4.0
2026-05-07 13:36:42,SENS-JAKSEL,-6.2615,106.8106,13.0
2026-05-07 13:36:46,SENS-JAKPUS,-6.1754,106.8272,6.0
2026-05-07 13:36:48,SENS-JAKSEL,-6.2615,106.8106,1.0
2026-05-07 13:36:52,SENS-JAKPUS,-6.1754,106.8272,5.0
2026-05-07 13:36:54,SENS-JAKSEL,-6.2615,106.8106,3.0
2026-05-07 13:36:58,SENS-JAKPUS,-6.1754,106.8272,17.0
2026-05-07 13:37:02,SENS-JAKSEL,-6.2615,106.8106,7.0
2026-05-07 13:37:06,SENS-JAKPUS,-6.1754,106.8272,4.0
2026-05-07 13:37:08,SENS-JAKSEL,-6.2615,106.8106,11.0
2026-05-07 13:37:12,SENS-JAKPUS,-6.1754,106.8272,60.0
2026-05-07 13:37:14,SENS-JAKSEL,-6.2615,106.8106,8.0
2026-05-07 13:37:18,SENS-JAKPUS,-6.1754,106.8272,14.0
2026-05-07 13:37:20,SENS-JAKSEL,-6.2615,106.8106,11.0
2026-05-07 13:37:24,SENS-JAKPUS,-6.1754,106.8272,8.0
2026-05-07 13:37:26,SENS-JAKSEL,-6.2615,106.8106,4.0
2026-05-07 13:37:30,SENS-JAKPUS,-6.1754,106.8272,8.0
2026-05-07 13:37:32,SENS-JAKSEL,-6.2615,106.8106,5.0
2026-05-07 13:37:36,SENS-JAKPUS,-6.1754,106.8272,4.0
2026-05-07 13:37:38,SENS-JAKSEL,-6.2615,106.8106,9.0
2026-05-07 13:37:42,SENS-JAKPUS,-6.1754,106.8272,8.0
2026-05-07 13:37:44,SENS-JAKSEL,-6.2615,106.8106,10.0
2026-05-07 13:37:48,SENS-JAKPUS,-6.1754,106.8272,73.0
2026-05-07 13:37:50,SENS-JAKSEL,-6.2615,106.8106,17.0
2026-05-07 13:37:54,SENS-JAKPUS,-6.1754,106.8272,19.0
2026-05-07 13:37:56,SENS-JAKSEL,-6.2615,106.8106,17.0
2026-05-07 13:38:02,SENS-JAKPUS,-6.1754,106.8272,89.0
2026-05-07 13:38:04,SENS-JAKSEL,-6.2615,106.8106,71.0
2026-05-07 13:38:08,SENS-JAKPUS,-6.1754,106.8272,12.0
2026-05-07 13:38:10,SENS-JAKSEL,-6.2615,106.8106,13.0
2026-05-07 13:38:14,SENS-JAKPUS,-6.1754,106.8272,19.0
2026-05-07 13:38:16,SENS-JAKSEL,-6.2615,106.8106,11.0
2026-05-07 13:38:20,SENS-JAKPUS,-6.1754,106.8272,60.0
2026-05-07 13:38:22,SENS-JAKSEL,-6.2615,106.8106,20.0
2026-05-07 13:38:26,SENS-JAKPUS,-6.1754,106.8272,11.0
2026-05-07 13:38:28,SENS-JAKSEL,-6.2615,106.8106,10.0
2026-05-07 13:38:32,SENS-JAKPUS,-6.1754,106.8272,9.0
2026-05-07 13:38:34,SENS-JAKSEL,-6.2615,106.8106,12.0
2026-05-07 13:38:38,SENS-JAKPUS,-6.1754,106.8272,2.0
2026-05-07 13:38:40,SENS-JAKSEL,-6.2615,106.8106,84.0
2026-05-07 13:38:44,SENS-JAKPUS,-6.1754,106.8272,11.0
2026-05-07 13:38:46,SENS-JAKSEL,-6.2615,106.8106,10.0
2026-05-07 13:38:50,SENS-JAKPUS,-6.1754,106.8272,1.0
2026-05-07 13:38:52,SENS-JAKSEL,-6.2615,106.8106,20.0
2026-05-07 13:38:56,SENS-JAKPUS,-6.1754,106.8272,18.0
2026-05-07 13:38:58,SENS-JAKSEL,-6.2615,106.8106,16.0
2026-05-07 13:39:02,SENS-JAKPUS,-6.1754,106.8272,10.0
2026-05-07 13:39:06,SENS-JAKSEL,-6.2615,106.8106,10.0
2026-05-07 13:39:10,SENS-JAKPUS,-6.1754,106.8272,90.0
2026-05-07 13:39:12,SENS-JAKSEL,-6.2615,106.8106,12.0
2026-05-07 13:39:16,SENS-JAKPUS,-6.1754,106.8272,18.0
2026-05-07 13:39:18,SENS-JAKSEL,-6.2615,106.8106,0.0
2026-05-07 13:39:22,SENS-JAKPUS,-6.1754,106.8272,16.0
2026-05-07 13:39:24,SENS-JAKSEL,-6.2615,106.8106,20.0
2026-05-07 13:39:28,SENS-JAKPUS,-6.1754,106.8272,4.0
2026-05-07 13:39:30,SENS-JAKSEL,-6.2615,106.8106,5.0
2026-05-07 13:39:34,SENS-JAKPUS,-6.1754,106.8272,67.0
2026-05-07 13:39:36,SENS-JAKSEL,-6.2615,106.8106,3.0
2026-05-07 13:39:40,SENS-JAKPUS,-6.1754,106.8272,16.0
2026-05-07 13:39:42,SENS-JAKSEL,-6.2615,106.8106,1.0
2026-05-07 13:39:46,SENS-JAKPUS,-6.1754,106.8272,8.0
2026-05-07 13:39:48,SENS-JAKSEL,-6.2615,106.8106,16.0
2026-05-07 13:39:52,SENS-JAKPUS,-6.1754,106.8272,88.0
2026-05-07 13:39:54,SENS-JAKSEL,-6.2615,106.8106,5.0
2026-05-07 13:39:58,SENS-JAKPUS,-6.1754,106.8272,5.0
2026-05-07 13:40:00,SENS-JAKSEL,-6.2615,106.8106,8.0
2026-05-07 13:40:06,SENS-JAKPUS,-6.1754,106.8272,15.0
2026-05-07 13:40:08,SENS-JAKSEL,-6.2615,106.8106,16.0
2026-05-07 13:40:12,SENS-JAKPUS,-6.1754,106.8272,17.0
2026-05-07 13:40:14,SENS-JAKSEL,-6.2615,106.8106,2.0
2026-05-07 13:40:18,SENS-JAKPUS,-6.1754,106.8272,9.0
2026-05-07 13:40:20,SENS-JAKSEL,-6.2615,106.8106,10.0
2026-05-07 13:40:24,SENS-JAKPUS,-6.1754,106.8272,13.0
2026-05-07 13:40:26,SENS-JAKSEL,-6.2615,106.8106,1.0
2026-05-07 13:40:30,SENS-JAKPUS,-6.1754,106.8272,8.0
2026-05-07 13:40:32,SENS-JAKSEL,-6.2615,106.8106,13.0
2026-05-07 13:40:36,SENS-JAKPUS,-6.1754,106.8272,20.0
2026-05-07 13:40:38,SENS-JAKSEL,-6.2615,106.8106,12.0
2026-05-07 13:40:42,SENS-JAKPUS,-6.1754,106.8272,19.0
2026-05-07 13:40:44,SENS-JAKSEL,-6.2615,106.8106,0.0
2026-05-07 13:40:48,SENS-JAKPUS,-6.1754,106.8272,14.0
2026-05-07 13:40:50,SENS-JAKSEL,-6.2615,106.8106,2.0
2026-05-07 13:40:54,SENS-JAKPUS,-6.1754,106.8272,16.0
2026-05-07 13:40:58,SENS-JAKSEL,-6.2615,106.8106,20.0
2026-05-07 13:41:02,SENS-JAKPUS,-6.1754,106.8272,11.0
2026-05-07 13:41:04,SENS-JAKSEL,-6.2615,106.8106,11.0
2026-05-07 13:41:08,SENS-JAKPUS,-6.1754,106.8272,11.0
2026-05-07 13:41:10,SENS-JAKSEL,-6.2615,106.8106,68.0
2026-05-07 13:41:14,SENS-JAKPUS,-6.1754,106.8272,13.0
2026-05-07 13:41:16,SENS-JAKSEL,-6.2615,106.8106,88.0
2026-05-07 13:41:20,SENS-JAKPUS,-6.1754,106.8272,2.0
2026-05-07 13:41:22,SENS-JAKSEL,-6.2615,106.8106,9.0
2026-05-07 13:41:26,SENS-JAKPUS,-6.1754,106.8272,0.0
2026-05-07 13:41:28,SENS-JAKSEL,-6.2615,106.8106,4.0
2026-05-07 13:41:32,SENS-JAKPUS,-6.1754,106.8272,20.0
2026-05-07 13:41:34,SENS-JAKSEL,-6.2615,106.8106,13.0
2026-05-07 13:41:38,SENS-JAKPUS,-6.1754,106.8272,20.0
2026-05-07 13:41:40,SENS-JAKSEL,-6.2615,106.8106,13.0
2026-05-07 13:41:44,SENS-JAKPUS,-6.1754,106.8272,10.0
2026-05-07 13:41:46,SENS-JAKSEL,-6.2615,106.8106,14.0
2026-05-07 13:41:50,SENS-JAKPUS,-6.1754,106.8272,3.0
2026-05-07 13:41:54,SENS-JAKSEL,-6.2615,106.8106,16.0
2026-05-07 13:41:58,SENS-JAKPUS,-6.1754,106.8272,7.0
2026-05-07 13:42:00,SENS-JAKSEL,-6.2615,106.8106,7.0
2026-05-07 13:42:04,SENS-JAKPUS,-6.1754,106.8272,13.0
2026-05-07 13:42:06,SENS-JAKSEL,-6.2615,106.8106,13.0
2026-05-07 13:42:10,SENS-JAKPUS,-6.1754,106.8272,5.0
2026-05-07 13:42:12,SENS-JAKSEL,-6.2615,106.8106,0.0
2026-05-07 13:42:16,SENS-JAKPUS,-6.1754,106.8272,8.0
2026-05-07 13:42:18,SENS-JAKSEL,-6.2615,106.8106,12.0
2026-05-07 13:42:22,SENS-JAKPUS,-6.1754,106.8272,13.0
2026-05-07 13:42:24,SENS-JAKSEL,-6.2615,106.8106,17.0
2026-05-07 13:42:28,SENS-JAKPUS,-6.1754,106.8272,12.0
2026-05-07 13:42:30,SENS-JAKSEL,-6.2615,106.8106,82.0
2026-05-07 13:42:34,SENS-JAKPUS,-6.1754,106.8272,11.0
2026-05-07 13:42:36,SENS-JAKSEL,-6.2615,106.8106,3.0
2026-05-07 13:42:40,SENS-JAKPUS,-6.1754,106.8272,3.0
2026-05-07 13:42:42,SENS-JAKSEL,-6.2615,106.8106,86.0
2026-05-07 13:42:46,SENS-JAKPUS,-6.1754,106.8272,74.0
2026-05-07 13:42:50,SENS-JAKSEL,-6.2615,106.8106,13.0
2026-05-07 13:42:54,SENS-JAKPUS,-6.1754,106.8272,5.0
2026-05-07 13:42:56,SENS-JAKSEL,-6.2615,106.8106,18.0
2026-05-07 13:43:00,SENS-JAKPUS,-6.1754,106.8272,7.0
2026-05-07 13:43:02,SENS-JAKSEL,-6.2615,106.8106,15.0
2026-05-07 13:43:06,SENS-JAKPUS,-6.1754,106.8272,7.0
2026-05-07 13:43:08,SENS-JAKSEL,-6.2615,106.8106,20.0
2026-05-07 13:43:12,SENS-JAKPUS,-6.1754,106.8272,90.0
2026-05-07 13:43:14,SENS-JAKSEL,-6.2615,106.8106,12.0
2026-05-07 13:43:18,SENS-JAKPUS,-6.1754,106.8272,18.0
2026-05-07 13:43:20,SENS-JAKSEL,-6.2615,106.8106,87.0
2026-05-07 13:43:24,SENS-JAKPUS,-6.1754,106.8272,20.0
2026-05-07 13:43:26,SENS-JAKSEL,-6.2615,106.8106,20.0
2026-05-07 13:43:30,SENS-JAKPUS,-6.1754,106.8272,19.0
2026-05-07 13:43:34,SENS-JAKSEL,-6.2615,106.8106,12.0
2026-05-07 13:43:38,SENS-JAKPUS,-6.1754,106.8272,18.0
2026-05-07 13:43:40,SENS-JAKSEL,-6.2615,106.8106,19.0
2026-05-07 13:43:44,SENS-JAKPUS,-6.1754,106.8272,18.0
2026-05-07 13:43:46,SENS-JAKSEL,-6.2615,106.8106,4.0
2026-05-07 13:43:50,SENS-JAKPUS,-6.1754,106.8272,18.0
2026-05-07 13:43:52,SENS-JAKSEL,-6.2615,106.8106,76.0
2026-05-07 13:43:56,SENS-JAKPUS,-6.1754,106.8272,2.0
2026-05-07 13:43:58,SENS-JAKSEL,-6.2615,106.8106,4.0
2026-05-07 13:44:02,SENS-JAKPUS,-6.1754,106.8272,79.0
2026-05-07 13:44:04,SENS-JAKSEL,-6.2615,106.8106,16.0
2026-05-07 13:44:08,SENS-JAKPUS,-6.1754,106.8272,19.0
2026-05-07 13:44:10,SENS-JAKSEL,-6.2615,106.8106,20.0
2026-05-07 13:44:14,SENS-JAKPUS,-6.1754,106.8272,11.0
2026-05-07 13:44:18,SENS-JAKSEL,-6.2615,106.8106,1.0
2026-05-07 13:44:22,SENS-JAKPUS,-6.1754,106.8272,15.0
2026-05-07 13:44:24,SENS-JAKSEL,-6.2615,106.8106,7.0
2026-05-07 13:44:28,SENS-JAKPUS,-6.1754,106.8272,6.0
2026-05-07 13:44:30,SENS-JAKSEL,-6.2615,106.8106,17.0
2026-05-07 13:44:34,SENS-JAKPUS,-6.1754,106.8272,13.0
2026-05-07 13:44:36,SENS-JAKSEL,-6.2615,106.8106,7.0
2026-05-07 13:44:40,SENS-JAKPUS,-6.1754,106.8272,16.0
2026-05-07 13:44:42,SENS-JAKSEL,-6.2615,106.8106,15.0
2026-05-07 13:44:46,SENS-JAKPUS,-6.1754,106.8272,1.0
2026-05-07 13:44:48,SENS-JAKSEL,-6.2615,106.8106,93.0
2026-05-07 13:44:52,SENS-JAKPUS,-6.1754,106.8272,20.0
2026-05-07 13:44:54,SENS-JAKSEL,-6.2615,106.8106,18.0
2026-05-07 13:44:58,SENS-JAKPUS,-6.1754,106.8272,10.0
2026-05-07 13:45:00,SENS-JAKSEL,-6.2615,106.8106,15.0
2026-05-07 13:45:04,SENS-JAKPUS,-6.1754,106.8272,65.0
2026-05-07 13:45:06,SENS-JAKSEL,-6.2615,106.8106,17.0
2026-05-07 13:45:10,SENS-JAKPUS,-6.1754,106.8272,12.0
2026-05-07 13:45:14,SENS-JAKSEL,-6.2615,106.8106,15.0
2026-05-07 13:45:18,SENS-JAKPUS,-6.1754,106.8272,62.0
2026-05-07 13:45:20,SENS-JAKSEL,-6.2615,106.8106,11.0
2026-05-07 13:45:24,SENS-JAKPUS,-6.1754,106.8272,12.0
2026-05-07 13:45:26,SENS-JAKSEL,-6.2615,106.8106,0.0
2026-05-07 13:45:30,SENS-JAKPUS,-6.1754,106.8272,16.0
2026-05-07 13:45:32,SENS-JAKSEL,-6.2615,106.8106,1.0
2026-05-07 13:45:36,SENS-JAKPUS,-6.1754,106.8272,9.0
2026-05-07 13:45:38,SENS-JAKSEL,-6.2615,106.8106,62.0
2026-05-07 13:45:42,SENS-JAKPUS,-6.1754,106.8272,9.0
2026-05-07 13:45:44,SENS-JAKSEL,-6.2615,106.8106,89.0
2026-05-07 13:45:48,SENS-JAKPUS,-6.1754,106.8272,64.0
2026-05-07 13:45:50,SENS-JAKSEL,-6.2615,106.8106,2.0
2026-05-07 13:45:54,SENS-JAKPUS,-6.1754,106.8272,10.0
2026-05-07 13:45:56,SENS-JAKSEL,-6.2615,106.8106,0.0
2026-05-07 13:46:00,SENS-JAKPUS,-6.1754,106.8272,4.0
2026-05-07 13:46:02,SENS-JAKSEL,-6.2615,106.8106,17.0
2026-05-07 13:46:07,SENS-JAKPUS,-6.1754,106.8272,16.0
2026-05-07 13:46:10,SENS-JAKSEL,-6.2615,106.8106,13.0
2026-05-07 13:46:14,SENS-JAKPUS,-6.1754,106.8272,12.0
2026-05-07 13:46:16,SENS-JAKSEL,-6.2615,106.8106,16.0
2026-05-07 13:46:20,SENS-JAKPUS,-6.1754,106.8272,6.0
2026-05-07 13:46:22,SENS-JAKSEL,-6.2615,106.8106,3.0
2026-05-07 13:46:26,SENS-JAKPUS,-6.1754,106.8272,17.0
2026-05-07 13:46:28,SENS-JAKSEL,-6.2615,106.8106,12.0
2026-05-07 13:46:32,SENS-JAKPUS,-6.1754,106.8272,1.0
2026-05-07 13:46:34,SENS-JAKSEL,-6.2615,106.8106,4.0
2026-05-07 13:46:38,SENS-JAKPUS,-6.1754,106.8272,20.0
2026-05-07 13:46:40,SENS-JAKSEL,-6.2615,106.8106,14.0
2026-05-07 13:46:44,SENS-JAKPUS,-6.1754,106.8272,8.0
2026-05-07 13:46:46,SENS-JAKSEL,-6.2615,106.8106,9.0
2026-05-07 13:46:50,SENS-JAKPUS,-6.1754,106.8272,17.0
2026-05-07 13:46:54,SENS-JAKSEL,-6.2615,106.8106,20.0
2026-05-07 13:46:58,SENS-JAKPUS,-6.1754,106.8272,5.0
2026-05-07 13:47:00,SENS-JAKSEL,-6.2615,106.8106,20.0
2026-05-07 13:47:04,SENS-JAKPUS,-6.1754,106.8272,78.0
2026-05-07 13:47:06,SENS-JAKSEL,-6.2615,106.8106,15.0
2026-05-07 13:47:10,SENS-JAKPUS,-6.1754,106.8272,75.0
2026-05-07 13:47:12,SENS-JAKSEL,-6.2615,106.8106,19.0
2026-05-07 13:47:16,SENS-JAKPUS,-6.1754,106.8272,3.0
2026-05-07 13:47:18,SENS-JAKSEL,-6.2615,106.8106,12.0
2026-05-07 13:47:22,SENS-JAKPUS,-6.1754,106.8272,11.0
2026-05-07 13:47:24,SENS-JAKSEL,-6.2615,106.8106,14.0
2026-05-07 13:47:28,SENS-JAKPUS,-6.1754,106.8272,13.0
2026-05-07 13:47:30,SENS-JAKSEL,-6.2615,106.8106,4.0
2026-05-07 13:47:34,SENS-JAKPUS,-6.1754,106.8272,13.0
2026-05-07 13:47:36,SENS-JAKSEL,-6.2615,106.8106,7.0
2026-05-07 13:47:40,SENS-JAKPUS,-6.1754,106.8272,93.0
2026-05-07 13:47:42,SENS-JAKSEL,-6.2615,106.8106,10.0
2026-05-07 13:47:47,SENS-JAKPUS,-6.1754,106.8272,15.0
2026-05-07 13:47:50,SENS-JAKSEL,-6.2615,106.8106,16.0
2026-05-07 13:47:54,SENS-JAKPUS,-6.1754,106.8272,9.0
2026-05-07 13:47:56,SENS-JAKSEL,-6.2615,106.8106,10.0
2026-05-07 13:48:00,SENS-JAKPUS,-6.1754,106.8272,5.0
2026-05-07 13:48:02,SENS-JAKSEL,-6.2615,106.8106,16.0
2026-05-07 13:48:06,SENS-JAKPUS,-6.1754,106.8272,7.0
2026-05-07 13:48:08,SENS-JAKSEL,-6.2615,106.8106,6.0
2026-05-07 13:48:12,SENS-JAKPUS,-6.1754,106.8272,95.0
2026-05-07 13:48:14,SENS-JAKSEL,-6.2615,106.8106,20.0
2026-05-07 13:48:18,SENS-JAKPUS,-6.1754,106.8272,0.0
2026-05-07 13:48:20,SENS-JAKSEL,-6.2615,106.8106,16.0
2026-05-07 13:48:24,SENS-JAKPUS,-6.1754,106.8272,14.0
2026-05-07 13:48:26,SENS-JAKSEL,-6.2615,106.8106,16.0
2026-05-07 13:48:30,SENS-JAKPUS,-6.1754,106.8272,14.0
2026-05-07 13:48:32,SENS-JAKSEL,-6.2615,106.8106,2.0
2026-05-07 13:48:36,SENS-JAKPUS,-6.1754,106.8272,4.0
2026-05-07 13:48:38,SENS-JAKSEL,-6.2615,106.8106,16.0
2026-05-07 13:48:42,SENS-JAKPUS,-6.1754,106.8272,7.0
2026-05-07 13:48:46,SENS-JAKSEL,-6.2615,106.8106,7.0
2026-05-07 13:48:50,SENS-JAKPUS,-6.1754,106.8272,1.0
2026-05-07 13:48:52,SENS-JAKSEL,-6.2615,106.8106,20.0
2026-05-07 13:48:56,SENS-JAKPUS,-6.1754,106.8272,1.0
2026-05-07 13:48:58,SENS-JAKSEL,-6.2615,106.8106,0.0
2026-05-07 13:49:02,SENS-JAKPUS,-6.1754,106.8272,3.0
2026-05-07 13:49:04,SENS-JAKSEL,-6.2615,106.8106,18.0
2026-05-07 13:49:08,SENS-JAKPUS,-6.1754,106.8272,3.0
2026-05-07 13:49:10,SENS-JAKSEL,-6.2615,106.8106,9.0
2026-05-07 13:49:14,SENS-JAKPUS,-6.1754,106.8272,19.0
2026-05-07 13:49:16,SENS-JAKSEL,-6.2615,106.8106,11.0
2026-05-07 13:49:20,SENS-JAKPUS,-6.1754,106.8272,67.0
2026-05-07 13:49:22,SENS-JAKSEL,-6.2615,106.8106,18.0
2026-05-07 13:49:26,SENS-JAKPUS,-6.1754,106.8272,1.0
2026-05-07 13:49:28,SENS-JAKSEL,-6.2615,106.8106,67.0
2026-05-07 13:49:34,SENS-JAKPUS,-6.1754,106.8272,20.0
2026-05-07 13:49:36,SENS-JAKSEL,-6.2615,106.8106,5.0
2026-05-07 13:49:40,SENS-JAKPUS,-6.1754,106.8272,6.0
2026-05-07 13:49:42,SENS-JAKSEL,-6.2615,106.8106,11.0
2026-05-07 13:49:46,SENS-JAKPUS,-6.1754,106.8272,7.0
2026-05-07 13:49:48,SENS-JAKSEL,-6.2615,106.8106,8.0
2026-05-07 13:49:52,SENS-JAKPUS,-6.1754,106.8272,10.0
2026-05-07 13:49:54,SENS-JAKSEL,-6.2615,106.8106,2.0
2026-05-07 13:49:58,SENS-JAKPUS,-6.1754,106.8272,17.0
2026-05-07 13:50:00,SENS-JAKSEL,-6.2615,106.8106,6.0
2026-05-07 13:50:04,SENS-JAKPUS,-6.1754,106.8272,12.0
2026-05-07 13:50:06,SENS-JAKSEL,-6.2615,106.8106,6.0
2026-05-07 13:50:10,SENS-JAKPUS,-6.1754,106.8272,1.0
2026-05-07 13:50:12,SENS-JAKSEL,-6.2615,106.8106,18.0
2026-05-07 13:50:16,SENS-JAKPUS,-6.1754,106.8272,4.0
2026-05-07 13:50:18,SENS-JAKSEL,-6.2615,106.8106,19.0
2026-05-07 13:50:23,SENS-JAKPUS,-6.1754,106.8272,16.0
2026-05-07 13:50:26,SENS-JAKSEL,-6.2615,106.8106,2.0
2026-05-07 13:50:30,SENS-JAKPUS,-6.1754,106.8272,3.0
2026-05-07 13:50:32,SENS-JAKSEL,-6.2615,106.8106,71.0
2026-05-07 13:50:36,SENS-JAKPUS,-6.1754,106.8272,11.0
2026-05-07 13:50:38,SENS-JAKSEL,-6.2615,106.8106,79.0
2026-05-07 13:50:42,SENS-JAKPUS,-6.1754,106.8272,11.0
2026-05-07 13:50:44,SENS-JAKSEL,-6.2615,106.8106,11.0
2026-05-07 13:50:48,SENS-JAKPUS,-6.1754,106.8272,18.0
2026-05-07 13:50:50,SENS-JAKSEL,-6.2615,106.8106,20.0
2026-05-07 13:50:54,SENS-JAKPUS,-6.1754,106.8272,2.0
2026-05-07 13:50:56,SENS-JAKSEL,-6.2615,106.8106,1.0
2026-05-07 13:51:00,SENS-JAKPUS,-6.1754,106.8272,1.0
2026-05-07 13:51:02,SENS-JAKSEL,-6.2615,106.8106,19.0
2026-05-07 13:51:06,SENS-JAKPUS,-6.1754,106.8272,94.0
2026-05-07 13:51:08,SENS-JAKSEL,-6.2615,106.8106,19.0
2026-05-07 13:51:14,SENS-JAKPUS,-6.1754,106.8272,3.0
2026-05-07 13:51:16,SENS-JAKSEL,-6.2615,106.8106,93.0
2026-05-07 13:51:20,SENS-JAKPUS,-6.1754,106.8272,17.0
2026-05-07 13:51:22,SENS-JAKSEL,-6.2615,106.8106,4.0
2026-05-07 13:51:26,SENS-JAKPUS,-6.1754,106.8272,66.0
2026-05-07 13:51:28,SENS-JAKSEL,-6.2615,106.8106,60.0
2026-05-07 13:51:32,SENS-JAKPUS,-6.1754,106.8272,18.0
2026-05-07 13:51:34,SENS-JAKSEL,-6.2615,106.8106,16.0
2026-05-07 13:51:38,SENS-JAKPUS,-6.1754,106.8272,20.0
2026-05-07 13:51:40,SENS-JAKSEL,-6.2615,106.8106,15.0
2026-05-07 13:51:44,SENS-JAKPUS,-6.1754,106.8272,13.0
2026-05-07 13:51:46,SENS-JAKSEL,-6.2615,106.8106,17.0
2026-05-07 13:51:50,SENS-JAKPUS,-6.1754,106.8272,14.0
2026-05-07 13:51:52,SENS-JAKSEL,-6.2615,106.8106,19.0
2026-05-07 13:51:56,SENS-JAKPUS,-6.1754,106.8272,60.0
2026-05-07 13:51:58,SENS-JAKSEL,-6.2615,106.8106,5.0
2026-05-07 13:52:02,SENS-JAKPUS,-6.1754,106.8272,9.0
2026-05-07 13:52:04,SENS-JAKSEL,-6.2615,106.8106,7.0
2026-05-07 13:52:08,SENS-JAKPUS,-6.1754,106.8272,5.0
2026-05-07 13:52:12,SENS-JAKSEL,-6.2615,106.8106,5.0
2026-05-07 13:52:16,SENS-JAKPUS,-6.1754,106.8272,8.0
2026-05-07 13:52:18,SENS-JAKSEL,-6.2615,106.8106,20.0
2026-05-07 13:52:22,SENS-JAKPUS,-6.1754,106.8272,16.0
2026-05-07 13:52:24,SENS-JAKSEL,-6.2615,106.8106,7.0
2026-05-07 13:52:28,SENS-JAKPUS,-6.1754,106.8272,5.0
2026-05-07 13:52:30,SENS-JAKSEL,-6.2615,106.8106,2.0
2026-05-07 13:52:34,SENS-JAKPUS,-6.1754,106.8272,6.0
2026-05-07 13:52:36,SENS-JAKSEL,-6.2615,106.8106,5.0
2026-05-07 13:52:40,SENS-JAKPUS,-6.1754,106.8272,8.0
2026-05-07 13:52:42,SENS-JAKSEL,-6.2615,106.8106,9.0
2026-05-07 13:52:46,SENS-JAKPUS,-6.1754,106.8272,9.0
2026-05-07 13:52:48,SENS-JAKSEL,-6.2615,106.8106,13.0
2026-05-07 13:52:52,SENS-JAKPUS,-6.1754,106.8272,8.0
2026-05-07 13:52:54,SENS-JAKSEL,-6.2615,106.8106,10.0
2026-05-07 13:52:58,SENS-JAKPUS,-6.1754,106.8272,15.0
2026-05-07 13:53:00,SENS-JAKSEL,-6.2615,106.8106,9.0
2026-05-07 13:53:04,SENS-JAKPUS,-6.1754,106.8272,9.0
2026-05-07 13:53:08,SENS-JAKSEL,-6.2615,106.8106,10.0
2026-05-07 13:53:12,SENS-JAKPUS,-6.1754,106.8272,12.0
2026-05-07 13:53:14,SENS-JAKSEL,-6.2615,106.8106,4.0
2026-05-07 13:53:18,SENS-JAKPUS,-6.1754,106.8272,16.0
2026-05-07 13:53:20,SENS-JAKSEL,-6.2615,106.8106,20.0
2026-05-07 13:53:24,SENS-JAKPUS,-6.1754,106.8272,69.0
2026-05-07 13:53:26,SENS-JAKSEL,-6.2615,106.8106,2.0
2026-05-07 13:53:30,SENS-JAKPUS,-6.1754,106.8272,6.0
2026-05-07 13:53:32,SENS-JAKSEL,-6.2615,106.8106,1.0
2026-05-07 13:53:36,SENS-JAKPUS,-6.1754,106.8272,3.0
2026-05-07 13:53:38,SENS-JAKSEL,-6.2615,106.8106,9.0
2026-05-07 13:53:42,SENS-JAKPUS,-6.1754,106.8272,16.0
2026-05-07 13:53:44,SENS-JAKSEL,-6.2615,106.8106,5.0
2026-05-07 13:53:48,SENS-JAKPUS,-6.1754,106.8272,20.0
2026-05-07 13:53:52,SENS-JAKSEL,-6.2615,106.8106,4.0
2026-05-07 13:53:56,SENS-JAKPUS,-6.1754,106.8272,12.0
2026-05-07 13:53:58,SENS-JAKSEL,-6.2615,106.8106,8.0
2026-05-07 13:54:02,SENS-JAKPUS,-6.1754,106.8272,11.0
2026-05-07 13:54:04,SENS-JAKSEL,-6.2615,106.8106,7.0
2026-05-07 13:54:09,SENS-JAKPUS,-6.1754,106.8272,13.0
2026-05-07 13:54:11,SENS-JAKSEL,-6.2615,106.8106,7.0
2026-05-07 13:54:15,SENS-JAKPUS,-6.1754,106.8272,63.0
2026-05-07 13:54:17,SENS-JAKSEL,-6.2615,106.8106,3.0
2026-05-07 13:54:21,SENS-JAKPUS,-6.1754,106.8272,1.0
2026-05-07 13:54:23,SENS-JAKSEL,-6.2615,106.8106,6.0
2026-05-07 13:54:27,SENS-JAKPUS,-6.1754,106.8272,10.0
2026-05-07 13:54:29,SENS-JAKSEL,-6.2615,106.8106,19.0
2026-05-07 13:54:33,SENS-JAKPUS,-6.1754,106.8272,20.0
2026-05-07 13:54:35,SENS-JAKSEL,-6.2615,106.8106,16.0
2026-05-07 13:54:39,SENS-JAKPUS,-6.1754,106.8272,9.0
2026-05-07 13:54:41,SENS-JAKSEL,-6.2615,106.8106,4.0
2026-05-07 13:54:45,SENS-JAKPUS,-6.1754,106.8272,6.0
2026-05-07 13:54:47,SENS-JAKSEL,-6.2615,106.8106,0.0
2026-05-07 13:54:51,SENS-JAKPUS,-6.1754,106.8272,0.0
2026-05-07 13:54:53,SENS-JAKSEL,-6.2615,106.8106,18.0
2026-05-07 13:54:57,SENS-JAKPUS,-6.1754,106.8272,14.0
2026-05-07 13:54:59,SENS-JAKSEL,-6.2615,106.8106,19.0
2026-05-07 13:55:03,SENS-JAKPUS,-6.1754,106.8272,14.0
2026-05-07 13:55:05,SENS-JAKSEL,-6.2615,106.8106,9.0
2026-05-07 13:55:09,SENS-JAKPUS,-6.1754,106.8272,16.0
2026-05-07 13:55:11,SENS-JAKSEL,-6.2615,106.8106,20.0
2026-05-07 13:55:15,SENS-JAKPUS,-6.1754,106.8272,81.0
2026-05-07 13:55:17,SENS-JAKSEL,-6.2615,106.8106,12.0
2026-05-07 13:55:22,SENS-JAKPUS,-6.1754,106.8272,14.0
2026-05-07 13:55:25,SENS-JAKSEL,-6.2615,106.8106,6.0
2026-05-07 13:55:29,SENS-JAKPUS,-6.1754,106.8272,4.0
2026-05-07 13:55:31,SENS-JAKSEL,-6.2615,106.8106,6.0
2026-05-07 13:55:35,SENS-JAKPUS,-6.1754,106.8272,16.0
2026-05-07 13:55:37,SENS-JAKSEL,-6.2615,106.8106,17.0
2026-05-07 13:55:41,SENS-JAKPUS,-6.1754,106.8272,0.0
2026-05-07 13:55:43,SENS-JAKSEL,-6.2615,106.8106,20.0
2026-05-07 13:55:47,SENS-JAKPUS,-6.1754,106.8272,18.0
2026-05-07 13:55:49,SENS-JAKSEL,-6.2615,106.8106,11.0
2026-05-07 13:55:53,SENS-JAKPUS,-6.1754,106.8272,8.0
2026-05-07 13:55:55,SENS-JAKSEL,-6.2615,106.8106,20.0
2026-05-07 13:55:59,SENS-JAKPUS,-6.1754,106.8272,20.0
2026-05-07 13:56:01,SENS-JAKSEL,-6.2615,106.8106,11.0
2026-05-07 13:56:05,SENS-JAKPUS,-6.1754,106.8272,16.0
2026-05-07 13:56:07,SENS-JAKSEL,-6.2615,106.8106,16.0
2026-05-07 13:56:11,SENS-JAKPUS,-6.1754,106.8272,5.0
2026-05-07 13:56:14,SENS-JAKSEL,-6.2615,106.8106,15.0
2026-05-07 13:56:19,SENS-JAKPUS,-6.1754,106.8272,17.0
2026-05-07 13:56:21,SENS-JAKSEL,-6.2615,106.8106,7.0
2026-05-07 13:56:25,SENS-JAKPUS,-6.1754,106.8272,1.0
2026-05-07 13:56:27,SENS-JAKSEL,-6.2615,106.8106,19.0
2026-05-07 13:56:31,SENS-JAKPUS,-6.1754,106.8272,14.0
2026-05-07 13:56:33,SENS-JAKSEL,-6.2615,106.8106,6.0
2026-05-07 13:56:37,SENS-JAKPUS,-6.1754,106.8272,92.0
2026-05-07 13:56:39,SENS-JAKSEL,-6.2615,106.8106,14.0
2026-05-07 13:56:43,SENS-JAKPUS,-6.1754,106.8272,14.0
2026-05-07 13:56:45,SENS-JAKSEL,-6.2615,106.8106,17.0
2026-05-07 13:56:49,SENS-JAKPUS,-6.1754,106.8272,7.0
2026-05-07 13:56:51,SENS-JAKSEL,-6.2615,106.8106,15.0
2026-05-07 13:56:55,SENS-JAKPUS,-6.1754,106.8272,99.0
2026-05-07 13:56:57,SENS-JAKSEL,-6.2615,106.8106,4.0
2026-05-07 13:57:01,SENS-JAKPUS,-6.1754,106.8272,1.0
2026-05-07 13:57:03,SENS-JAKSEL,-6.2615,106.8106,17.0
2026-05-07 13:57:07,SENS-JAKPUS,-6.1754,106.8272,69.0
2026-05-07 13:57:09,SENS-JAKSEL,-6.2615,106.8106,9.0
2026-05-07 13:57:13,SENS-JAKPUS,-6.1754,106.8272,18.0
2026-05-07 13:57:15,SENS-JAKSEL,-6.2615,106.8106,3.0
2026-05-07 13:57:19,SENS-JAKPUS,-6.1754,106.8272,18.0
2026-05-07 13:57:21,SENS-JAKSEL,-6.2615,106.8106,0.0
2026-05-07 13:57:25,SENS-JAKPUS,-6.1754,106.8272,4.0
2026-05-07 13:57:27,SENS-JAKSEL,-6.2615,106.8106,20.0
2026-05-07 13:57:31,SENS-JAKPUS,-6.1754,106.8272,4.0
2026-05-07 13:57:34,SENS-JAKSEL,-6.2615,106.8106,15.0
2026-05-07 13:57:38,SENS-JAKPUS,-6.1754,106.8272,87.0
2026-05-07 13:57:40,SENS-JAKSEL,-6.2615,106.8106,16.0
2026-05-07 13:58:40,SENS-JAKPUS,-6.1754,106.8272,13.0
2026-05-07 13:58:43,SENS-JAKSEL,-6.2615,106.8106,87.0
2026-05-07 13:58:47,SENS-JAKPUS,-6.1754,106.8272,0.0
2026-05-07 13:58:49,SENS-JAKSEL,-6.2615,106.8106,8.0
2026-05-07 13:58:53,SENS-JAKPUS,-6.1754,106.8272,12.0
2026-05-07 13:58:55,SENS-JAKSEL,-6.2615,106.8106,16.0
2026-05-07 13:58:59,SENS-JAKPUS,-6.1754,106.8272,17.0
2026-05-07 13:59:01,SENS-JAKSEL,-6.2615,106.8106,8.0
2026-05-07 13:59:05,SENS-JAKPUS,-6.1754,106.8272,99.0
2026-05-07 13:59:07,SENS-JAKSEL,-6.2615,106.8106,2.0
2026-05-07 13:59:11,SENS-JAKPUS,-6.1754,106.8272,71.0
2026-05-07 13:59:13,SENS-JAKSEL,-6.2615,106.8106,13.0
2026-05-07 13:59:17,SENS-JAKPUS,-6.1754,106.8272,11.0
2026-05-07 13:59:19,SENS-JAKSEL,-6.2615,106.8106,18.0
2026-05-07 13:59:23,SENS-JAKPUS,-6.1754,106.8272,6.0
2026-05-07 13:59:25,SENS-JAKSEL,-6.2615,106.8106,1.0
2026-05-07 13:59:29,SENS-JAKPUS,-6.1754,106.8272,19.0
2026-05-07 13:59:31,SENS-JAKSEL,-6.2615,106.8106,4.0
2026-05-07 13:59:35,SENS-JAKPUS,-6.1754,106.8272,0.0
2026-05-07 13:59:37,SENS-JAKSEL,-6.2615,106.8106,19.0
2026-05-07 14:00:40,SENS-JAKPUS,-6.1754,106.8272,2.0
2026-05-07 14:00:41,DUMMY-99,-6.2146,106.8451,0.0
2026-05-07 14:00:43,SENS-JAKSEL,-6.2615,106.8106,0.0
2026-05-07 14:00:44,DUMMY-99,-6.2146,106.8451,20.0
2026-05-07 14:00:47,SENS-JAKPUS,-6.1754,106.8272,1.0
2026-05-07 14:00:47,DUMMY-99,-6.2146,106.8451,20.0
2026-05-07 14:00:49,SENS-JAKSEL,-6.2615,106.8106,70.0
2026-05-07 14:00:50,DUMMY-99,-6.2146,106.8451,91.0
2026-05-07 14:00:53,SENS-JAKPUS,-6.1754,106.8272,19.0
2026-05-07 14:00:53,DUMMY-99,-6.2146,106.8451,11.0
2026-05-07 14:00:55,SENS-JAKSEL,-6.2615,106.8106,14.0
2026-05-07 14:00:56,DUMMY-99,-6.2146,106.8451,70.0
2026-05-07 14:00:59,SENS-JAKPUS,-6.1754,106.8272,89.0
2026-05-07 14:00:59,DUMMY-99,-6.2146,106.8451,54.0
2026-05-07 14:01:01,SENS-JAKSEL,-6.2615,106.8106,11.0
2026-05-07 14:01:02,DUMMY-99,-6.2146,106.8451,15.0
2026-05-07 14:01:06,SENS-JAKPUS,-6.1754,106.8272,79.0
2026-05-07 14:01:06,DUMMY-99,-6.2146,106.8451,90.0
2026-05-07 14:01:08,SENS-JAKSEL,-6.2615,106.8106,19.0
2026-05-07 14:01:08,DUMMY-99,-6.2146,106.8451,89.0
2026-05-07 14:01:12,DUMMY-99,-6.2146,106.8451,31.0
2026-05-07 14:01:12,SENS-JAKPUS,-6.1754,106.8272,3.0
2026-05-07 14:01:14,SENS-JAKSEL,-6.2615,106.8106,1.0
2026-05-07 14:01:15,DUMMY-99,-6.2146,106.8451,77.0
2026-05-07 14:01:18,DUMMY-99,-6.2146,106.8451,99.0
2026-05-07 14:01:18,SENS-JAKPUS,-6.1754,106.8272,18.0
2026-05-07 14:01:20,SENS-JAKSEL,-6.2615,106.8106,9.0
2026-05-07 14:01:22,DUMMY-99,-6.2146,106.8451,74.0
2026-05-07 14:01:24,DUMMY-99,-6.2146,106.8451,43.0
2026-05-07 14:01:24,SENS-JAKPUS,-6.1754,106.8272,69.0
2026-05-07 14:01:26,SENS-JAKSEL,-6.2615,106.8106,4.0
2026-05-07 14:01:27,DUMMY-99,-6.2146,106.8451,52.0
2026-05-07 14:01:30,DUMMY-99,-6.2146,106.8451,87.0
2026-05-07 14:01:30,SENS-JAKPUS,-6.1754,106.8272,3.0
2026-05-07 14:01:32,SENS-JAKSEL,-6.2615,106.8106,3.0
2026-05-07 14:01:34,DUMMY-99,-6.2146,106.8451,38.0
2026-05-07 14:01:36,DUMMY-99,-6.2146,106.8451,0.0
2026-05-07 14:01:36,SENS-JAKPUS,-6.1754,106.8272,0.0
2026-05-07 14:01:38,SENS-JAKSEL,-6.2615,106.8106,6.0
2026-05-07 14:01:39,DUMMY-99,-6.2146,106.8451,45.0
2026-05-07 14:01:42,DUMMY-99,-6.2146,106.8451,88.0
2026-05-07 14:01:42,SENS-JAKPUS,-6.1754,106.8272,14.0
2026-05-07 14:01:44,SENS-JAKSEL,-6.2615,106.8106,6.0
2026-05-07 14:01:46,DUMMY-99,-6.2146,106.8451,53.0
2026-05-07 14:01:48,DUMMY-99,-6.2146,106.8451,2.0
2026-05-07 14:01:48,SENS-JAKPUS,-6.1754,106.8272,5.0
2026-05-07 14:01:50,SENS-JAKSEL,-6.2615,106.8106,11.0
2026-05-07 14:01:51,DUMMY-99,-6.2146,106.8451,76.0
2026-05-07 14:01:54,DUMMY-99,-6.2146,106.8451,56.0
2026-05-07 14:01:54,SENS-JAKPUS,-6.1754,106.8272,11.0
2026-05-07 14:01:58,SENS-JAKSEL,-6.2615,106.8106,6.0
2026-05-07 14:01:58,DUMMY-99,-6.2146,106.8451,90.0
2026-05-07 14:02:02,DUMMY-99,-6.2146,106.8451,33.0
2026-05-07 14:02:02,SENS-JAKPUS,-6.1754,106.8272,10.0
2026-05-07 14:02:04,DUMMY-99,-6.2146,106.8451,34.0
2026-05-07 14:02:04,SENS-JAKSEL,-6.2615,106.8106,9.0
2026-05-07 14:02:07,DUMMY-99,-6.2146,106.8451,15.0
2026-05-07 14:02:08,SENS-JAKPUS,-6.1754,106.8272,1.0
2026-05-07 14:02:10,DUMMY-99,-6.2146,106.8451,38.0
2026-05-07 14:02:10,SENS-JAKSEL,-6.2615,106.8106,12.0
2026-05-07 14:02:14,DUMMY-99,-6.2146,106.8451,37.0
2026-05-07 14:02:14,SENS-JAKPUS,-6.1754,106.8272,3.0
2026-05-07 14:02:16,DUMMY-99,-6.2146,106.8451,71.0
2026-05-07 14:02:16,SENS-JAKSEL,-6.2615,106.8106,2.0
2026-05-07 14:02:19,DUMMY-99,-6.2146,106.8451,6.0
2026-05-07 14:02:20,SENS-JAKPUS,-6.1754,106.8272,1.0
2026-05-07 14:02:22,DUMMY-99,-6.2146,106.8451,90.0
2026-05-07 14:02:22,SENS-JAKSEL,-6.2615,106.8106,18.0
2026-05-07 14:02:26,DUMMY-99,-6.2146,106.8451,47.0
2026-05-07 14:02:26,SENS-JAKPUS,-6.1754,106.8272,9.0
2026-05-07 14:02:28,DUMMY-99,-6.2146,106.8451,92.0
2026-05-07 14:02:28,SENS-JAKSEL,-6.2615,106.8106,16.0
2026-05-07 14:02:31,DUMMY-99,-6.2146,106.8451,0.0
2026-05-07 14:02:32,SENS-JAKPUS,-6.1754,106.8272,7.0
2026-05-07 14:02:34,DUMMY-99,-6.2146,106.8451,31.0
2026-05-07 14:02:34,SENS-JAKSEL,-6.2615,106.8106,9.0
2026-05-07 14:02:38,DUMMY-99,-6.2146,106.8451,53.0
2026-05-07 14:02:39,SENS-JAKPUS,-6.1754,106.8272,1.0
2026-05-07 14:02:40,DUMMY-99,-6.2146,106.8451,33.0
2026-05-07 14:02:41,SENS-JAKSEL,-6.2615,106.8106,7.0
2026-05-07 14:02:43,DUMMY-99,-6.2146,106.8451,20.0
2026-05-07 14:02:45,SENS-JAKPUS,-6.1754,106.8272,16.0
2026-05-07 14:02:46,DUMMY-99,-6.2146,106.8451,28.0
2026-05-07 14:02:47,SENS-JAKSEL,-6.2615,106.8106,19.0
2026-05-07 14:02:50,DUMMY-99,-6.2146,106.8451,35.0
2026-05-07 14:02:51,SENS-JAKPUS,-6.1754,106.8272,6.0
2026-05-07 14:02:53,DUMMY-99,-6.2146,106.8451,75.0
2026-05-07 14:02:53,SENS-JAKSEL,-6.2615,106.8106,8.0
2026-05-07 14:02:56,DUMMY-99,-6.2146,106.8451,15.0
2026-05-07 14:02:57,SENS-JAKPUS,-6.1754,106.8272,13.0
2026-05-07 14:02:59,DUMMY-99,-6.2146,106.8451,31.0
2026-05-07 14:02:59,SENS-JAKSEL,-6.2615,106.8106,0.0
2026-05-07 14:03:02,DUMMY-99,-6.2146,106.8451,75.0
2026-05-07 14:03:03,SENS-JAKPUS,-6.1754,106.8272,16.0
2026-05-07 14:03:05,DUMMY-99,-6.2146,106.8451,80.0
2026-05-07 14:03:05,SENS-JAKSEL,-6.2615,106.8106,92.0
2026-05-07 14:03:08,DUMMY-99,-6.2146,106.8451,68.0
2026-05-07 14:03:09,SENS-JAKPUS,-6.1754,106.8272,7.0
2026-05-07 14:03:11,SENS-JAKSEL,-6.2615,106.8106,6.0
2026-05-07 14:03:11,DUMMY-99,-6.2146,106.8451,99.0
2026-05-07 14:03:15,DUMMY-99,-6.2146,106.8451,99.0
2026-05-07 14:03:15,SENS-JAKPUS,-6.1754,106.8272,18.0
2026-05-07 14:03:17,SENS-JAKSEL,-6.2615,106.8106,7.0
2026-05-07 14:03:18,DUMMY-99,-6.2146,106.8451,68.0
2026-05-07 14:03:20,DUMMY-99,-6.2146,106.8451,68.0
2026-05-07 14:03:21,SENS-JAKPUS,-6.1754,106.8272,19.0
2026-05-07 14:03:23,SENS-JAKSEL,-6.2615,106.8106,20.0
2026-05-07 14:03:23,DUMMY-99,-6.2146,106.8451,6.0
2026-05-07 14:03:26,DUMMY-99,-6.2146,106.8451,93.0
2026-05-07 14:03:27,SENS-JAKPUS,-6.1754,106.8272,0.0
2026-05-07 14:03:30,SENS-JAKSEL,-6.2615,106.8106,15.0
2026-05-07 14:03:30,DUMMY-99,-6.2146,106.8451,28.0
2026-05-07 14:03:32,DUMMY-99,-6.2146,106.8451,59.0
2026-05-07 14:03:35,SENS-JAKPUS,-6.1754,106.8272,20.0
2026-05-07 14:03:35,DUMMY-99,-6.2146,106.8451,94.0
2026-05-07 14:03:37,SENS-JAKSEL,-6.2615,106.8106,85.0
2026-05-07 14:03:39,DUMMY-99,-6.2146,106.8451,17.0
2026-05-07 14:03:41,SENS-JAKPUS,-6.1754,106.8272,5.0
2026-05-07 14:04:31,DUMMY-99,-6.2146,106.8451,31.0
2026-05-07 14:04:31,SENS-JAKSEL,-6.2615,106.8106,8.0
2026-05-07 14:04:31,DUMMY-99,-6.2146,106.8451,83.0
2026-05-07 14:04:31,DUMMY-99,-6.2146,106.8451,86.0
2026-05-07 14:04:31,DUMMY-99,-6.2146,106.8451,76.0
2026-05-07 14:04:34,DUMMY-99,-6.2146,106.8451,54.0
2026-05-07 14:04:35,SENS-JAKPUS,-6.1754,106.8272,5.0
2026-05-07 14:04:38,DUMMY-99,-6.2146,106.8451,50.0
2026-05-07 14:04:38,SENS-JAKSEL,-6.2615,106.8106,77.0
2026-05-07 14:04:40,DUMMY-99,-6.2146,106.8451,89.0
2026-05-07 14:04:42,SENS-JAKPUS,-6.1754,106.8272,67.0
2026-05-07 14:04:43,DUMMY-99,-6.2146,106.8451,15.0
2026-05-07 14:04:44,SENS-JAKSEL,-6.2615,106.8106,0.0
2026-05-07 14:04:46,DUMMY-99,-6.2146,106.8451,75.0
2026-05-07 14:04:48,SENS-JAKPUS,-6.1754,106.8272,18.0
2026-05-07 14:04:50,SENS-JAKSEL,-6.2615,106.8106,20.0
2026-05-07 14:04:52,DUMMY-99,-6.2146,106.8451,11.0
2026-05-07 14:04:54,SENS-JAKPUS,-6.1754,106.8272,19.0
2026-05-07 14:04:55,DUMMY-99,-6.2146,106.8451,5.0
2026-05-07 14:04:56,SENS-JAKSEL,-6.2615,106.8106,20.0
2026-05-07 14:04:58,DUMMY-99,-6.2146,106.8451,2.0
2026-05-07 14:05:00,SENS-JAKPUS,-6.1754,106.8272,14.0
2026-05-07 14:05:02,DUMMY-99,-6.2146,106.8451,19.0
2026-05-07 14:05:02,SENS-JAKSEL,-6.2615,106.8106,6.0
2026-05-07 14:05:04,DUMMY-99,-6.2146,106.8451,79.0
2026-05-07 14:05:06,SENS-JAKPUS,-6.1754,106.8272,0.0
2026-05-07 14:05:07,DUMMY-99,-6.2146,106.8451,66.0
2026-05-07 14:05:08,SENS-JAKSEL,-6.2615,106.8106,99.0
2026-05-07 14:05:10,DUMMY-99,-6.2146,106.8451,45.0
2026-05-07 14:05:12,SENS-JAKPUS,-6.1754,106.8272,14.0
2026-05-07 14:05:14,DUMMY-99,-6.2146,106.8451,50.0
2026-05-07 14:05:14,SENS-JAKSEL,-6.2615,106.8106,65.0
2026-05-07 14:05:18,DUMMY-99,-6.2146,106.8451,72.0
2026-05-07 14:05:18,SENS-JAKPUS,-6.1754,106.8272,3.0
2026-05-07 14:05:20,DUMMY-99,-6.2146,106.8451,13.0
2026-05-07 14:05:20,SENS-JAKSEL,-6.2615,106.8106,17.0
2026-05-07 14:05:23,DUMMY-99,-6.2146,106.8451,17.0
2026-05-07 14:05:24,SENS-JAKPUS,-6.1754,106.8272,13.0
2026-05-07 14:05:26,DUMMY-99,-6.2146,106.8451,80.0
2026-05-07 14:05:26,SENS-JAKSEL,-6.2615,106.8106,69.0
2026-05-07 14:05:30,DUMMY-99,-6.2146,106.8451,83.0
2026-05-07 14:05:30,SENS-JAKPUS,-6.1754,106.8272,6.0
2026-05-07 14:05:32,DUMMY-99,-6.2146,106.8451,29.0
2026-05-07 14:05:32,SENS-JAKSEL,-6.2615,106.8106,6.0
2026-05-07 14:05:35,DUMMY-99,-6.2146,106.8451,98.0
2026-05-07 14:05:36,SENS-JAKPUS,-6.1754,106.8272,11.0
2026-05-07 14:05:38,DUMMY-99,-6.2146,106.8451,72.0
2026-05-07 14:05:39,SENS-JAKSEL,-6.2615,106.8106,61.0
2026-05-07 14:05:41,DUMMY-99,-6.2146,106.8451,41.0
2026-05-07 14:05:43,SENS-JAKPUS,-6.1754,106.8272,1.0
2026-05-07 14:05:44,DUMMY-99,-6.2146,106.8451,84.0
2026-05-07 14:05:45,SENS-JAKSEL,-6.2615,106.8106,0.0
2026-05-07 14:05:47,DUMMY-99,-6.2146,106.8451,19.0
2026-05-07 14:05:49,SENS-JAKPUS,-6.1754,106.8272,14.0
2026-05-07 14:05:50,DUMMY-99,-6.2146,106.8451,90.0
2026-05-07 14:05:51,SENS-JAKSEL,-6.2615,106.8106,8.0
2026-05-07 14:05:54,DUMMY-99,-6.2146,106.8451,91.0
2026-05-07 14:05:55,SENS-JAKPUS,-6.1754,106.8272,88.0
2026-05-07 14:05:56,DUMMY-99,-6.2146,106.8451,5.0
2026-05-07 14:05:57,SENS-JAKSEL,-6.2615,106.8106,19.0
2026-05-07 14:05:59,DUMMY-99,-6.2146,106.8451,54.0
2026-05-07 14:06:01,SENS-JAKPUS,-6.1754,106.8272,15.0
2026-05-07 14:06:03,DUMMY-99,-6.2146,106.8451,98.0
2026-05-07 14:06:03,SENS-JAKSEL,-6.2615,106.8106,18.0
2026-05-07 14:06:06,DUMMY-99,-6.2146,106.8451,97.0
2026-05-07 14:06:07,SENS-JAKPUS,-6.1754,106.8272,6.0
2026-05-07 14:06:09,DUMMY-99,-6.2146,106.8451,82.0
2026-05-07 14:06:09,SENS-JAKSEL,-6.2615,106.8106,10.0
2026-05-07 14:06:12,DUMMY-99,-6.2146,106.8451,30.0
2026-05-07 14:06:13,SENS-JAKPUS,-6.1754,106.8272,20.0
2026-05-07 14:06:15,DUMMY-99,-6.2146,106.8451,11.0
2026-05-07 14:06:15,SENS-JAKSEL,-6.2615,106.8106,1.0
2026-05-07 14:06:18,DUMMY-99,-6.2146,106.8451,80.0
2026-05-07 14:06:19,SENS-JAKPUS,-6.1754,106.8272,8.0
2026-05-07 14:06:21,DUMMY-99,-6.2146,106.8451,7.0
2026-05-07 14:06:21,SENS-JAKSEL,-6.2615,106.8106,5.0
2026-05-07 14:06:24,DUMMY-99,-6.2146,106.8451,32.0
2026-05-07 14:06:26,SENS-JAKPUS,-6.1754,106.8272,1.0
2026-05-07 14:06:27,DUMMY-99,-6.2146,106.8451,7.0
2026-05-07 14:06:29,SENS-JAKSEL,-6.2615,106.8106,18.0
2026-05-07 14:06:30,DUMMY-99,-6.2146,106.8451,69.0
2026-05-07 14:06:33,SENS-JAKPUS,-6.1754,106.8272,15.0
2026-05-07 14:06:33,DUMMY-99,-6.2146,106.8451,92.0
2026-05-07 14:06:35,SENS-JAKSEL,-6.2615,106.8106,4.0
2026-05-07 14:06:36,DUMMY-99,-6.2146,106.8451,76.0
2026-05-07 14:06:39,SENS-JAKPUS,-6.1754,106.8272,15.0
2026-05-07 14:06:39,DUMMY-99,-6.2146,106.8451,18.0
2026-05-07 14:06:41,SENS-JAKSEL,-6.2615,106.8106,17.0
2026-05-07 14:07:40,DUMMY-99,-6.2146,106.8451,31.0
2026-05-07 14:07:40,SENS-JAKPUS,-6.1754,106.8272,15.0
2026-05-07 14:07:40,DUMMY-99,-6.2146,106.8451,33.0
2026-05-07 14:07:40,DUMMY-99,-6.2146,106.8451,46.0
2026-05-07 14:07:40,DUMMY-99,-6.2146,106.8451,87.0
2026-05-07 14:07:43,SENS-JAKSEL,-6.2615,106.8106,10.0
2026-05-07 14:07:44,DUMMY-99,-6.2146,106.8451,72.0
2026-05-07 14:07:47,DUMMY-99,-6.2146,106.8451,33.0
2026-05-07 14:07:47,SENS-JAKPUS,-6.1754,106.8272,17.0
2026-05-07 14:07:49,SENS-JAKSEL,-6.2615,106.8106,87.0
2026-05-07 14:07:50,DUMMY-99,-6.2146,106.8451,24.0
2026-05-07 14:07:53,DUMMY-99,-6.2146,106.8451,18.0
2026-05-07 14:07:53,SENS-JAKPUS,-6.1754,106.8272,99.0
2026-05-07 14:07:55,SENS-JAKSEL,-6.2615,106.8106,11.0
2026-05-07 14:07:56,DUMMY-99,-6.2146,106.8451,79.0
2026-05-07 14:07:59,DUMMY-99,-6.2146,106.8451,27.0
2026-05-07 14:07:59,SENS-JAKPUS,-6.1754,106.8272,14.0
2026-05-07 14:08:01,SENS-JAKSEL,-6.2615,106.8106,6.0
2026-05-07 14:08:02,DUMMY-99,-6.2146,106.8451,64.0
2026-05-07 14:08:05,DUMMY-99,-6.2146,106.8451,77.0
2026-05-07 14:08:05,SENS-JAKPUS,-6.1754,106.8272,17.0
2026-05-07 14:08:07,SENS-JAKSEL,-6.2615,106.8106,8.0
2026-05-07 14:08:08,DUMMY-99,-6.2146,106.8451,3.0
2026-05-07 14:08:11,DUMMY-99,-6.2146,106.8451,80.0
2026-05-07 14:08:11,SENS-JAKPUS,-6.1754,106.8272,14.0
2026-05-07 14:08:13,SENS-JAKSEL,-6.2615,106.8106,2.0
2026-05-07 14:08:14,DUMMY-99,-6.2146,106.8451,88.0
2026-05-07 14:08:17,DUMMY-99,-6.2146,106.8451,51.0
2026-05-07 14:08:17,SENS-JAKPUS,-6.1754,106.8272,3.0
2026-05-07 14:08:19,SENS-JAKSEL,-6.2615,106.8106,3.0
2026-05-07 14:08:20,DUMMY-99,-6.2146,106.8451,27.0
2026-05-07 14:08:23,DUMMY-99,-6.2146,106.8451,22.0
2026-05-07 14:08:23,SENS-JAKPUS,-6.1754,106.8272,10.0
2026-05-07 14:08:25,SENS-JAKSEL,-6.2615,106.8106,0.0
2026-05-07 14:08:26,DUMMY-99,-6.2146,106.8451,76.0
2026-05-07 14:08:29,DUMMY-99,-6.2146,106.8451,56.0
2026-05-07 14:08:29,SENS-JAKPUS,-6.1754,106.8272,85.0
2026-05-07 14:08:31,SENS-JAKSEL,-6.2615,106.8106,1.0
2026-05-07 14:08:33,DUMMY-99,-6.2146,106.8451,59.0
2026-05-07 14:08:35,SENS-JAKPUS,-6.1754,106.8272,1.0
2026-05-07 14:08:36,DUMMY-99,-6.2146,106.8451,67.0
2026-05-07 14:08:38,SENS-JAKSEL,-6.2615,106.8106,14.0
2026-05-07 14:08:39,DUMMY-99,-6.2146,106.8451,27.0
2026-05-07 14:09:40,SENS-JAKPUS,-6.1754,106.8272,2.0
2026-05-07 14:09:40,DUMMY-99,-6.2146,106.8451,25.0
2026-05-07 14:09:40,DUMMY-99,-6.2146,106.8451,20.0
2026-05-07 14:09:40,DUMMY-99,-6.2146,106.8451,1.0
2026-05-07 14:09:40,DUMMY-99,-6.2146,106.8451,50.0
2026-05-07 14:09:43,SENS-JAKSEL,-6.2615,106.8106,20.0
2026-05-07 14:09:43,DUMMY-99,-6.2146,106.8451,41.0
2026-05-07 14:09:46,DUMMY-99,-6.2146,106.8451,62.0
2026-05-07 14:09:47,SENS-JAKPUS,-6.1754,106.8272,7.0
2026-05-07 14:09:49,SENS-JAKSEL,-6.2615,106.8106,4.0
2026-05-07 14:09:49,DUMMY-99,-6.2146,106.8451,93.0
2026-05-07 14:09:52,DUMMY-99,-6.2146,106.8451,59.0
2026-05-07 14:09:53,SENS-JAKPUS,-6.1754,106.8272,18.0
2026-05-07 14:09:55,SENS-JAKSEL,-6.2615,106.8106,9.0
2026-05-07 14:09:55,DUMMY-99,-6.2146,106.8451,41.0
2026-05-07 14:09:58,DUMMY-99,-6.2146,106.8451,55.0
2026-05-07 14:09:59,SENS-JAKPUS,-6.1754,106.8272,9.0
2026-05-07 14:10:01,SENS-JAKSEL,-6.2615,106.8106,2.0
2026-05-07 14:10:01,DUMMY-99,-6.2146,106.8451,88.0
2026-05-07 14:10:04,DUMMY-99,-6.2146,106.8451,98.0
2026-05-07 14:10:05,SENS-JAKPUS,-6.1754,106.8272,60.0
2026-05-07 14:10:07,SENS-JAKSEL,-6.2615,106.8106,5.0
2026-05-07 14:10:07,DUMMY-99,-6.2146,106.8451,97.0
2026-05-07 14:10:11,DUMMY-99,-6.2146,106.8451,82.0
2026-05-07 14:10:11,SENS-JAKPUS,-6.1754,106.8272,3.0
2026-05-07 14:10:13,SENS-JAKSEL,-6.2615,106.8106,4.0
2026-05-07 14:10:14,DUMMY-99,-6.2146,106.8451,9.0
2026-05-07 14:10:17,DUMMY-99,-6.2146,106.8451,2.0
2026-05-07 14:10:17,SENS-JAKPUS,-6.1754,106.8272,17.0
2026-05-07 14:10:19,SENS-JAKSEL,-6.2615,106.8106,4.0
2026-05-07 14:10:20,DUMMY-99,-6.2146,106.8451,31.0
2026-05-07 14:10:23,SENS-JAKPUS,-6.1754,106.8272,79.0
2026-05-07 14:10:25,SENS-JAKSEL,-6.2615,106.8106,7.0
2026-05-07 14:10:26,DUMMY-99,-6.2146,106.8451,68.0
2026-05-07 14:10:29,DUMMY-99,-6.2146,106.8451,46.0
2026-05-07 14:10:29,SENS-JAKPUS,-6.1754,106.8272,6.0
2026-05-07 14:10:31,SENS-JAKSEL,-6.2615,106.8106,5.0
2026-05-07 14:10:32,DUMMY-99,-6.2146,106.8451,89.0
2026-05-07 14:10:35,DUMMY-99,-6.2146,106.8451,34.0
2026-05-07 14:10:35,SENS-JAKPUS,-6.1754,106.8272,100.0
2026-05-07 14:10:37,SENS-JAKSEL,-6.2615,106.8106,18.0
2026-05-07 14:10:38,DUMMY-99,-6.2146,106.8451,19.0
2026-05-07 14:11:40,SENS-JAKPUS,-6.1754,106.8272,4.0
2026-05-07 14:11:40,DUMMY-99,-6.2146,106.8451,19.0
2026-05-07 14:11:40,DUMMY-99,-6.2146,106.8451,67.0
2026-05-07 14:11:40,DUMMY-99,-6.2146,106.8451,76.0
2026-05-07 14:11:40,DUMMY-99,-6.2146,106.8451,42.0
2026-05-07 14:11:43,SENS-JAKSEL,-6.2615,106.8106,0.0
2026-05-07 14:11:47,SENS-JAKPUS,-6.1754,106.8272,3.0
2026-05-07 14:11:49,SENS-JAKSEL,-6.2615,106.8106,14.0
2026-05-07 14:11:53,SENS-JAKPUS,-6.1754,106.8272,6.0
2026-05-07 14:11:55,SENS-JAKSEL,-6.2615,106.8106,4.0
2026-05-07 14:11:59,SENS-JAKPUS,-6.1754,106.8272,8.0
2026-05-07 14:12:01,SENS-JAKSEL,-6.2615,106.8106,0.0
2026-05-07 14:12:05,SENS-JAKPUS,-6.1754,106.8272,15.0
2026-05-07 14:12:07,SENS-JAKSEL,-6.2615,106.8106,0.0
2026-05-07 14:12:11,SENS-JAKPUS,-6.1754,106.8272,4.0
2026-05-07 14:12:13,SENS-JAKSEL,-6.2615,106.8106,11.0
2026-05-07 14:12:17,SENS-JAKPUS,-6.1754,106.8272,18.0
2026-05-07 14:12:19,SENS-JAKSEL,-6.2615,106.8106,18.0
2026-05-07 14:12:23,SENS-JAKPUS,-6.1754,106.8272,97.0
2026-05-07 14:12:25,SENS-JAKSEL,-6.2615,106.8106,3.0
2026-05-07 14:12:29,SENS-JAKPUS,-6.1754,106.8272,16.0
2026-05-07 14:12:31,SENS-JAKSEL,-6.2615,106.8106,7.0
2026-05-07 14:12:35,SENS-JAKPUS,-6.1754,106.8272,98.0
2026-05-07 14:12:37,SENS-JAKSEL,-6.2615,106.8106,92.0
2026-05-07 14:13:40,SENS-JAKPUS,-6.1754,106.8272,19.0
2026-05-07 14:13:43,SENS-JAKSEL,-6.2615,106.8106,2.0
2026-05-07 14:13:47,SENS-JAKPUS,-6.1754,106.8272,6.0
2026-05-07 14:13:49,SENS-JAKSEL,-6.2615,106.8106,8.0
2026-05-07 14:13:53,SENS-JAKPUS,-6.1754,106.8272,20.0
2026-05-07 14:13:55,SENS-JAKSEL,-6.2615,106.8106,16.0
2026-05-07 14:13:59,SENS-JAKPUS,-6.1754,106.8272,13.0
2026-05-07 14:14:01,SENS-JAKSEL,-6.2615,106.8106,6.0
2026-05-07 14:14:05,SENS-JAKPUS,-6.1754,106.8272,16.0
2026-05-07 14:14:07,SENS-JAKSEL,-6.2615,106.8106,12.0
2026-05-07 14:14:11,SENS-JAKPUS,-6.1754,106.8272,19.0
2026-05-07 14:14:13,SENS-JAKSEL,-6.2615,106.8106,19.0
2026-05-07 14:14:17,SENS-JAKPUS,-6.1754,106.8272,75.0
2026-05-07 14:14:19,SENS-JAKSEL,-6.2615,106.8106,13.0
2026-05-07 14:14:23,SENS-JAKPUS,-6.1754,106.8272,15.0
2026-05-07 14:14:25,SENS-JAKSEL,-6.2615,106.8106,15.0
2026-05-07 14:14:29,SENS-JAKPUS,-6.1754,106.8272,16.0
2026-05-07 14:14:31,SENS-JAKSEL,-6.2615,106.8106,6.0
2026-05-07 14:14:35,SENS-JAKPUS,-6.1754,106.8272,5.0
2026-05-07 14:14:37,SENS-JAKSEL,-6.2615,106.8106,6.0
2026-05-07 14:15:40,SENS-JAKPUS,-6.1754,106.8272,0.0
2026-05-07 14:15:43,SENS-JAKSEL,-6.2615,106.8106,13.0
2026-05-07 14:15:47,SENS-JAKPUS,-6.1754,106.8272,8.0
2026-05-07 14:15:49,SENS-JAKSEL,-6.2615,106.8106,20.0
2026-05-07 14:15:53,SENS-JAKPUS,-6.1754,106.8272,99.0
2026-05-07 14:15:55,SENS-JAKSEL,-6.2615,106.8106,8.0
2026-05-07 14:15:59,SENS-JAKPUS,-6.1754,106.8272,14.0
2026-05-07 14:16:01,SENS-JAKSEL,-6.2615,106.8106,16.0
2026-05-07 14:16:05,SENS-JAKPUS,-6.1754,106.8272,19.0
2026-05-07 14:16:07,SENS-JAKSEL,-6.2615,106.8106,11.0
2026-05-07 14:16:11,SENS-JAKPUS,-6.1754,106.8272,8.0
2026-05-07 14:16:13,SENS-JAKSEL,-6.2615,106.8106,18.0
2026-05-07 14:16:17,SENS-JAKPUS,-6.1754,106.8272,18.0
2026-05-07 14:16:19,SENS-JAKSEL,-6.2615,106.8106,10.0
2026-05-07 14:16:23,SENS-JAKPUS,-6.1754,106.8272,19.0
2026-05-07 14:16:25,SENS-JAKSEL,-6.2615,106.8106,2.0
2026-05-07 14:16:29,SENS-JAKPUS,-6.1754,106.8272,18.0
2026-05-07 14:16:31,SENS-JAKSEL,-6.2615,106.8106,99.0
2026-05-07 14:16:35,SENS-JAKPUS,-6.1754,106.8272,13.0
2026-05-07 14:16:37,SENS-JAKSEL,-6.2615,106.8106,9.0
2026-05-07 14:17:40,SENS-JAKPUS,-6.1754,106.8272,73.0
2026-05-07 14:17:43,SENS-JAKSEL,-6.2615,106.8106,14.0
2026-05-07 14:17:47,SENS-JAKPUS,-6.1754,106.8272,13.0
2026-05-07 14:17:49,SENS-JAKSEL,-6.2615,106.8106,13.0
2026-05-07 14:17:53,SENS-JAKPUS,-6.1754,106.8272,6.0
2026-05-07 14:17:55,SENS-JAKSEL,-6.2615,106.8106,11.0
2026-05-07 14:17:59,SENS-JAKPUS,-6.1754,106.8272,4.0
2026-05-07 14:18:02,SENS-JAKSEL,-6.2615,106.8106,13.0
2026-05-07 14:18:06,SENS-JAKPUS,-6.1754,106.8272,12.0
2026-05-07 14:18:08,SENS-JAKSEL,-6.2615,106.8106,12.0
2026-05-07 14:18:12,SENS-JAKPUS,-6.1754,106.8272,5.0
2026-05-07 14:18:14,SENS-JAKSEL,-6.2615,106.8106,1.0
2026-05-07 14:18:18,SENS-JAKPUS,-6.1754,106.8272,19.0
2026-05-07 14:18:20,SENS-JAKSEL,-6.2615,106.8106,73.0
2026-05-07 14:18:24,SENS-JAKPUS,-6.1754,106.8272,1.0
2026-05-07 14:18:26,SENS-JAKSEL,-6.2615,106.8106,0.0
2026-05-07 14:18:30,SENS-JAKPUS,-6.1754,106.8272,18.0
2026-05-07 14:18:32,SENS-JAKSEL,-6.2615,106.8106,9.0
2026-05-07 14:18:36,SENS-JAKPUS,-6.1754,106.8272,20.0
2026-05-07 14:18:38,SENS-JAKSEL,-6.2615,106.8106,8.0
2026-05-07 14:18:42,SENS-JAKPUS,-6.1754,106.8272,17.0
2026-05-07 14:18:44,SENS-JAKSEL,-6.2615,106.8106,11.0
2026-05-07 14:18:48,SENS-JAKPUS,-6.1754,106.8272,20.0
2026-05-07 14:18:50,SENS-JAKSEL,-6.2615,106.8106,20.0
2026-05-07 14:18:55,SENS-JAKPUS,-6.1754,106.8272,15.0
2026-05-07 14:18:58,SENS-JAKSEL,-6.2615,106.8106,10.0
2026-05-07 14:19:02,SENS-JAKPUS,-6.1754,106.8272,14.0
2026-05-07 14:19:04,SENS-JAKSEL,-6.2615,106.8106,14.0
2026-05-07 14:19:08,SENS-JAKPUS,-6.1754,106.8272,7.0
2026-05-07 14:19:10,SENS-JAKSEL,-6.2615,106.8106,7.0
2026-05-07 14:19:14,SENS-JAKPUS,-6.1754,106.8272,0.0
2026-05-07 14:19:16,SENS-JAKSEL,-6.2615,106.8106,9.0
2026-05-07 14:19:20,SENS-JAKPUS,-6.1754,106.8272,67.0
2026-05-07 14:19:22,SENS-JAKSEL,-6.2615,106.8106,1.0
2026-05-07 14:19:26,SENS-JAKPUS,-6.1754,106.8272,0.0
2026-05-07 14:19:28,SENS-JAKSEL,-6.2615,106.8106,9.0
2026-05-07 14:19:32,SENS-JAKPUS,-6.1754,106.8272,16.0
2026-05-07 14:19:34,SENS-JAKSEL,-6.2615,106.8106,12.0
2026-05-07 14:19:38,SENS-JAKPUS,-6.1754,106.8272,7.0
2026-05-07 14:19:40,SENS-JAKSEL,-6.2615,106.8106,19.0
2026-05-07 14:19:44,SENS-JAKPUS,-6.1754,106.8272,11.0
2026-05-07 14:19:46,SENS-JAKSEL,-6.2615,106.8106,15.0
2026-05-07 14:19:50,SENS-JAKPUS,-6.1754,106.8272,13.0
2026-05-07 14:19:52,SENS-JAKSEL,-6.2615,106.8106,17.0
2026-05-07 14:19:58,SENS-JAKPUS,-6.1754,106.8272,94.0
2026-05-07 14:20:00,SENS-JAKSEL,-6.2615,106.8106,15.0
2026-05-07 14:20:04,SENS-JAKPUS,-6.1754,106.8272,13.0
2026-05-07 14:20:06,SENS-JAKSEL,-6.2615,106.8106,15.0
2026-05-07 14:20:10,SENS-JAKPUS,-6.1754,106.8272,16.0
2026-05-07 14:20:12,SENS-JAKSEL,-6.2615,106.8106,16.0
2026-05-07 14:20:16,SENS-JAKPUS,-6.1754,106.8272,19.0
2026-05-07 14:20:18,SENS-JAKSEL,-6.2615,106.8106,5.0
2026-05-07 14:20:22,SENS-JAKPUS,-6.1754,106.8272,12.0
2026-05-07 14:20:25,SENS-JAKSEL,-6.2615,106.8106,89.0
2026-05-07 14:20:29,SENS-JAKPUS,-6.1754,106.8272,5.0
2026-05-07 14:20:31,SENS-JAKSEL,-6.2615,106.8106,18.0
2026-05-07 14:20:35,SENS-JAKPUS,-6.1754,106.8272,3.0
2026-05-07 14:20:37,SENS-JAKSEL,-6.2615,106.8106,16.0
2026-05-07 14:20:41,SENS-JAKPUS,-6.1754,106.8272,19.0
2026-05-07 14:20:43,SENS-JAKSEL,-6.2615,106.8106,19.0
2026-05-07 14:20:47,SENS-JAKPUS,-6.1754,106.8272,70.0
2026-05-07 14:20:49,SENS-JAKSEL,-6.2615,106.8106,19.0
2026-05-07 14:20:53,SENS-JAKPUS,-6.1754,106.8272,13.0
2026-05-07 14:20:55,SENS-JAKSEL,-6.2615,106.8106,15.0
2026-05-07 14:20:59,SENS-JAKPUS,-6.1754,106.8272,6.0
2026-05-07 14:21:01,SENS-JAKSEL,-6.2615,106.8106,18.0
2026-05-07 14:21:05,SENS-JAKPUS,-6.1754,106.8272,6.0
2026-05-07 14:21:07,SENS-JAKSEL,-6.2615,106.8106,17.0
2026-05-07 14:21:11,SENS-JAKPUS,-6.1754,106.8272,2.0
2026-05-07 14:21:13,SENS-JAKSEL,-6.2615,106.8106,20.0
2026-05-07 14:21:40,SENS-JAKPUS,-6.1754,106.8272,14.0
2026-05-07 14:21:43,SENS-JAKSEL,-6.2615,106.8106,11.0
2026-05-07 14:21:47,SENS-JAKPUS,-6.1754,106.8272,19.0
2026-05-07 14:21:49,SENS-JAKSEL,-6.2615,106.8106,68.0
2026-05-07 14:21:53,SENS-JAKPUS,-6.1754,106.8272,11.0
2026-05-07 14:21:55,SENS-JAKSEL,-6.2615,106.8106,15.0
2026-05-07 14:21:59,SENS-JAKPUS,-6.1754,106.8272,12.0
2026-05-07 14:22:01,SENS-JAKSEL,-6.2615,106.8106,18.0
2026-05-07 14:22:05,SENS-JAKPUS,-6.1754,106.8272,20.0
2026-05-07 14:22:07,SENS-JAKSEL,-6.2615,106.8106,0.0
2026-05-07 14:22:11,SENS-JAKPUS,-6.1754,106.8272,10.0
2026-05-07 14:22:13,SENS-JAKSEL,-6.2615,106.8106,17.0
2026-05-07 14:22:17,SENS-JAKPUS,-6.1754,106.8272,16.0
2026-05-07 14:22:19,SENS-JAKSEL,-6.2615,106.8106,1.0
2026-05-07 14:22:23,SENS-JAKPUS,-6.1754,106.8272,66.0
2026-05-07 14:22:25,SENS-JAKSEL,-6.2615,106.8106,2.0
2026-05-07 14:22:29,SENS-JAKPUS,-6.1754,106.8272,20.0
2026-05-07 14:22:31,SENS-JAKSEL,-6.2615,106.8106,6.0
2026-05-07 14:22:35,SENS-JAKPUS,-6.1754,106.8272,19.0
2026-05-07 14:22:37,SENS-JAKSEL,-6.2615,106.8106,5.0
2026-05-07 14:23:40,SENS-JAKPUS,-6.1754,106.8272,4.0
2026-05-07 14:23:40,DUMMY-99,-6.2146,106.8451,1.0
2026-05-07 14:23:41,DUMMY-99,-6.2146,106.8451,18.0
2026-05-07 14:23:42,DUMMY-99,-6.2146,106.8451,77.0
2026-05-07 14:23:43,SENS-JAKSEL,-6.2615,106.8106,12.0
2026-05-07 14:23:45,DUMMY-99,-6.2146,106.8451,7.0
2026-05-07 14:23:47,DUMMY-99,-6.2146,106.8451,20.0
2026-05-07 14:23:47,SENS-JAKPUS,-6.1754,106.8272,15.0
2026-05-07 14:23:49,DUMMY-99,-6.2146,106.8451,21.0
2026-05-07 14:23:49,SENS-JAKSEL,-6.2615,106.8106,7.0
2026-05-07 14:23:50,DUMMY-99,-6.2146,106.8451,8.0
2026-05-07 14:23:53,DUMMY-99,-6.2146,106.8451,12.0
2026-05-07 14:23:53,SENS-JAKPUS,-6.1754,106.8272,5.0
2026-05-07 14:23:55,DUMMY-99,-6.2146,106.8451,28.0
2026-05-07 14:23:55,SENS-JAKSEL,-6.2615,106.8106,13.0
2026-05-07 14:23:56,DUMMY-99,-6.2146,106.8451,23.0
2026-05-07 14:23:59,DUMMY-99,-6.2146,106.8451,14.0
2026-05-07 14:23:59,SENS-JAKPUS,-6.1754,106.8272,17.0
2026-05-07 14:24:00,DUMMY-99,-6.2146,106.8451,1.0
2026-05-07 14:24:01,SENS-JAKSEL,-6.2615,106.8106,15.0
2026-05-07 14:24:03,DUMMY-99,-6.2146,106.8451,82.0
2026-05-07 14:24:05,DUMMY-99,-6.2146,106.8451,20.0
2026-05-07 14:24:05,SENS-JAKPUS,-6.1754,106.8272,70.0
2026-05-07 14:24:06,DUMMY-99,-6.2146,106.8451,29.0
2026-05-07 14:24:07,SENS-JAKSEL,-6.2615,106.8106,8.0
2026-05-07 14:24:09,DUMMY-99,-6.2146,106.8451,23.0
2026-05-07 14:24:10,DUMMY-99,-6.2146,106.8451,1.0
2026-05-07 14:24:11,SENS-JAKPUS,-6.1754,106.8272,17.0
2026-05-07 14:24:13,DUMMY-99,-6.2146,106.8451,22.0
2026-05-07 14:24:13,SENS-JAKSEL,-6.2615,106.8106,12.0
2026-05-07 14:24:14,DUMMY-99,-6.2146,106.8451,95.0
2026-05-07 14:24:17,DUMMY-99,-6.2146,106.8451,11.0
2026-05-07 14:24:17,SENS-JAKPUS,-6.1754,106.8272,8.0
2026-05-07 14:24:19,DUMMY-99,-6.2146,106.8451,10.0
2026-05-07 14:24:19,SENS-JAKSEL,-6.2615,106.8106,3.0
2026-05-07 14:24:20,DUMMY-99,-6.2146,106.8451,27.0
2026-05-07 14:24:23,DUMMY-99,-6.2146,106.8451,3.0
2026-05-07 14:24:23,SENS-JAKPUS,-6.1754,106.8272,11.0
2026-05-07 14:24:25,DUMMY-99,-6.2146,106.8451,23.0
2026-05-07 14:24:25,SENS-JAKSEL,-6.2615,106.8106,10.0
2026-05-07 14:24:27,DUMMY-99,-6.2146,106.8451,26.0
2026-05-07 14:24:29,DUMMY-99,-6.2146,106.8451,23.0
2026-05-07 14:24:29,SENS-JAKPUS,-6.1754,106.8272,14.0
2026-05-07 14:24:30,DUMMY-99,-6.2146,106.8451,29.0
2026-05-07 14:24:31,SENS-JAKSEL,-6.2615,106.8106,9.0
2026-05-07 14:24:33,DUMMY-99,-6.2146,106.8451,18.0
2026-05-07 14:24:34,DUMMY-99,-6.2146,106.8451,26.0
2026-05-07 14:24:35,SENS-JAKPUS,-6.1754,106.8272,69.0
2026-05-07 14:24:36,DUMMY-99,-6.2146,106.8451,17.0
2026-05-07 14:24:37,SENS-JAKSEL,-6.2615,106.8106,19.0
2026-05-07 14:24:38,DUMMY-99,-6.2146,106.8451,1.0
2026-05-07 14:24:41,DUMMY-99,-6.2146,106.8451,14.0
2026-05-07 14:24:55,SENS-JAKPUS,-6.1754,106.8272,8.0
2026-05-07 14:24:55,DUMMY-99,-6.2146,106.8451,74.0
2026-05-07 14:24:55,DUMMY-99,-6.2146,106.8451,3.0
2026-05-07 14:24:55,DUMMY-99,-6.2146,106.8451,78.0
2026-05-07 14:24:57,DUMMY-99,-6.2146,106.8451,22.0
2026-05-07 14:24:58,SENS-JAKSEL,-6.2615,106.8106,7.0
2026-05-07 14:24:59,DUMMY-99,-6.2146,106.8451,16.0
2026-05-07 14:25:01,DUMMY-99,-6.2146,106.8451,1.0
2026-05-07 14:25:02,SENS-JAKPUS,-6.1754,106.8272,15.0
2026-05-07 14:25:02,DUMMY-99,-6.2146,106.8451,94.0
2026-05-07 14:25:04,SENS-JAKSEL,-6.2615,106.8106,85.0
2026-05-07 14:25:04,DUMMY-99,-6.2146,106.8451,90.0
2026-05-07 14:25:06,DUMMY-99,-6.2146,106.8451,15.0
2026-05-07 14:25:08,SENS-JAKPUS,-6.1754,106.8272,4.0
2026-05-07 14:25:09,DUMMY-99,-6.2146,106.8451,3.0
2026-05-07 14:25:10,SENS-JAKSEL,-6.2615,106.8106,17.0
2026-05-07 14:25:10,DUMMY-99,-6.2146,106.8451,4.0
2026-05-07 14:25:12,DUMMY-99,-6.2146,106.8451,29.0
2026-05-07 14:25:14,SENS-JAKPUS,-6.1754,106.8272,80.0
2026-05-07 14:25:14,DUMMY-99,-6.2146,106.8451,3.0
2026-05-07 14:25:16,SENS-JAKSEL,-6.2615,106.8106,17.0
2026-05-07 14:25:17,DUMMY-99,-6.2146,106.8451,25.0
2026-05-07 14:25:19,DUMMY-99,-6.2146,106.8451,57.0
2026-05-07 14:25:20,SENS-JAKPUS,-6.1754,106.8272,1.0
2026-05-07 14:25:20,DUMMY-99,-6.2146,106.8451,17.0
2026-05-07 14:25:22,SENS-JAKSEL,-6.2615,106.8106,9.0
2026-05-07 14:25:22,DUMMY-99,-6.2146,106.8451,20.0
2026-05-07 14:25:25,DUMMY-99,-6.2146,106.8451,8.0
2026-05-07 14:25:26,SENS-JAKPUS,-6.1754,106.8272,10.0
2026-05-07 14:25:27,DUMMY-99,-6.2146,106.8451,1.0
2026-05-07 14:25:28,SENS-JAKSEL,-6.2615,106.8106,11.0
2026-05-07 14:25:29,DUMMY-99,-6.2146,106.8451,2.0
2026-05-07 14:25:30,DUMMY-99,-6.2146,106.8451,2.0
2026-05-07 14:25:32,SENS-JAKPUS,-6.1754,106.8272,11.0
2026-05-07 14:25:33,DUMMY-99,-6.2146,106.8451,19.0
2026-05-07 14:25:34,SENS-JAKSEL,-6.2615,106.8106,18.0
2026-05-07 14:25:35,DUMMY-99,-6.2146,106.8451,16.0
2026-05-07 14:25:36,DUMMY-99,-6.2146,106.8451,23.0
2026-05-07 14:25:38,SENS-JAKPUS,-6.1754,106.8272,9.0
2026-05-07 14:25:39,DUMMY-99,-6.2146,106.8451,80.0
2026-05-07 14:25:40,SENS-JAKSEL,-6.2615,106.8106,1.0
2026-05-07 14:25:41,DUMMY-99,-6.2146,106.8451,6.0
2026-05-07 14:25:43,DUMMY-99,-6.2146,106.8451,8.0
2026-05-07 14:25:44,SENS-JAKPUS,-6.1754,106.8272,9.0
2026-05-07 14:25:44,DUMMY-99,-6.2146,106.8451,10.0
2026-05-07 14:25:46,DUMMY-99,-6.2146,106.8451,14.0
2026-05-07 14:25:46,SENS-JAKSEL,-6.2615,106.8106,2.0
2026-05-07 14:25:49,DUMMY-99,-6.2146,106.8451,3.0
2026-05-07 14:25:51,DUMMY-99,-6.2146,106.8451,12.0
2026-05-07 14:25:51,SENS-JAKPUS,-6.1754,106.8272,19.0
2026-05-07 14:25:53,DUMMY-99,-6.2146,106.8451,23.0
2026-05-07 14:25:54,SENS-JAKSEL,-6.2615,106.8106,18.0
2026-05-07 14:25:55,DUMMY-99,-6.2146,106.8451,16.0
2026-05-07 14:25:57,DUMMY-99,-6.2146,106.8451,7.0
2026-05-07 14:25:58,SENS-JAKPUS,-6.1754,106.8272,9.0
2026-05-07 14:25:59,DUMMY-99,-6.2146,106.8451,21.0
2026-05-07 14:26:00,SENS-JAKSEL,-6.2615,106.8106,7.0
2026-05-07 14:26:01,DUMMY-99,-6.2146,106.8451,5.0
2026-05-07 14:26:03,DUMMY-99,-6.2146,106.8451,5.0
2026-05-07 14:26:04,SENS-JAKPUS,-6.1754,106.8272,3.0
2026-05-07 14:26:04,DUMMY-99,-6.2146,106.8451,28.0
2026-05-07 14:26:06,SENS-JAKSEL,-6.2615,106.8106,7.0
2026-05-07 14:26:06,DUMMY-99,-6.2146,106.8451,28.0
2026-05-07 14:26:09,DUMMY-99,-6.2146,106.8451,1.0
2026-05-07 14:26:10,SENS-JAKPUS,-6.1754,106.8272,3.0
2026-05-07 14:26:10,DUMMY-99,-6.2146,106.8451,22.0
2026-05-07 14:26:12,SENS-JAKSEL,-6.2615,106.8106,7.0
2026-05-07 14:26:12,DUMMY-99,-6.2146,106.8451,14.0
2026-05-07 14:26:14,DUMMY-99,-6.2146,106.8451,28.0
2026-05-07 14:26:16,SENS-JAKPUS,-6.1754,106.8272,10.0
2026-05-07 14:26:16,DUMMY-99,-6.2146,106.8451,28.0
2026-05-07 14:26:18,SENS-JAKSEL,-6.2615,106.8106,6.0
2026-05-07 14:26:19,DUMMY-99,-6.2146,106.8451,18.0
2026-05-07 14:26:21,DUMMY-99,-6.2146,106.8451,7.0
2026-05-07 14:26:22,SENS-JAKPUS,-6.1754,106.8272,8.0
2026-05-07 14:26:23,DUMMY-99,-6.2146,106.8451,13.0
2026-05-07 14:26:24,SENS-JAKSEL,-6.2615,106.8106,13.0
2026-05-07 14:26:24,DUMMY-99,-6.2146,106.8451,5.0
2026-05-07 14:26:27,DUMMY-99,-6.2146,106.8451,6.0
2026-05-07 14:26:28,SENS-JAKPUS,-6.1754,106.8272,6.0
2026-05-07 14:26:29,DUMMY-99,-6.2146,106.8451,25.0
2026-05-07 14:26:30,SENS-JAKSEL,-6.2615,106.8106,3.0
2026-05-07 14:26:30,DUMMY-99,-6.2146,106.8451,13.0
2026-05-07 14:26:33,DUMMY-99,-6.2146,106.8451,9.0
2026-05-07 14:26:35,DUMMY-99,-6.2146,106.8451,13.0
2026-05-07 14:26:35,SENS-JAKPUS,-6.1754,106.8272,5.0
2026-05-07 14:26:37,DUMMY-99,-6.2146,106.8451,14.0
2026-05-07 14:26:38,SENS-JAKSEL,-6.2615,106.8106,20.0
2026-05-07 14:26:38,DUMMY-99,-6.2146,106.8451,2.0
2026-05-07 14:26:41,DUMMY-99,-6.2146,106.8451,27.0
2026-05-07 14:26:42,SENS-JAKPUS,-6.1754,106.8272,10.0
2026-05-07 14:26:43,DUMMY-99,-6.2146,106.8451,6.0
2026-05-07 14:26:44,SENS-JAKSEL,-6.2615,106.8106,1.0
2026-05-07 14:26:45,DUMMY-99,-6.2146,106.8451,18.0
2026-05-07 14:26:46,DUMMY-99,-6.2146,106.8451,22.0
2026-05-07 14:26:48,SENS-JAKPUS,-6.1754,106.8272,4.0
2026-05-07 14:26:49,DUMMY-99,-6.2146,106.8451,5.0
2026-05-07 14:26:50,SENS-JAKSEL,-6.2615,106.8106,16.0
2026-05-07 14:26:51,DUMMY-99,-6.2146,106.8451,11.0
2026-05-07 14:26:52,DUMMY-99,-6.2146,106.8451,28.0
2026-05-07 14:26:54,SENS-JAKPUS,-6.1754,106.8272,18.0
2026-05-07 14:26:54,DUMMY-99,-6.2146,106.8451,0.0
2026-05-07 14:26:56,SENS-JAKSEL,-6.2615,106.8106,14.0
2026-05-07 14:26:56,DUMMY-99,-6.2146,106.8451,11.0
2026-05-07 14:26:58,DUMMY-99,-6.2146,106.8451,12.0
2026-05-07 14:27:00,SENS-JAKPUS,-6.1754,106.8272,77.0
2026-05-07 14:27:01,DUMMY-99,-6.2146,106.8451,6.0
2026-05-07 14:27:02,SENS-JAKSEL,-6.2615,106.8106,12.0
2026-05-07 14:27:03,DUMMY-99,-6.2146,106.8451,28.0
2026-05-07 14:27:04,DUMMY-99,-6.2146,106.8451,5.0
2026-05-07 14:27:06,SENS-JAKPUS,-6.1754,106.8272,15.0
2026-05-07 14:27:06,DUMMY-99,-6.2146,106.8451,13.0
2026-05-07 14:27:08,SENS-JAKSEL,-6.2615,106.8106,20.0
2026-05-07 14:27:09,DUMMY-99,-6.2146,106.8451,4.0
2026-05-07 14:27:10,DUMMY-99,-6.2146,106.8451,6.0
2026-05-07 14:27:12,SENS-JAKPUS,-6.1754,106.8272,18.0
2026-05-07 14:27:12,DUMMY-99,-6.2146,106.8451,22.0
2026-05-07 14:27:14,SENS-JAKSEL,-6.2615,106.8106,10.0
2026-05-07 14:27:15,DUMMY-99,-6.2146,106.8451,29.0
2026-05-07 14:27:17,DUMMY-99,-6.2146,106.8451,89.0
2026-05-07 14:27:18,SENS-JAKPUS,-6.1754,106.8272,9.0
2026-05-07 14:27:18,DUMMY-99,-6.2146,106.8451,12.0
2026-05-07 14:27:21,DUMMY-99,-6.2146,106.8451,8.0
2026-05-07 14:27:21,SENS-JAKSEL,-6.2615,106.8106,13.0
2026-05-07 14:27:22,DUMMY-99,-6.2146,106.8451,3.0
2026-05-07 14:27:25,DUMMY-99,-6.2146,106.8451,26.0
2026-05-07 14:27:26,SENS-JAKPUS,-6.1754,106.8272,5.0
2026-05-07 14:27:27,DUMMY-99,-6.2146,106.8451,26.0
2026-05-07 14:27:28,SENS-JAKSEL,-6.2615,106.8106,16.0
2026-05-07 14:27:29,DUMMY-99,-6.2146,106.8451,21.0
2026-05-07 14:27:31,DUMMY-99,-6.2146,106.8451,19.0
2026-05-07 14:27:32,SENS-JAKPUS,-6.1754,106.8272,0.0
2026-05-07 14:27:33,DUMMY-99,-6.2146,106.8451,15.0
2026-05-07 14:27:34,SENS-JAKSEL,-6.2615,106.8106,13.0
2026-05-07 14:27:34,DUMMY-99,-6.2146,106.8451,23.0
2026-05-07 14:27:36,DUMMY-99,-6.2146,106.8451,19.0
2026-05-07 14:27:38,SENS-JAKPUS,-6.1754,106.8272,18.0
2026-05-07 14:27:38,DUMMY-99,-6.2146,106.8451,6.0
2026-05-07 14:27:40,SENS-JAKSEL,-6.2615,106.8106,19.0
2026-05-07 14:27:41,DUMMY-99,-6.2146,106.8451,20.0
2026-05-07 14:27:43,DUMMY-99,-6.2146,106.8451,24.0
2026-05-07 14:27:44,SENS-JAKPUS,-6.1754,106.8272,0.0
2026-05-07 14:27:44,DUMMY-99,-6.2146,106.8451,15.0
2026-05-07 14:27:46,SENS-JAKSEL,-6.2615,106.8106,13.0
2026-05-07 14:27:46,DUMMY-99,-6.2146,106.8451,24.0
2026-05-07 14:27:49,DUMMY-99,-6.2146,106.8451,3.0
2026-05-07 14:27:50,SENS-JAKPUS,-6.1754,106.8272,16.0
2026-05-07 14:27:51,DUMMY-99,-6.2146,106.8451,0.0
2026-05-07 14:27:52,SENS-JAKSEL,-6.2615,106.8106,94.0
2026-05-07 14:27:52,DUMMY-99,-6.2146,106.8451,74.0
2026-05-07 14:27:54,DUMMY-99,-6.2146,106.8451,3.0
2026-05-07 14:27:56,SENS-JAKPUS,-6.1754,106.8272,75.0
2026-05-07 14:27:56,DUMMY-99,-6.2146,106.8451,25.0
2026-05-07 14:27:58,SENS-JAKSEL,-6.2615,106.8106,14.0
2026-05-07 14:27:58,DUMMY-99,-6.2146,106.8451,80.0
2026-05-07 14:28:00,DUMMY-99,-6.2146,106.8451,0.0
2026-05-07 14:28:02,SENS-JAKPUS,-6.1754,106.8272,20.0
2026-05-07 14:28:02,DUMMY-99,-6.2146,106.8451,24.0
2026-05-07 14:28:04,SENS-JAKSEL,-6.2615,106.8106,6.0
2026-05-07 14:28:05,DUMMY-99,-6.2146,106.8451,9.0
2026-05-07 14:28:07,DUMMY-99,-6.2146,106.8451,0.0
2026-05-07 14:28:08,SENS-JAKPUS,-6.1754,106.8272,17.0
2026-05-07 14:28:08,DUMMY-99,-6.2146,106.8451,24.0
2026-05-07 14:28:10,DUMMY-99,-6.2146,106.8451,5.0
2026-05-07 14:28:10,SENS-JAKSEL,-6.2615,106.8106,6.0
2026-05-07 14:28:12,DUMMY-99,-6.2146,106.8451,20.0
2026-05-07 14:28:15,DUMMY-99,-6.2146,106.8451,13.0
2026-05-07 14:28:15,SENS-JAKPUS,-6.1754,106.8272,20.0
2026-05-07 14:28:16,DUMMY-99,-6.2146,106.8451,85.0
2026-05-07 14:28:18,SENS-JAKSEL,-6.2615,106.8106,10.0
2026-05-07 14:28:19,DUMMY-99,-6.2146,106.8451,29.0
2026-05-07 14:28:20,DUMMY-99,-6.2146,106.8451,6.0
2026-05-07 14:28:22,SENS-JAKPUS,-6.1754,106.8272,2.0
2026-05-07 14:28:23,DUMMY-99,-6.2146,106.8451,22.0
2026-05-07 14:28:24,SENS-JAKSEL,-6.2615,106.8106,11.0
2026-05-07 14:28:24,DUMMY-99,-6.2146,106.8451,28.0
2026-05-07 14:28:27,DUMMY-99,-6.2146,106.8451,24.0
2026-05-07 14:28:28,SENS-JAKPUS,-6.1754,106.8272,0.0
2026-05-07 14:28:29,DUMMY-99,-6.2146,106.8451,14.0
2026-05-07 14:28:30,SENS-JAKSEL,-6.2615,106.8106,13.0
2026-05-07 14:28:31,DUMMY-99,-6.2146,106.8451,9.0
2026-05-07 14:28:33,DUMMY-99,-6.2146,106.8451,14.0
2026-05-07 14:28:34,SENS-JAKPUS,-6.1754,106.8272,11.0
2026-05-07 14:28:35,DUMMY-99,-6.2146,106.8451,1.0
2026-05-07 14:28:36,SENS-JAKSEL,-6.2615,106.8106,19.0
2026-05-07 14:28:37,DUMMY-99,-6.2146,106.8451,12.0
2026-05-07 14:28:38,DUMMY-99,-6.2146,106.8451,19.0
2026-05-07 14:28:40,SENS-JAKPUS,-6.1754,106.8272,11.0
2026-05-07 14:28:40,DUMMY-99,-6.2146,106.8451,21.0
2026-05-07 14:28:42,SENS-JAKSEL,-6.2615,106.8106,19.0
2026-05-07 14:28:43,DUMMY-99,-6.2146,106.8451,27.0
2026-05-07 14:28:45,DUMMY-99,-6.2146,106.8451,21.0
2026-05-07 14:28:46,SENS-JAKPUS,-6.1754,106.8272,13.0
2026-05-07 14:28:46,DUMMY-99,-6.2146,106.8451,64.0
2026-05-07 14:28:48,SENS-JAKSEL,-6.2615,106.8106,8.0
2026-05-07 14:28:49,DUMMY-99,-6.2146,106.8451,7.0
2026-05-07 14:28:51,DUMMY-99,-6.2146,106.8451,4.0
2026-05-07 14:28:52,SENS-JAKPUS,-6.1754,106.8272,8.0
2026-05-07 14:28:52,DUMMY-99,-6.2146,106.8451,75.0
2026-05-07 14:28:54,DUMMY-99,-6.2146,106.8451,92.0
2026-05-07 14:28:54,SENS-JAKSEL,-6.2615,106.8106,12.0
2026-05-07 14:28:56,DUMMY-99,-6.2146,106.8451,13.0
2026-05-07 14:28:59,DUMMY-99,-6.2146,106.8451,17.0
2026-05-07 14:28:59,SENS-JAKPUS,-6.1754,106.8272,18.0
2026-05-07 14:29:01,DUMMY-99,-6.2146,106.8451,1.0
2026-05-07 14:29:02,SENS-JAKSEL,-6.2615,106.8106,1.0
2026-05-07 14:29:02,DUMMY-99,-6.2146,106.8451,11.0
2026-05-07 14:29:05,DUMMY-99,-6.2146,106.8451,19.0
2026-05-07 14:29:06,SENS-JAKPUS,-6.1754,106.8272,8.0
2026-05-07 14:29:07,DUMMY-99,-6.2146,106.8451,93.0
2026-05-07 14:29:08,SENS-JAKSEL,-6.2615,106.8106,7.0
2026-05-07 14:29:08,DUMMY-99,-6.2146,106.8451,2.0
2026-05-07 14:29:11,DUMMY-99,-6.2146,106.8451,6.0
2026-05-07 14:29:12,SENS-JAKPUS,-6.1754,106.8272,15.0
2026-05-07 14:29:12,DUMMY-99,-6.2146,106.8451,19.0
2026-05-07 14:29:14,SENS-JAKSEL,-6.2615,106.8106,67.0
2026-05-07 14:29:15,DUMMY-99,-6.2146,106.8451,3.0
2026-05-07 14:29:17,DUMMY-99,-6.2146,106.8451,1.0
2026-05-07 14:29:18,SENS-JAKPUS,-6.1754,106.8272,9.0
2026-05-07 14:29:18,DUMMY-99,-6.2146,106.8451,10.0
2026-05-07 14:29:20,SENS-JAKSEL,-6.2615,106.8106,91.0
2026-05-07 14:29:20,DUMMY-99,-6.2146,106.8451,15.0
2026-05-07 14:29:23,DUMMY-99,-6.2146,106.8451,1.0
2026-05-07 14:29:24,SENS-JAKPUS,-6.1754,106.8272,15.0
2026-05-07 14:29:25,DUMMY-99,-6.2146,106.8451,1.0
2026-05-07 14:29:26,SENS-JAKSEL,-6.2615,106.8106,2.0
2026-05-07 14:29:26,DUMMY-99,-6.2146,106.8451,16.0
2026-05-07 14:29:28,DUMMY-99,-6.2146,106.8451,18.0
2026-05-07 14:29:30,SENS-JAKPUS,-6.1754,106.8272,7.0
2026-05-07 14:29:31,DUMMY-99,-6.2146,106.8451,13.0
2026-05-07 14:29:32,SENS-JAKSEL,-6.2615,106.8106,7.0
2026-05-07 14:29:33,DUMMY-99,-6.2146,106.8451,95.0
2026-05-07 14:29:34,DUMMY-99,-6.2146,106.8451,24.0
2026-05-07 14:29:36,SENS-JAKPUS,-6.1754,106.8272,9.0
2026-05-07 14:29:37,DUMMY-99,-6.2146,106.8451,2.0
2026-05-07 14:29:38,SENS-JAKSEL,-6.2615,106.8106,19.0
2026-05-07 14:29:39,DUMMY-99,-6.2146,106.8451,7.0
2026-05-07 14:29:41,DUMMY-99,-6.2146,106.8451,9.0
2026-05-07 14:29:42,SENS-JAKPUS,-6.1754,106.8272,15.0
2026-05-07 14:29:42,DUMMY-99,-6.2146,106.8451,17.0
2026-05-07 14:29:45,DUMMY-99,-6.2146,106.8451,9.0
2026-05-07 14:29:45,SENS-JAKSEL,-6.2615,106.8106,9.0
2026-05-07 14:29:46,DUMMY-99,-6.2146,106.8451,27.0
2026-05-07 14:29:48,DUMMY-99,-6.2146,106.8451,16.0
2026-05-07 14:29:50,SENS-JAKPUS,-6.1754,106.8272,16.0
2026-05-07 14:29:50,DUMMY-99,-6.2146,106.8451,19.0
2026-05-07 14:29:52,SENS-JAKSEL,-6.2615,106.8106,1.0
2026-05-07 14:29:53,DUMMY-99,-6.2146,106.8451,18.0
2026-05-07 14:29:54,DUMMY-99,-6.2146,106.8451,14.0
2026-05-07 14:29:56,SENS-JAKPUS,-6.1754,106.8272,2.0
2026-05-07 14:29:57,DUMMY-99,-6.2146,106.8451,13.0
2026-05-07 14:29:58,SENS-JAKSEL,-6.2615,106.8106,17.0
2026-05-07 14:29:58,DUMMY-99,-6.2146,106.8451,15.0
2026-05-07 14:30:00,DUMMY-99,-6.2146,106.8451,24.0
2026-05-07 14:30:02,SENS-JAKPUS,-6.1754,106.8272,17.0
2026-05-07 14:30:02,DUMMY-99,-6.2146,106.8451,15.0
2026-05-07 14:30:04,SENS-JAKSEL,-6.2615,106.8106,73.0
2026-05-07 14:30:05,DUMMY-99,-6.2146,106.8451,24.0
2026-05-07 14:30:07,DUMMY-99,-6.2146,106.8451,12.0
2026-05-07 14:30:08,SENS-JAKPUS,-6.1754,106.8272,13.0
2026-05-07 14:30:09,DUMMY-99,-6.2146,106.8451,15.0
2026-05-07 14:30:10,SENS-JAKSEL,-6.2615,106.8106,10.0
2026-05-07 14:30:10,DUMMY-99,-6.2146,106.8451,91.0
2026-05-07 14:30:13,DUMMY-99,-6.2146,106.8451,17.0
2026-05-07 14:30:14,SENS-JAKPUS,-6.1754,106.8272,12.0
2026-05-07 14:30:14,DUMMY-99,-6.2146,106.8451,29.0
2026-05-07 14:30:16,SENS-JAKSEL,-6.2615,106.8106,11.0
2026-05-07 14:30:17,DUMMY-99,-6.2146,106.8451,17.0
2026-05-07 14:30:19,DUMMY-99,-6.2146,106.8451,27.0
2026-05-07 14:30:20,SENS-JAKPUS,-6.1754,106.8272,14.0
2026-05-07 14:30:20,DUMMY-99,-6.2146,106.8451,93.0
2026-05-07 14:30:22,SENS-JAKSEL,-6.2615,106.8106,6.0
2026-05-07 14:30:23,DUMMY-99,-6.2146,106.8451,69.0
2026-05-07 14:30:25,DUMMY-99,-6.2146,106.8451,10.0
2026-05-07 14:30:26,SENS-JAKPUS,-6.1754,106.8272,8.0
2026-05-07 14:30:26,DUMMY-99,-6.2146,106.8451,4.0
2026-05-07 14:30:28,SENS-JAKSEL,-6.2615,106.8106,8.0
2026-05-07 14:30:29,DUMMY-99,-6.2146,106.8451,19.0
2026-05-07 14:30:30,DUMMY-99,-6.2146,106.8451,16.0
2026-05-07 14:30:32,SENS-JAKPUS,-6.1754,106.8272,18.0
2026-05-07 14:30:32,DUMMY-99,-6.2146,106.8451,16.0
2026-05-07 14:30:34,SENS-JAKSEL,-6.2615,106.8106,6.0
2026-05-07 14:30:35,DUMMY-99,-6.2146,106.8451,4.0
2026-05-07 14:30:37,DUMMY-99,-6.2146,106.8451,14.0
2026-05-07 14:30:38,SENS-JAKPUS,-6.1754,106.8272,79.0
2026-05-07 14:30:38,DUMMY-99,-6.2146,106.8451,29.0
2026-05-07 14:30:40,DUMMY-99,-6.2146,106.8451,81.0
2026-05-07 14:30:40,SENS-JAKSEL,-6.2615,106.8106,5.0
2026-05-07 14:30:42,DUMMY-99,-6.2146,106.8451,26.0
2026-05-07 14:30:45,DUMMY-99,-6.2146,106.8451,23.0
2026-05-07 14:30:46,SENS-JAKPUS,-6.1754,106.8272,15.0
2026-05-07 14:30:46,DUMMY-99,-6.2146,106.8451,12.0
2026-05-07 14:30:48,SENS-JAKSEL,-6.2615,106.8106,7.0
2026-05-07 14:30:48,DUMMY-99,-6.2146,106.8451,26.0
2026-05-07 14:30:51,DUMMY-99,-6.2146,106.8451,7.0
2026-05-07 14:30:52,SENS-JAKPUS,-6.1754,106.8272,19.0
2026-05-07 14:30:52,DUMMY-99,-6.2146,106.8451,10.0
2026-05-07 14:30:54,SENS-JAKSEL,-6.2615,106.8106,15.0
2026-05-07 14:30:54,DUMMY-99,-6.2146,106.8451,24.0
2026-05-07 14:30:56,DUMMY-99,-6.2146,106.8451,27.0
2026-05-07 14:30:58,SENS-JAKPUS,-6.1754,106.8272,15.0
2026-05-07 14:30:58,DUMMY-99,-6.2146,106.8451,7.0
2026-05-07 14:31:00,SENS-JAKSEL,-6.2615,106.8106,4.0
2026-05-07 14:31:00,DUMMY-99,-6.2146,106.8451,28.0
2026-05-07 14:31:02,DUMMY-99,-6.2146,106.8451,99.0
2026-05-07 14:31:04,SENS-JAKPUS,-6.1754,106.8272,10.0
2026-05-07 14:31:05,DUMMY-99,-6.2146,106.8451,24.0
2026-05-07 14:31:06,SENS-JAKSEL,-6.2615,106.8106,14.0
2026-05-07 14:31:07,DUMMY-99,-6.2146,106.8451,10.0
2026-05-07 14:31:09,DUMMY-99,-6.2146,106.8451,77.0
2026-05-07 14:31:10,SENS-JAKPUS,-6.1754,106.8272,2.0
2026-05-07 14:31:11,DUMMY-99,-6.2146,106.8451,26.0
2026-05-07 14:31:12,SENS-JAKSEL,-6.2615,106.8106,2.0
2026-05-07 14:31:13,DUMMY-99,-6.2146,106.8451,8.0
2026-05-07 14:31:15,DUMMY-99,-6.2146,106.8451,87.0
2026-05-07 14:31:16,SENS-JAKPUS,-6.1754,106.8272,20.0
2026-05-07 14:31:17,DUMMY-99,-6.2146,106.8451,22.0
2026-05-07 14:31:18,SENS-JAKSEL,-6.2615,106.8106,14.0
2026-05-07 14:31:18,DUMMY-99,-6.2146,106.8451,4.0
2026-05-07 14:31:20,DUMMY-99,-6.2146,106.8451,15.0
2026-05-07 14:31:22,SENS-JAKPUS,-6.1754,106.8272,99.0
2026-05-07 14:31:22,DUMMY-99,-6.2146,106.8451,18.0
2026-05-07 14:31:24,SENS-JAKSEL,-6.2615,106.8106,15.0
2026-05-07 14:31:25,DUMMY-99,-6.2146,106.8451,2.0
2026-05-07 14:31:27,DUMMY-99,-6.2146,106.8451,19.0
2026-05-07 14:31:28,SENS-JAKPUS,-6.1754,106.8272,12.0
2026-05-07 14:31:28,DUMMY-99,-6.2146,106.8451,24.0
2026-05-07 14:31:30,SENS-JAKSEL,-6.2615,106.8106,75.0
2026-05-07 14:31:30,DUMMY-99,-6.2146,106.8451,15.0
2026-05-07 14:31:32,DUMMY-99,-6.2146,106.8451,26.0
2026-05-07 14:31:34,SENS-JAKPUS,-6.1754,106.8272,8.0
2026-05-07 14:31:35,DUMMY-99,-6.2146,106.8451,23.0
2026-05-07 14:31:36,SENS-JAKSEL,-6.2615,106.8106,12.0
2026-05-07 14:31:37,DUMMY-99,-6.2146,106.8451,19.0
2026-05-07 14:31:38,DUMMY-99,-6.2146,106.8451,8.0
2026-05-07 14:31:40,DUMMY-99,-6.2146,106.8451,21.0
2026-05-07 14:31:40,SENS-JAKPUS,-6.1754,106.8272,2.0
2026-05-07 14:31:42,DUMMY-99,-6.2146,106.8451,7.0
2026-05-07 14:31:42,SENS-JAKSEL,-6.2615,106.8106,8.0
2026-05-07 14:36:23,DUMMY-99,-6.2146,106.8451,27.0
2026-05-07 14:36:25,DUMMY-99,-6.2146,106.8451,77.0
2026-05-07 14:36:26,DUMMY-99,-6.2146,106.8451,0.0
2026-05-07 14:36:29,DUMMY-99,-6.2146,106.8451,7.0
2026-05-07 14:36:31,DUMMY-99,-6.2146,106.8451,9.0
2026-05-07 14:36:33,DUMMY-99,-6.2146,106.8451,4.0
2026-05-07 14:36:37,DUMMY-99,-6.2146,106.8451,0.0
2026-05-07 14:36:39,DUMMY-99,-6.2146,106.8451,14.0
2026-05-07 14:36:41,DUMMY-99,-6.2146,106.8451,17.0
2026-05-07 14:36:43,DUMMY-99,-6.2146,106.8451,27.0
2026-05-07 14:36:44,DUMMY-99,-6.2146,106.8451,28.0
2026-05-07 14:36:47,DUMMY-99,-6.2146,106.8451,2.0
2026-05-07 14:36:49,DUMMY-99,-6.2146,106.8451,3.0
2026-05-07 14:36:51,DUMMY-99,-6.2146,106.8451,27.0
2026-05-07 14:36:52,DUMMY-99,-6.2146,106.8451,6.0
2026-05-07 14:36:55,DUMMY-99,-6.2146,106.8451,18.0
2026-05-07 14:36:57,DUMMY-99,-6.2146,106.8451,6.0
2026-05-07 14:36:59,DUMMY-99,-6.2146,106.8451,2.0
2026-05-07 14:37:00,DUMMY-99,-6.2146,106.8451,27.0
2026-05-07 14:37:03,DUMMY-99,-6.2146,106.8451,5.0
2026-05-07 14:37:04,DUMMY-99,-6.2146,106.8451,27.0
2026-05-07 14:37:07,SENS-JAKPUS,-6.1754,106.8272,2.0
2026-05-07 14:37:07,DUMMY-99,-6.2146,106.8451,3.0
2026-05-07 14:37:08,DUMMY-99,-6.2146,106.8451,13.0
2026-05-07 14:37:09,SENS-JAKSEL,-6.2615,106.8106,90.0
2026-05-07 14:37:11,DUMMY-99,-6.2146,106.8451,8.0
2026-05-07 14:37:12,DUMMY-99,-6.2146,106.8451,20.0
2026-05-07 14:37:13,SENS-JAKPUS,-6.1754,106.8272,4.0
2026-05-07 14:37:15,DUMMY-99,-6.2146,106.8451,13.0
2026-05-07 14:37:15,SENS-JAKSEL,-6.2615,106.8106,18.0
2026-05-07 14:37:16,DUMMY-99,-6.2146,106.8451,10.0
2026-05-07 14:37:19,DUMMY-99,-6.2146,106.8451,23.0
2026-05-07 14:37:19,SENS-JAKPUS,-6.1754,106.8272,7.0
2026-05-07 14:37:21,DUMMY-99,-6.2146,106.8451,88.0
2026-05-07 14:37:21,SENS-JAKSEL,-6.2615,106.8106,1.0
2026-05-07 14:37:23,DUMMY-99,-6.2146,106.8451,0.0
2026-05-07 14:37:24,DUMMY-99,-6.2146,106.8451,7.0
2026-05-07 14:37:25,SENS-JAKPUS,-6.1754,106.8272,0.0
2026-05-07 14:37:27,DUMMY-99,-6.2146,106.8451,25.0
2026-05-07 14:37:27,SENS-JAKSEL,-6.2615,106.8106,20.0
2026-05-07 14:37:28,DUMMY-99,-6.2146,106.8451,20.0
2026-05-07 14:37:31,DUMMY-99,-6.2146,106.8451,20.0
2026-05-07 14:37:31,SENS-JAKPUS,-6.1754,106.8272,0.0
2026-05-07 14:37:33,DUMMY-99,-6.2146,106.8451,12.0
2026-05-07 14:37:33,SENS-JAKSEL,-6.2615,106.8106,16.0
2026-05-07 14:37:35,DUMMY-99,-6.2146,106.8451,29.0
2026-05-07 14:37:36,DUMMY-99,-6.2146,106.8451,20.0
2026-05-07 14:37:37,SENS-JAKPUS,-6.1754,106.8272,66.0
2026-05-07 14:37:39,DUMMY-99,-6.2146,106.8451,85.0
2026-05-07 14:37:39,SENS-JAKSEL,-6.2615,106.8106,5.0
2026-05-07 14:37:40,DUMMY-99,-6.2146,106.8451,13.0
2026-05-07 14:37:43,DUMMY-99,-6.2146,106.8451,2.0
2026-05-07 14:37:43,SENS-JAKPUS,-6.1754,106.8272,17.0
2026-05-07 14:37:44,DUMMY-99,-6.2146,106.8451,28.0
2026-05-07 14:37:45,SENS-JAKSEL,-6.2615,106.8106,4.0
2026-05-07 14:37:47,DUMMY-99,-6.2146,106.8451,0.0
2026-05-07 14:37:49,DUMMY-99,-6.2146,106.8451,18.0
2026-05-07 14:37:49,SENS-JAKPUS,-6.1754,106.8272,10.0
2026-05-07 14:37:51,DUMMY-99,-6.2146,106.8451,2.0
2026-05-07 14:37:51,SENS-JAKSEL,-6.2615,106.8106,6.0
2026-05-07 14:37:52,DUMMY-99,-6.2146,106.8451,2.0
2026-05-07 14:37:55,DUMMY-99,-6.2146,106.8451,4.0
2026-05-07 14:37:55,SENS-JAKPUS,-6.1754,106.8272,60.0
2026-05-07 14:37:56,DUMMY-99,-6.2146,106.8451,21.0
2026-05-07 14:37:59,SENS-JAKSEL,-6.2615,106.8106,1.0
2026-05-07 14:37:59,DUMMY-99,-6.2146,106.8451,27.0
2026-05-07 14:38:00,DUMMY-99,-6.2146,106.8451,21.0
2026-05-07 14:38:03,DUMMY-99,-6.2146,106.8451,26.0
2026-05-07 14:38:03,SENS-JAKPUS,-6.1754,106.8272,2.0
2026-05-07 14:38:04,DUMMY-99,-6.2146,106.8451,7.0
2026-05-07 14:38:05,SENS-JAKSEL,-6.2615,106.8106,12.0
2026-05-07 14:38:07,DUMMY-99,-6.2146,106.8451,5.0
2026-05-07 14:38:09,DUMMY-99,-6.2146,106.8451,20.0
2026-05-07 14:38:09,SENS-JAKPUS,-6.1754,106.8272,15.0
2026-05-07 14:38:11,DUMMY-99,-6.2146,106.8451,20.0
2026-05-07 14:38:11,SENS-JAKSEL,-6.2615,106.8106,4.0
2026-05-07 14:38:12,DUMMY-99,-6.2146,106.8451,14.0
2026-05-07 14:38:15,DUMMY-99,-6.2146,106.8451,22.0
2026-05-07 14:38:15,SENS-JAKPUS,-6.1754,106.8272,11.0
2026-05-07 14:38:16,DUMMY-99,-6.2146,106.8451,7.0
2026-05-07 14:38:17,SENS-JAKSEL,-6.2615,106.8106,3.0
2026-05-07 14:38:19,DUMMY-99,-6.2146,106.8451,20.0
2026-05-07 14:38:20,DUMMY-99,-6.2146,106.8451,8.0
2026-05-07 14:38:21,SENS-JAKPUS,-6.1754,106.8272,9.0
2026-05-07 14:38:23,DUMMY-99,-6.2146,106.8451,94.0
2026-05-07 14:38:23,SENS-JAKSEL,-6.2615,106.8106,79.0
2026-05-07 14:38:24,DUMMY-99,-6.2146,106.8451,2.0
2026-05-07 14:38:27,DUMMY-99,-6.2146,106.8451,19.0
2026-05-07 14:38:27,SENS-JAKPUS,-6.1754,106.8272,19.0
2026-05-07 14:38:28,DUMMY-99,-6.2146,106.8451,4.0
2026-05-07 14:38:29,SENS-JAKSEL,-6.2615,106.8106,17.0
2026-05-07 14:38:31,DUMMY-99,-6.2146,106.8451,15.0
2026-05-07 14:38:32,DUMMY-99,-6.2146,106.8451,4.0
2026-05-07 14:38:33,SENS-JAKPUS,-6.1754,106.8272,13.0
2026-05-07 14:38:35,DUMMY-99,-6.2146,106.8451,24.0
2026-05-07 14:38:35,SENS-JAKSEL,-6.2615,106.8106,16.0
2026-05-07 14:38:36,DUMMY-99,-6.2146,106.8451,4.0
2026-05-07 14:38:39,DUMMY-99,-6.2146,106.8451,21.0
2026-05-07 14:38:39,SENS-JAKPUS,-6.1754,106.8272,3.0
2026-05-07 14:38:40,DUMMY-99,-6.2146,106.8451,76.0
2026-05-07 14:38:41,SENS-JAKSEL,-6.2615,106.8106,6.0
2026-05-07 14:38:43,DUMMY-99,-6.2146,106.8451,27.0
2026-05-07 14:38:45,DUMMY-99,-6.2146,106.8451,2.0
2026-05-07 14:38:45,SENS-JAKPUS,-6.1754,106.8272,16.0
2026-05-07 14:38:47,DUMMY-99,-6.2146,106.8451,23.0
2026-05-07 14:38:47,SENS-JAKSEL,-6.2615,106.8106,18.0
2026-05-07 14:38:49,DUMMY-99,-6.2146,106.8451,16.0
2026-05-07 14:38:51,DUMMY-99,-6.2146,106.8451,8.0
2026-05-07 14:38:51,SENS-JAKPUS,-6.1754,106.8272,10.0
2026-05-07 14:38:52,DUMMY-99,-6.2146,106.8451,23.0
2026-05-07 14:38:55,SENS-JAKSEL,-6.2615,106.8106,11.0
2026-05-07 14:38:55,DUMMY-99,-6.2146,106.8451,21.0
2026-05-07 14:38:56,DUMMY-99,-6.2146,106.8451,19.0
2026-05-07 14:38:59,DUMMY-99,-6.2146,106.8451,16.0
2026-05-07 14:38:59,SENS-JAKPUS,-6.1754,106.8272,62.0
2026-05-07 14:39:01,DUMMY-99,-6.2146,106.8451,27.0
2026-05-07 14:39:01,SENS-JAKSEL,-6.2615,106.8106,13.0
2026-05-07 14:39:03,DUMMY-99,-6.2146,106.8451,9.0
2026-05-07 14:39:05,DUMMY-99,-6.2146,106.8451,9.0
2026-05-07 14:39:05,SENS-JAKPUS,-6.1754,106.8272,14.0
2026-05-07 14:39:07,DUMMY-99,-6.2146,106.8451,10.0
2026-05-07 14:39:07,SENS-JAKSEL,-6.2615,106.8106,12.0
2026-05-07 14:39:09,DUMMY-99,-6.2146,106.8451,7.0
2026-05-07 14:39:11,DUMMY-99,-6.2146,106.8451,93.0
2026-05-07 14:39:11,SENS-JAKPUS,-6.1754,106.8272,15.0
2026-05-07 14:39:12,DUMMY-99,-6.2146,106.8451,13.0
2026-05-07 14:39:13,SENS-JAKSEL,-6.2615,106.8106,13.0
2026-05-07 14:39:15,DUMMY-99,-6.2146,106.8451,8.0
2026-05-07 14:39:16,DUMMY-99,-6.2146,106.8451,13.0
2026-05-07 14:39:17,SENS-JAKPUS,-6.1754,106.8272,16.0
2026-05-07 14:39:19,DUMMY-99,-6.2146,106.8451,91.0
2026-05-07 14:39:19,SENS-JAKSEL,-6.2615,106.8106,11.0
2026-05-07 14:39:21,DUMMY-99,-6.2146,106.8451,69.0
2026-05-07 14:39:23,DUMMY-99,-6.2146,106.8451,26.0
2026-05-07 14:39:23,SENS-JAKPUS,-6.1754,106.8272,3.0
2026-05-07 14:39:25,DUMMY-99,-6.2146,106.8451,19.0
2026-05-07 14:39:25,SENS-JAKSEL,-6.2615,106.8106,4.0
2026-05-07 14:39:27,DUMMY-99,-6.2146,106.8451,3.0
2026-05-07 14:39:28,DUMMY-99,-6.2146,106.8451,0.0
2026-05-07 14:39:29,SENS-JAKPUS,-6.1754,106.8272,14.0
2026-05-07 14:39:31,DUMMY-99,-6.2146,106.8451,0.0
2026-05-07 14:39:31,SENS-JAKSEL,-6.2615,106.8106,5.0
2026-05-07 14:39:33,DUMMY-99,-6.2146,106.8451,1.0
2026-05-07 14:39:35,DUMMY-99,-6.2146,106.8451,29.0
2026-05-07 14:39:35,SENS-JAKPUS,-6.1754,106.8272,14.0
2026-05-07 14:39:36,DUMMY-99,-6.2146,106.8451,5.0
2026-05-07 14:39:37,SENS-JAKSEL,-6.2615,106.8106,3.0
2026-05-07 14:39:39,DUMMY-99,-6.2146,106.8451,1.0
2026-05-07 14:39:41,DUMMY-99,-6.2146,106.8451,29.0
2026-05-07 14:39:41,SENS-JAKPUS,-6.1754,106.8272,19.0
2026-05-07 14:39:43,DUMMY-99,-6.2146,106.8451,29.0
2026-05-07 14:39:43,SENS-JAKSEL,-6.2615,106.8106,13.0
2026-05-07 14:39:45,DUMMY-99,-6.2146,106.8451,12.0
2026-05-07 14:39:47,DUMMY-99,-6.2146,106.8451,2.0
2026-05-07 14:39:47,SENS-JAKPUS,-6.1754,106.8272,14.0
2026-05-07 14:39:49,DUMMY-99,-6.2146,106.8451,77.0
2026-05-07 14:39:51,SENS-JAKSEL,-6.2615,106.8106,13.0
2026-05-07 14:39:51,DUMMY-99,-6.2146,106.8451,10.0
2026-05-07 14:39:52,DUMMY-99,-6.2146,106.8451,27.0
2026-05-07 14:39:55,DUMMY-99,-6.2146,106.8451,21.0
2026-05-07 14:39:55,SENS-JAKPUS,-6.1754,106.8272,11.0
2026-05-07 14:39:56,DUMMY-99,-6.2146,106.8451,29.0
2026-05-07 14:39:57,SENS-JAKSEL,-6.2615,106.8106,11.0
2026-05-07 14:39:59,DUMMY-99,-6.2146,106.8451,62.0
2026-05-07 14:40:00,DUMMY-99,-6.2146,106.8451,1.0
2026-05-07 14:40:01,SENS-JAKPUS,-6.1754,106.8272,19.0
2026-05-07 14:40:03,DUMMY-99,-6.2146,106.8451,23.0
2026-05-07 14:40:03,SENS-JAKSEL,-6.2615,106.8106,8.0
2026-05-07 14:40:05,DUMMY-99,-6.2146,106.8451,14.0
2026-05-07 14:40:07,DUMMY-99,-6.2146,106.8451,8.0
2026-05-07 14:40:07,SENS-JAKPUS,-6.1754,106.8272,17.0
2026-05-07 14:40:09,DUMMY-99,-6.2146,106.8451,9.0
2026-05-07 14:40:09,SENS-JAKSEL,-6.2615,106.8106,9.0
2026-05-07 14:40:11,DUMMY-99,-6.2146,106.8451,11.0
2026-05-07 14:40:13,DUMMY-99,-6.2146,106.8451,22.0
2026-05-07 14:40:13,SENS-JAKPUS,-6.1754,106.8272,0.0
2026-05-07 14:40:15,DUMMY-99,-6.2146,106.8451,17.0
2026-05-07 14:40:15,SENS-JAKSEL,-6.2615,106.8106,0.0
2026-05-07 14:40:16,DUMMY-99,-6.2146,106.8451,27.0
2026-05-07 14:40:19,DUMMY-99,-6.2146,106.8451,20.0
2026-05-07 14:40:19,SENS-JAKPUS,-6.1754,106.8272,12.0
2026-05-07 14:40:20,DUMMY-99,-6.2146,106.8451,28.0
2026-05-07 14:40:21,SENS-JAKSEL,-6.2615,106.8106,17.0
2026-05-07 14:40:23,DUMMY-99,-6.2146,106.8451,14.0
2026-05-07 14:40:24,DUMMY-99,-6.2146,106.8451,6.0
2026-05-07 14:40:25,SENS-JAKPUS,-6.1754,106.8272,4.0
2026-05-07 14:40:27,DUMMY-99,-6.2146,106.8451,24.0
2026-05-07 14:40:27,SENS-JAKSEL,-6.2615,106.8106,7.0
2026-05-07 14:40:28,DUMMY-99,-6.2146,106.8451,17.0
2026-05-07 14:40:31,DUMMY-99,-6.2146,106.8451,27.0
2026-05-07 14:40:31,SENS-JAKPUS,-6.1754,106.8272,13.0
2026-05-07 14:40:32,DUMMY-99,-6.2146,106.8451,1.0
2026-05-07 14:40:33,SENS-JAKSEL,-6.2615,106.8106,4.0
2026-05-07 14:40:35,DUMMY-99,-6.2146,106.8451,10.0
2026-05-07 14:40:36,DUMMY-99,-6.2146,106.8451,21.0
2026-05-07 14:40:37,SENS-JAKPUS,-6.1754,106.8272,3.0
2026-05-07 14:40:39,DUMMY-99,-6.2146,106.8451,2.0
2026-05-07 14:40:39,SENS-JAKSEL,-6.2615,106.8106,9.0
2026-05-07 14:40:40,DUMMY-99,-6.2146,106.8451,18.0
2026-05-07 14:40:43,DUMMY-99,-6.2146,106.8451,12.0
2026-05-07 14:40:43,SENS-JAKPUS,-6.1754,106.8272,69.0
2026-05-07 14:40:45,DUMMY-99,-6.2146,106.8451,89.0
2026-05-07 14:40:45,SENS-JAKSEL,-6.2615,106.8106,7.0
2026-05-07 14:40:47,DUMMY-99,-6.2146,106.8451,29.0
2026-05-07 14:40:49,DUMMY-99,-6.2146,106.8451,9.0
2026-05-07 14:40:49,SENS-JAKPUS,-6.1754,106.8272,1.0
2026-05-07 14:40:51,DUMMY-99,-6.2146,106.8451,6.0
2026-05-07 14:40:51,SENS-JAKSEL,-6.2615,106.8106,18.0
2026-05-07 14:40:52,DUMMY-99,-6.2146,106.8451,19.0
2026-05-07 14:40:55,DUMMY-99,-6.2146,106.8451,28.0
2026-05-07 14:40:55,SENS-JAKPUS,-6.1754,106.8272,17.0
2026-05-07 14:40:57,DUMMY-99,-6.2146,106.8451,71.0
2026-05-07 14:40:59,SENS-JAKSEL,-6.2615,106.8106,68.0
2026-05-07 14:40:59,DUMMY-99,-6.2146,106.8451,6.0
2026-05-07 14:41:00,DUMMY-99,-6.2146,106.8451,2.0
2026-05-07 14:41:03,DUMMY-99,-6.2146,106.8451,58.0
2026-05-07 14:41:03,SENS-JAKPUS,-6.1754,106.8272,12.0
2026-05-07 14:41:04,DUMMY-99,-6.2146,106.8451,2.0
2026-05-07 14:41:05,SENS-JAKSEL,-6.2615,106.8106,1.0
2026-05-07 14:41:07,DUMMY-99,-6.2146,106.8451,4.0
2026-05-07 14:41:08,DUMMY-99,-6.2146,106.8451,13.0
2026-05-07 14:41:09,SENS-JAKPUS,-6.1754,106.8272,20.0
2026-05-07 14:41:11,DUMMY-99,-6.2146,106.8451,9.0
2026-05-07 14:41:11,SENS-JAKSEL,-6.2615,106.8106,5.0
2026-05-07 14:41:13,DUMMY-99,-6.2146,106.8451,14.0
2026-05-07 14:41:15,DUMMY-99,-6.2146,106.8451,24.0
2026-05-07 14:41:15,SENS-JAKPUS,-6.1754,106.8272,8.0
2026-05-07 14:41:17,DUMMY-99,-6.2146,106.8451,28.0
2026-05-07 14:41:17,SENS-JAKSEL,-6.2615,106.8106,14.0
2026-05-07 14:41:19,DUMMY-99,-6.2146,106.8451,20.0
2026-05-07 14:41:21,DUMMY-99,-6.2146,106.8451,12.0
2026-05-07 14:41:21,SENS-JAKPUS,-6.1754,106.8272,15.0
2026-05-07 14:41:23,DUMMY-99,-6.2146,106.8451,26.0
2026-05-07 14:41:23,SENS-JAKSEL,-6.2615,106.8106,14.0
2026-05-07 14:41:24,DUMMY-99,-6.2146,106.8451,20.0
2026-05-07 14:41:27,DUMMY-99,-6.2146,106.8451,6.0
2026-05-07 14:41:27,SENS-JAKPUS,-6.1754,106.8272,3.0
2026-05-07 14:41:28,DUMMY-99,-6.2146,106.8451,4.0
2026-05-07 14:41:29,SENS-JAKSEL,-6.2615,106.8106,2.0
2026-05-07 14:41:31,DUMMY-99,-6.2146,106.8451,22.0
2026-05-07 14:41:32,DUMMY-99,-6.2146,106.8451,10.0
2026-05-07 14:41:33,SENS-JAKPUS,-6.1754,106.8272,14.0
2026-05-07 14:41:35,SENS-JAKSEL,-6.2615,106.8106,7.0
2026-05-07 14:41:36,DUMMY-99,-6.2146,106.8451,8.0
2026-05-07 14:41:39,DUMMY-99,-6.2146,106.8451,22.0
2026-05-07 14:41:39,SENS-JAKPUS,-6.1754,106.8272,1.0
2026-05-07 14:41:41,DUMMY-99,-6.2146,106.8451,17.0
2026-05-07 14:41:41,SENS-JAKSEL,-6.2615,106.8106,3.0
2026-05-07 14:41:43,DUMMY-99,-6.2146,106.8451,28.0
2026-05-07 14:41:44,DUMMY-99,-6.2146,106.8451,81.0
2026-05-07 14:41:45,SENS-JAKPUS,-6.1754,106.8272,0.0
2026-05-07 14:41:47,DUMMY-99,-6.2146,106.8451,9.0
2026-05-07 14:41:47,SENS-JAKSEL,-6.2615,106.8106,12.0
2026-05-07 14:41:48,DUMMY-99,-6.2146,106.8451,4.0
2026-05-07 14:41:51,DUMMY-99,-6.2146,106.8451,5.0
2026-05-07 14:41:51,SENS-JAKPUS,-6.1754,106.8272,2.0
2026-05-07 14:41:52,DUMMY-99,-6.2146,106.8451,9.0
2026-05-07 14:41:55,SENS-JAKSEL,-6.2615,106.8106,87.0
2026-05-07 14:41:55,DUMMY-99,-6.2146,106.8451,26.0
2026-05-07 14:41:56,DUMMY-99,-6.2146,106.8451,25.0
2026-05-07 14:41:59,DUMMY-99,-6.2146,106.8451,25.0
2026-05-07 14:41:59,SENS-JAKPUS,-6.1754,106.8272,20.0
2026-05-07 14:42:00,DUMMY-99,-6.2146,106.8451,20.0
2026-05-07 14:42:01,SENS-JAKSEL,-6.2615,106.8106,18.0
2026-05-07 14:42:03,DUMMY-99,-6.2146,106.8451,8.0
2026-05-07 14:42:05,DUMMY-99,-6.2146,106.8451,20.0
2026-05-07 14:42:05,SENS-JAKPUS,-6.1754,106.8272,0.0
2026-05-07 14:42:07,DUMMY-99,-6.2146,106.8451,27.0
2026-05-07 14:42:07,SENS-JAKSEL,-6.2615,106.8106,15.0
2026-05-07 14:42:08,DUMMY-99,-6.2146,106.8451,28.0
2026-05-07 14:42:11,DUMMY-99,-6.2146,106.8451,6.0
2026-05-07 14:42:11,SENS-JAKPUS,-6.1754,106.8272,2.0
2026-05-07 14:42:13,DUMMY-99,-6.2146,106.8451,7.0
2026-05-07 14:42:13,SENS-JAKSEL,-6.2615,106.8106,7.0
2026-05-07 14:42:15,DUMMY-99,-6.2146,106.8451,6.0
2026-05-07 14:42:16,DUMMY-99,-6.2146,106.8451,17.0
2026-05-07 14:42:17,SENS-JAKPUS,-6.1754,106.8272,74.0
2026-05-07 14:42:19,DUMMY-99,-6.2146,106.8451,24.0
2026-05-07 14:42:19,SENS-JAKSEL,-6.2615,106.8106,3.0
2026-05-07 14:42:21,DUMMY-99,-6.2146,106.8451,19.0
2026-05-07 14:42:23,DUMMY-99,-6.2146,106.8451,24.0
2026-05-07 14:42:23,SENS-JAKPUS,-6.1754,106.8272,6.0
2026-05-07 14:42:25,DUMMY-99,-6.2146,106.8451,4.0
2026-05-07 14:42:25,SENS-JAKSEL,-6.2615,106.8106,72.0
2026-05-07 14:42:27,DUMMY-99,-6.2146,106.8451,1.0
2026-05-07 14:42:28,DUMMY-99,-6.2146,106.8451,16.0
2026-05-07 14:42:29,SENS-JAKPUS,-6.1754,106.8272,88.0
2026-05-07 14:42:31,DUMMY-99,-6.2146,106.8451,2.0
2026-05-07 14:42:31,SENS-JAKSEL,-6.2615,106.8106,3.0
2026-05-07 14:42:32,DUMMY-99,-6.2146,106.8451,29.0
2026-05-07 14:42:35,DUMMY-99,-6.2146,106.8451,3.0
2026-05-07 14:42:35,SENS-JAKPUS,-6.1754,106.8272,2.0
2026-05-07 14:42:36,DUMMY-99,-6.2146,106.8451,19.0
2026-05-07 14:42:37,SENS-JAKSEL,-6.2615,106.8106,0.0
2026-05-07 14:42:39,DUMMY-99,-6.2146,106.8451,21.0
2026-05-07 14:42:41,DUMMY-99,-6.2146,106.8451,29.0
2026-05-07 14:42:41,SENS-JAKPUS,-6.1754,106.8272,8.0
2026-05-07 14:42:43,DUMMY-99,-6.2146,106.8451,1.0
2026-05-07 14:42:43,SENS-JAKSEL,-6.2615,106.8106,0.0
2026-05-07 14:42:44,DUMMY-99,-6.2146,106.8451,23.0
2026-05-07 14:42:47,DUMMY-99,-6.2146,106.8451,2.0
2026-05-07 14:42:47,SENS-JAKPUS,-6.1754,106.8272,12.0
2026-05-07 14:42:48,DUMMY-99,-6.2146,106.8451,22.0
2026-05-07 14:42:51,SENS-JAKSEL,-6.2615,106.8106,5.0
2026-05-07 14:42:51,DUMMY-99,-6.2146,106.8451,22.0
2026-05-07 14:42:53,DUMMY-99,-6.2146,106.8451,1.0
2026-05-07 14:42:55,DUMMY-99,-6.2146,106.8451,16.0
2026-05-07 14:42:55,SENS-JAKPUS,-6.1754,106.8272,19.0
2026-05-07 14:42:57,DUMMY-99,-6.2146,106.8451,18.0
2026-05-07 14:42:57,SENS-JAKSEL,-6.2615,106.8106,6.0
2026-05-07 14:42:59,DUMMY-99,-6.2146,106.8451,14.0
2026-05-07 14:43:00,DUMMY-99,-6.2146,106.8451,8.0
2026-05-07 14:43:01,SENS-JAKPUS,-6.1754,106.8272,17.0
2026-05-07 14:43:03,DUMMY-99,-6.2146,106.8451,4.0
2026-05-07 14:43:03,SENS-JAKSEL,-6.2615,106.8106,3.0
2026-05-07 14:43:04,DUMMY-99,-6.2146,106.8451,3.0
2026-05-07 14:43:07,DUMMY-99,-6.2146,106.8451,26.0
2026-05-07 14:43:07,SENS-JAKPUS,-6.1754,106.8272,10.0
2026-05-07 14:43:08,DUMMY-99,-6.2146,106.8451,16.0
2026-05-07 14:43:09,SENS-JAKSEL,-6.2615,106.8106,17.0
2026-05-07 14:43:11,DUMMY-99,-6.2146,106.8451,18.0
2026-05-07 14:43:12,DUMMY-99,-6.2146,106.8451,7.0
2026-05-07 14:43:13,SENS-JAKPUS,-6.1754,106.8272,2.0
2026-05-07 14:43:15,DUMMY-99,-6.2146,106.8451,8.0
2026-05-07 14:43:15,SENS-JAKSEL,-6.2615,106.8106,62.0
2026-05-07 14:43:16,DUMMY-99,-6.2146,106.8451,14.0
2026-05-07 14:43:19,DUMMY-99,-6.2146,106.8451,20.0
2026-05-07 14:43:19,SENS-JAKPUS,-6.1754,106.8272,15.0
2026-05-07 14:43:20,DUMMY-99,-6.2146,106.8451,12.0
2026-05-07 14:43:21,SENS-JAKSEL,-6.2615,106.8106,0.0
2026-05-07 14:43:23,DUMMY-99,-6.2146,106.8451,0.0
2026-05-07 14:43:24,DUMMY-99,-6.2146,106.8451,8.0
2026-05-07 14:43:25,SENS-JAKPUS,-6.1754,106.8272,9.0
2026-05-07 14:43:27,DUMMY-99,-6.2146,106.8451,23.0
2026-05-07 14:43:27,SENS-JAKSEL,-6.2615,106.8106,20.0
2026-05-07 14:43:28,DUMMY-99,-6.2146,106.8451,27.0
2026-05-07 14:43:31,DUMMY-99,-6.2146,106.8451,1.0
2026-05-07 14:43:31,SENS-JAKPUS,-6.1754,106.8272,20.0
2026-05-07 14:43:33,DUMMY-99,-6.2146,106.8451,13.0
2026-05-07 14:43:33,SENS-JAKSEL,-6.2615,106.8106,16.0
2026-05-07 14:43:35,DUMMY-99,-6.2146,106.8451,72.0
2026-05-07 14:43:36,DUMMY-99,-6.2146,106.8451,15.0
2026-05-07 14:43:39,SENS-JAKPUS,-6.1754,106.8272,1.0
2026-05-07 14:43:39,DUMMY-99,-6.2146,106.8451,8.0
2026-05-07 14:43:41,SENS-JAKSEL,-6.2615,106.8106,16.0
2026-05-07 14:43:43,DUMMY-99,-6.2146,106.8451,27.0
2026-05-07 14:43:44,DUMMY-99,-6.2146,106.8451,2.0
2026-05-07 14:43:45,SENS-JAKPUS,-6.1754,106.8272,13.0
2026-05-07 14:43:47,DUMMY-99,-6.2146,106.8451,26.0
2026-05-07 14:43:47,SENS-JAKSEL,-6.2615,106.8106,7.0
2026-05-07 14:43:48,DUMMY-99,-6.2146,106.8451,6.0
2026-05-07 14:43:51,DUMMY-99,-6.2146,106.8451,17.0
2026-05-07 14:43:51,SENS-JAKPUS,-6.1754,106.8272,18.0
2026-05-07 14:43:53,DUMMY-99,-6.2146,106.8451,59.0
2026-05-07 14:43:53,SENS-JAKSEL,-6.2615,106.8106,13.0
2026-05-07 14:43:55,DUMMY-99,-6.2146,106.8451,21.0
2026-05-07 14:43:57,DUMMY-99,-6.2146,106.8451,13.0
2026-05-07 14:43:57,SENS-JAKPUS,-6.1754,106.8272,15.0
2026-05-07 14:43:59,DUMMY-99,-6.2146,106.8451,19.0
2026-05-07 14:43:59,SENS-JAKSEL,-6.2615,106.8106,1.0
2026-05-07 14:44:01,DUMMY-99,-6.2146,106.8451,19.0
2026-05-07 14:44:03,DUMMY-99,-6.2146,106.8451,6.0
2026-05-07 14:44:03,SENS-JAKPUS,-6.1754,106.8272,18.0
2026-05-07 14:44:04,DUMMY-99,-6.2146,106.8451,8.0
2026-05-07 14:44:05,SENS-JAKSEL,-6.2615,106.8106,0.0
2026-05-07 14:44:07,DUMMY-99,-6.2146,106.8451,8.0
2026-05-07 14:44:09,DUMMY-99,-6.2146,106.8451,10.0
2026-05-07 14:44:09,SENS-JAKPUS,-6.1754,106.8272,11.0
2026-05-07 14:44:11,DUMMY-99,-6.2146,106.8451,21.0
2026-05-07 14:44:11,SENS-JAKSEL,-6.2615,106.8106,10.0
2026-05-07 14:44:12,DUMMY-99,-6.2146,106.8451,24.0
2026-05-07 14:44:15,DUMMY-99,-6.2146,106.8451,26.0
2026-05-07 14:44:15,SENS-JAKPUS,-6.1754,106.8272,62.0
2026-05-07 14:44:16,DUMMY-99,-6.2146,106.8451,69.0
2026-05-07 14:44:17,SENS-JAKSEL,-6.2615,106.8106,5.0
2026-05-07 14:44:19,DUMMY-99,-6.2146,106.8451,26.0
2026-05-07 14:44:20,DUMMY-99,-6.2146,106.8451,16.0
2026-05-07 14:44:21,SENS-JAKPUS,-6.1754,106.8272,9.0
2026-05-07 14:44:23,DUMMY-99,-6.2146,106.8451,14.0
2026-05-07 14:44:23,SENS-JAKSEL,-6.2615,106.8106,82.0
2026-05-07 14:44:24,DUMMY-99,-6.2146,106.8451,25.0
2026-05-07 14:44:27,DUMMY-99,-6.2146,106.8451,27.0
2026-05-07 14:44:27,SENS-JAKPUS,-6.1754,106.8272,2.0
2026-05-07 14:44:28,DUMMY-99,-6.2146,106.8451,19.0
2026-05-07 14:44:29,SENS-JAKSEL,-6.2615,106.8106,4.0
2026-05-07 14:44:31,DUMMY-99,-6.2146,106.8451,56.0
2026-05-07 14:44:33,DUMMY-99,-6.2146,106.8451,4.0
2026-05-07 14:44:35,SENS-JAKPUS,-6.1754,106.8272,4.0
2026-05-07 14:44:35,DUMMY-99,-6.2146,106.8451,11.0
2026-05-07 14:44:37,DUMMY-99,-6.2146,106.8451,6.0
2026-05-07 14:44:37,SENS-JAKSEL,-6.2615,106.8106,90.0
2026-05-07 14:44:39,DUMMY-99,-6.2146,106.8451,8.0
2026-05-07 14:44:41,DUMMY-99,-6.2146,106.8451,11.0
2026-05-07 14:44:41,SENS-JAKPUS,-6.1754,106.8272,94.0
2026-05-07 14:44:43,DUMMY-99,-6.2146,106.8451,0.0
2026-05-07 14:44:43,SENS-JAKSEL,-6.2615,106.8106,6.0
2026-05-07 14:44:44,DUMMY-99,-6.2146,106.8451,13.0
2026-05-07 14:44:47,DUMMY-99,-6.2146,106.8451,3.0
2026-05-07 14:44:47,SENS-JAKPUS,-6.1754,106.8272,17.0
2026-05-07 14:44:49,DUMMY-99,-6.2146,106.8451,29.0
2026-05-07 14:44:49,SENS-JAKSEL,-6.2615,106.8106,3.0
2026-05-07 14:44:51,DUMMY-99,-6.2146,106.8451,26.0
2026-05-07 14:44:52,DUMMY-99,-6.2146,106.8451,5.0
2026-05-07 14:44:53,SENS-JAKPUS,-6.1754,106.8272,10.0
2026-05-07 14:44:55,DUMMY-99,-6.2146,106.8451,24.0
2026-05-07 14:44:55,SENS-JAKSEL,-6.2615,106.8106,8.0
2026-05-07 14:44:57,DUMMY-99,-6.2146,106.8451,4.0
2026-05-07 14:44:59,DUMMY-99,-6.2146,106.8451,13.0
2026-05-07 14:44:59,SENS-JAKPUS,-6.1754,106.8272,2.0
2026-05-07 14:45:01,DUMMY-99,-6.2146,106.8451,21.0
2026-05-07 14:45:01,SENS-JAKSEL,-6.2615,106.8106,14.0
2026-05-07 14:45:03,DUMMY-99,-6.2146,106.8451,22.0
2026-05-07 14:45:05,DUMMY-99,-6.2146,106.8451,7.0
2026-05-07 14:45:05,SENS-JAKPUS,-6.1754,106.8272,5.0
2026-05-07 14:45:07,DUMMY-99,-6.2146,106.8451,14.0
2026-05-07 14:45:07,SENS-JAKSEL,-6.2615,106.8106,11.0
2026-05-07 14:45:08,DUMMY-99,-6.2146,106.8451,1.0
2026-05-07 14:45:11,DUMMY-99,-6.2146,106.8451,0.0
2026-05-07 14:45:11,SENS-JAKPUS,-6.1754,106.8272,0.0
2026-05-07 14:45:12,DUMMY-99,-6.2146,106.8451,17.0
2026-05-07 14:45:13,SENS-JAKSEL,-6.2615,106.8106,17.0
2026-05-07 14:45:15,DUMMY-99,-6.2146,106.8451,21.0
2026-05-07 14:45:16,DUMMY-99,-6.2146,106.8451,14.0
2026-05-07 14:45:17,SENS-JAKPUS,-6.1754,106.8272,10.0
2026-05-07 14:45:19,DUMMY-99,-6.2146,106.8451,0.0
2026-05-07 14:45:19,SENS-JAKSEL,-6.2615,106.8106,17.0
2026-05-07 14:45:21,DUMMY-99,-6.2146,106.8451,29.0
2026-05-07 14:45:23,DUMMY-99,-6.2146,106.8451,14.0
2026-05-07 14:45:23,SENS-JAKPUS,-6.1754,106.8272,12.0
2026-05-07 14:45:25,DUMMY-99,-6.2146,106.8451,25.0
2026-05-07 14:45:27,SENS-JAKSEL,-6.2615,106.8106,7.0
2026-05-07 14:45:27,DUMMY-99,-6.2146,106.8451,24.0
2026-05-07 14:45:29,DUMMY-99,-6.2146,106.8451,13.0
2026-05-07 14:45:31,DUMMY-99,-6.2146,106.8451,79.0
2026-05-07 14:45:31,SENS-JAKPUS,-6.1754,106.8272,18.0
2026-05-07 14:45:33,DUMMY-99,-6.2146,106.8451,11.0
2026-05-07 14:45:33,SENS-JAKSEL,-6.2615,106.8106,3.0
2026-05-07 14:45:35,DUMMY-99,-6.2146,106.8451,28.0
2026-05-07 14:45:37,DUMMY-99,-6.2146,106.8451,21.0
2026-05-07 14:45:37,SENS-JAKPUS,-6.1754,106.8272,11.0
2026-05-07 14:45:39,DUMMY-99,-6.2146,106.8451,14.0
2026-05-07 14:45:39,SENS-JAKSEL,-6.2615,106.8106,1.0
2026-05-07 14:45:40,DUMMY-99,-6.2146,106.8451,24.0
2026-05-07 14:45:43,DUMMY-99,-6.2146,106.8451,26.0
2026-05-07 14:45:43,SENS-JAKPUS,-6.1754,106.8272,0.0
2026-05-07 14:45:45,DUMMY-99,-6.2146,106.8451,14.0
2026-05-07 14:45:45,SENS-JAKSEL,-6.2615,106.8106,15.0
2026-05-07 14:45:47,DUMMY-99,-6.2146,106.8451,2.0
2026-05-07 14:45:49,DUMMY-99,-6.2146,106.8451,18.0
2026-05-07 14:45:49,SENS-JAKPUS,-6.1754,106.8272,1.0
2026-05-07 14:45:51,DUMMY-99,-6.2146,106.8451,4.0
2026-05-07 14:45:51,SENS-JAKSEL,-6.2615,106.8106,14.0
2026-05-07 14:45:53,DUMMY-99,-6.2146,106.8451,13.0
2026-05-07 14:45:55,DUMMY-99,-6.2146,106.8451,14.0
2026-05-07 14:45:55,SENS-JAKPUS,-6.1754,106.8272,10.0
2026-05-07 14:45:56,DUMMY-99,-6.2146,106.8451,8.0
2026-05-07 14:45:57,SENS-JAKSEL,-6.2615,106.8106,17.0
2026-05-07 14:45:59,DUMMY-99,-6.2146,106.8451,13.0
2026-05-07 14:46:01,DUMMY-99,-6.2146,106.8451,24.0
2026-05-07 14:46:01,SENS-JAKPUS,-6.1754,106.8272,13.0
2026-05-07 14:46:03,DUMMY-99,-6.2146,106.8451,26.0
2026-05-07 14:46:03,SENS-JAKSEL,-6.2615,106.8106,14.0
2026-05-07 14:46:04,DUMMY-99,-6.2146,106.8451,12.0
2026-05-07 14:46:07,DUMMY-99,-6.2146,106.8451,27.0
2026-05-07 14:46:08,SENS-JAKPUS,-6.1754,106.8272,18.0
2026-05-07 14:46:08,DUMMY-99,-6.2146,106.8451,25.0
2026-05-07 14:46:10,SENS-JAKSEL,-6.2615,106.8106,20.0
2026-05-07 14:46:11,DUMMY-99,-6.2146,106.8451,23.0
2026-05-07 14:46:12,DUMMY-99,-6.2146,106.8451,16.0
2026-05-07 14:46:14,SENS-JAKPUS,-6.1754,106.8272,2.0
2026-05-07 14:46:15,DUMMY-99,-6.2146,106.8451,4.0
2026-05-07 14:46:16,SENS-JAKSEL,-6.2615,106.8106,10.0
2026-05-07 14:46:16,DUMMY-99,-6.2146,106.8451,5.0
2026-05-07 14:46:19,DUMMY-99,-6.2146,106.8451,10.0
2026-05-07 14:46:20,SENS-JAKPUS,-6.1754,106.8272,4.0
2026-05-07 14:46:21,DUMMY-99,-6.2146,106.8451,12.0
2026-05-07 14:46:22,SENS-JAKSEL,-6.2615,106.8106,6.0
2026-05-07 14:46:23,DUMMY-99,-6.2146,106.8451,25.0
2026-05-07 14:46:24,DUMMY-99,-6.2146,106.8451,9.0
2026-05-07 14:46:26,SENS-JAKPUS,-6.1754,106.8272,14.0
2026-05-07 14:46:27,DUMMY-99,-6.2146,106.8451,0.0
2026-05-07 14:46:28,SENS-JAKSEL,-6.2615,106.8106,15.0
2026-05-07 14:46:29,DUMMY-99,-6.2146,106.8451,72.0
2026-05-07 14:46:31,DUMMY-99,-6.2146,106.8451,18.0
2026-05-07 14:46:33,DUMMY-99,-6.2146,106.8451,70.0
2026-05-07 14:46:35,DUMMY-99,-6.2146,106.8451,1.0
2026-05-07 14:46:35,SENS-JAKPUS,-6.1754,106.8272,66.0
2026-05-07 14:46:37,DUMMY-99,-6.2146,106.8451,13.0
2026-05-07 14:46:38,SENS-JAKSEL,-6.2615,106.8106,20.0
2026-05-07 14:46:39,DUMMY-99,-6.2146,106.8451,14.0
2026-05-07 14:46:40,DUMMY-99,-6.2146,106.8451,14.0
2026-05-07 14:46:43,DUMMY-99,-6.2146,106.8451,24.0
2026-05-07 14:46:45,SENS-JAKPUS,-6.1754,106.8272,0.0
2026-05-07 14:46:47,DUMMY-99,-6.2146,106.8451,24.0
2026-05-07 14:46:47,SENS-JAKSEL,-6.2615,106.8106,20.0
2026-05-07 14:46:48,DUMMY-99,-6.2146,106.8451,16.0
2026-05-07 14:46:51,DUMMY-99,-6.2146,106.8451,6.0
2026-05-07 14:46:53,DUMMY-99,-6.2146,106.8451,8.0
2026-05-07 14:46:55,SENS-JAKPUS,-6.1754,106.8272,19.0
2026-05-07 14:46:55,DUMMY-99,-6.2146,106.8451,14.0
2026-05-07 14:46:56,DUMMY-99,-6.2146,106.8451,19.0
2026-05-07 14:46:57,SENS-JAKSEL,-6.2615,106.8106,6.0
2026-05-07 14:46:59,DUMMY-99,-6.2146,106.8451,4.0
2026-05-07 14:47:00,DUMMY-99,-6.2146,106.8451,24.0
2026-05-07 14:47:03,DUMMY-99,-6.2146,106.8451,1.0
2026-05-07 14:47:04,SENS-JAKPUS,-6.1754,106.8272,7.0
2026-05-07 14:47:05,DUMMY-99,-6.2146,106.8451,0.0
2026-05-07 14:47:06,SENS-JAKSEL,-6.2615,106.8106,10.0
2026-05-07 14:47:07,DUMMY-99,-6.2146,106.8451,19.0
2026-05-07 14:47:09,DUMMY-99,-6.2146,106.8451,0.0
2026-05-07 14:47:11,DUMMY-99,-6.2146,106.8451,3.0
2026-05-07 14:47:13,DUMMY-99,-6.2146,106.8451,25.0
2026-05-07 14:47:13,SENS-JAKPUS,-6.1754,106.8272,19.0
2026-05-07 14:47:15,DUMMY-99,-6.2146,106.8451,20.0
2026-05-07 14:47:15,SENS-JAKSEL,-6.2615,106.8106,3.0
2026-05-07 14:47:16,DUMMY-99,-6.2146,106.8451,9.0
2026-05-07 14:47:19,DUMMY-99,-6.2146,106.8451,3.0
2026-05-07 14:47:21,DUMMY-99,-6.2146,106.8451,10.0
2026-05-07 14:47:23,DUMMY-99,-6.2146,106.8451,60.0
2026-05-07 14:47:23,SENS-JAKPUS,-6.1754,106.8272,19.0
2026-05-07 14:47:24,DUMMY-99,-6.2146,106.8451,28.0
2026-05-07 14:47:25,SENS-JAKSEL,-6.2615,106.8106,0.0
2026-05-07 14:47:27,DUMMY-99,-6.2146,106.8451,9.0
2026-05-07 14:47:29,DUMMY-99,-6.2146,106.8451,13.0
2026-05-07 14:47:31,DUMMY-99,-6.2146,106.8451,5.0
2026-05-07 14:47:32,SENS-JAKPUS,-6.1754,106.8272,16.0
2026-05-07 14:47:32,DUMMY-99,-6.2146,106.8451,20.0
2026-05-07 14:47:35,SENS-JAKSEL,-6.2615,106.8106,9.0
2026-05-07 14:47:35,DUMMY-99,-6.2146,106.8451,3.0
2026-05-07 14:47:37,DUMMY-99,-6.2146,106.8451,24.0
2026-05-07 14:47:39,DUMMY-99,-6.2146,106.8451,5.0
2026-05-07 14:47:40,DUMMY-99,-6.2146,106.8451,10.0
2026-05-07 14:47:43,SENS-JAKPUS,-6.1754,106.8272,6.0
2026-05-07 14:47:43,DUMMY-99,-6.2146,106.8451,20.0
2026-05-07 14:47:44,DUMMY-99,-6.2146,106.8451,5.0
2026-05-07 14:47:45,SENS-JAKSEL,-6.2615,106.8106,6.0
2026-05-07 14:47:47,DUMMY-99,-6.2146,106.8451,62.0
2026-05-07 14:47:49,DUMMY-99,-6.2146,106.8451,25.0
2026-05-07 14:47:51,DUMMY-99,-6.2146,106.8451,26.0
2026-05-07 14:47:52,SENS-JAKPUS,-6.1754,106.8272,0.0
2026-05-07 14:47:52,DUMMY-99,-6.2146,106.8451,22.0
2026-05-07 14:47:55,SENS-JAKSEL,-6.2615,106.8106,7.0
2026-05-07 14:47:55,DUMMY-99,-6.2146,106.8451,9.0
2026-05-07 14:47:56,DUMMY-99,-6.2146,106.8451,8.0
2026-05-07 14:47:59,DUMMY-99,-6.2146,106.8451,25.0
2026-05-07 14:48:01,DUMMY-99,-6.2146,106.8451,14.0
2026-05-07 14:48:03,SENS-JAKPUS,-6.1754,106.8272,15.0
2026-05-07 14:48:03,DUMMY-99,-6.2146,106.8451,8.0
2026-05-07 14:48:04,DUMMY-99,-6.2146,106.8451,23.0
2026-05-07 14:48:05,SENS-JAKSEL,-6.2615,106.8106,0.0
2026-05-07 14:48:07,DUMMY-99,-6.2146,106.8451,9.0
2026-05-07 14:48:08,DUMMY-99,-6.2146,106.8451,8.0
2026-05-07 14:48:11,DUMMY-99,-6.2146,106.8451,12.0
2026-05-07 14:48:12,SENS-JAKPUS,-6.1754,106.8272,14.0
2026-05-07 14:48:13,DUMMY-99,-6.2146,106.8451,23.0
2026-05-07 14:48:15,SENS-JAKSEL,-6.2615,106.8106,7.0
2026-05-07 14:48:15,DUMMY-99,-6.2146,106.8451,23.0
2026-05-07 14:48:17,DUMMY-99,-6.2146,106.8451,5.0
2026-05-07 14:48:19,DUMMY-99,-6.2146,106.8451,10.0
2026-05-07 14:48:20,DUMMY-99,-6.2146,106.8451,2.0
2026-05-07 14:48:23,DUMMY-99,-6.2146,106.8451,4.0
2026-05-07 14:48:23,SENS-JAKPUS,-6.1754,106.8272,9.0
2026-05-07 14:48:24,DUMMY-99,-6.2146,106.8451,8.0
2026-05-07 14:48:26,SENS-JAKSEL,-6.2615,106.8106,14.0
2026-05-07 14:48:27,DUMMY-99,-6.2146,106.8451,2.0
2026-05-07 14:48:29,DUMMY-99,-6.2146,106.8451,95.0
2026-05-07 14:48:31,DUMMY-99,-6.2146,106.8451,14.0
2026-05-07 14:48:32,DUMMY-99,-6.2146,106.8451,12.0
2026-05-07 14:48:33,SENS-JAKPUS,-6.1754,106.8272,3.0
2026-05-07 14:48:35,DUMMY-99,-6.2146,106.8451,2.0
2026-05-07 14:48:35,SENS-JAKSEL,-6.2615,106.8106,17.0
2026-05-07 14:48:36,DUMMY-99,-6.2146,106.8451,22.0
2026-05-07 14:48:39,DUMMY-99,-6.2146,106.8451,17.0
2026-05-07 14:48:40,DUMMY-99,-6.2146,106.8451,71.0
2026-05-07 14:48:43,DUMMY-99,-6.2146,106.8451,74.0
2026-05-07 14:48:43,SENS-JAKPUS,-6.1754,106.8272,9.0
2026-05-07 14:48:45,DUMMY-99,-6.2146,106.8451,26.0
2026-05-07 14:48:46,SENS-JAKSEL,-6.2615,106.8106,0.0
2026-05-07 14:48:47,DUMMY-99,-6.2146,106.8451,9.0
2026-05-07 14:48:49,DUMMY-99,-6.2146,106.8451,6.0
2026-05-07 14:48:51,DUMMY-99,-6.2146,106.8451,24.0
2026-05-07 14:48:53,DUMMY-99,-6.2146,106.8451,27.0
2026-05-07 14:48:53,SENS-JAKPUS,-6.1754,106.8272,87.0
2026-05-07 14:48:55,DUMMY-99,-6.2146,106.8451,14.0
2026-05-07 14:48:55,SENS-JAKSEL,-6.2615,106.8106,15.0
2026-05-07 14:48:57,DUMMY-99,-6.2146,106.8451,19.0
2026-05-07 14:48:59,DUMMY-99,-6.2146,106.8451,2.0
2026-05-07 14:49:01,DUMMY-99,-6.2146,106.8451,13.0
2026-05-07 14:49:03,DUMMY-99,-6.2146,106.8451,29.0
2026-05-07 14:49:03,SENS-JAKPUS,-6.1754,106.8272,71.0
2026-05-07 14:49:05,DUMMY-99,-6.2146,106.8451,22.0
2026-05-07 14:49:06,SENS-JAKSEL,-6.2615,106.8106,2.0
2026-05-07 14:49:07,DUMMY-99,-6.2146,106.8451,27.0
2026-05-07 14:49:08,DUMMY-99,-6.2146,106.8451,1.0
2026-05-07 14:49:11,DUMMY-99,-6.2146,106.8451,4.0
2026-05-07 14:49:13,DUMMY-99,-6.2146,106.8451,15.0
2026-05-07 14:49:13,SENS-JAKPUS,-6.1754,106.8272,8.0
2026-05-07 14:49:15,DUMMY-99,-6.2146,106.8451,12.0
2026-05-07 14:49:15,SENS-JAKSEL,-6.2615,106.8106,4.0
2026-05-07 14:49:17,DUMMY-99,-6.2146,106.8451,10.0
2026-05-07 14:49:19,DUMMY-99,-6.2146,106.8451,0.0
2026-05-07 14:49:21,DUMMY-99,-6.2146,106.8451,14.0
2026-05-07 14:49:23,DUMMY-99,-6.2146,106.8451,26.0
2026-05-07 14:49:23,SENS-JAKPUS,-6.1754,106.8272,5.0
2026-05-07 14:49:24,DUMMY-99,-6.2146,106.8451,21.0
2026-05-07 14:49:25,SENS-JAKSEL,-6.2615,106.8106,79.0
2026-05-07 14:49:27,DUMMY-99,-6.2146,106.8451,6.0
2026-05-07 14:49:28,DUMMY-99,-6.2146,106.8451,84.0
2026-05-07 14:49:31,DUMMY-99,-6.2146,106.8451,22.0
2026-05-07 14:49:32,SENS-JAKPUS,-6.1754,106.8272,3.0
2026-05-07 14:49:32,DUMMY-99,-6.2146,106.8451,9.0
2026-05-07 14:49:35,SENS-JAKSEL,-6.2615,106.8106,6.0
2026-05-07 14:49:35,DUMMY-99,-6.2146,106.8451,4.0
2026-05-07 14:49:37,DUMMY-99,-6.2146,106.8451,18.0
2026-05-07 14:49:39,DUMMY-99,-6.2146,106.8451,6.0
2026-05-07 14:49:40,DUMMY-99,-6.2146,106.8451,5.0
2026-05-07 14:49:43,SENS-JAKPUS,-6.1754,106.8272,2.0
2026-05-07 14:49:43,DUMMY-99,-6.2146,106.8451,10.0
2026-05-07 14:49:45,DUMMY-99,-6.2146,106.8451,10.0
2026-05-07 14:49:45,SENS-JAKSEL,-6.2615,106.8106,10.0
2026-05-07 14:49:47,DUMMY-99,-6.2146,106.8451,18.0
2026-05-07 14:49:48,DUMMY-99,-6.2146,106.8451,2.0
2026-05-07 14:49:51,DUMMY-99,-6.2146,106.8451,27.0
2026-05-07 14:49:52,SENS-JAKPUS,-6.1754,106.8272,97.0
2026-05-07 14:49:53,DUMMY-99,-6.2146,106.8451,77.0
2026-05-07 14:49:55,SENS-JAKSEL,-6.2615,106.8106,1.0
2026-05-07 14:49:55,DUMMY-99,-6.2146,106.8451,25.0
2026-05-07 14:49:57,DUMMY-99,-6.2146,106.8451,8.0
2026-05-07 14:49:59,DUMMY-99,-6.2146,106.8451,26.0
2026-05-07 14:50:00,DUMMY-99,-6.2146,106.8451,26.0
2026-05-07 14:50:03,SENS-JAKPUS,-6.1754,106.8272,17.0
2026-05-07 14:50:03,DUMMY-99,-6.2146,106.8451,5.0
2026-05-07 14:50:05,DUMMY-99,-6.2146,106.8451,11.0
2026-05-07 14:50:05,SENS-JAKSEL,-6.2615,106.8106,8.0
2026-05-07 14:50:07,DUMMY-99,-6.2146,106.8451,22.0
2026-05-07 14:50:08,DUMMY-99,-6.2146,106.8451,13.0
2026-05-07 14:50:11,DUMMY-99,-6.2146,106.8451,8.0
2026-05-07 14:50:12,SENS-JAKPUS,-6.1754,106.8272,7.0
2026-05-07 14:50:12,DUMMY-99,-6.2146,106.8451,10.0
2026-05-07 14:50:15,SENS-JAKSEL,-6.2615,106.8106,1.0
2026-05-07 14:50:15,DUMMY-99,-6.2146,106.8451,15.0
2026-05-07 14:50:17,DUMMY-99,-6.2146,106.8451,13.0
2026-05-07 14:50:19,DUMMY-99,-6.2146,106.8451,25.0
2026-05-07 14:50:20,DUMMY-99,-6.2146,106.8451,18.0
2026-05-07 14:50:23,SENS-JAKPUS,-6.1754,106.8272,20.0
2026-05-07 14:50:23,DUMMY-99,-6.2146,106.8451,10.0
2026-05-07 14:50:25,DUMMY-99,-6.2146,106.8451,1.0
2026-05-07 14:50:25,SENS-JAKSEL,-6.2615,106.8106,78.0
2026-05-07 14:50:27,DUMMY-99,-6.2146,106.8451,17.0
2026-05-07 14:50:28,DUMMY-99,-6.2146,106.8451,24.0
2026-05-07 14:50:31,DUMMY-99,-6.2146,106.8451,9.0
2026-05-07 14:50:32,SENS-JAKPUS,-6.1754,106.8272,0.0
2026-05-07 14:50:32,DUMMY-99,-6.2146,106.8451,9.0
2026-05-07 14:50:35,SENS-JAKSEL,-6.2615,106.8106,8.0
2026-05-07 14:50:35,DUMMY-99,-6.2146,106.8451,14.0
2026-05-07 14:50:37,DUMMY-99,-6.2146,106.8451,25.0
2026-05-07 14:50:39,DUMMY-99,-6.2146,106.8451,1.0
2026-05-07 14:50:41,DUMMY-99,-6.2146,106.8451,5.0
2026-05-07 14:50:43,SENS-JAKPUS,-6.1754,106.8272,1.0
2026-05-07 14:50:43,DUMMY-99,-6.2146,106.8451,16.0
2026-05-07 14:50:45,DUMMY-99,-6.2146,106.8451,8.0
2026-05-07 14:50:45,SENS-JAKSEL,-6.2615,106.8106,18.0
2026-05-07 14:50:47,DUMMY-99,-6.2146,106.8451,9.0
2026-05-07 14:50:48,DUMMY-99,-6.2146,106.8451,15.0
2026-05-07 14:50:51,DUMMY-99,-6.2146,106.8451,0.0
2026-05-07 14:50:52,SENS-JAKPUS,-6.1754,106.8272,7.0
2026-05-07 14:50:52,DUMMY-99,-6.2146,106.8451,60.0
2026-05-07 14:50:54,SENS-JAKSEL,-6.2615,106.8106,6.0
2026-05-07 14:50:55,DUMMY-99,-6.2146,106.8451,9.0
2026-05-07 14:50:57,DUMMY-99,-6.2146,106.8451,22.0
2026-05-07 14:50:59,DUMMY-99,-6.2146,106.8451,7.0
2026-05-07 14:51:01,SENS-JAKPUS,-6.1754,106.8272,2.0
2026-05-07 14:51:02,DUMMY-99,-6.2146,106.8451,22.0
2026-05-07 14:51:03,SENS-JAKSEL,-6.2615,106.8106,2.0
2026-05-07 14:51:04,DUMMY-99,-6.2146,106.8451,3.0
2026-05-07 14:51:06,DUMMY-99,-6.2146,106.8451,83.0
2026-05-07 14:51:09,DUMMY-99,-6.2146,106.8451,23.0
2026-05-07 14:51:11,DUMMY-99,-6.2146,106.8451,14.0
2026-05-07 14:51:11,SENS-JAKPUS,-6.1754,106.8272,63.0
2026-05-07 14:51:13,DUMMY-99,-6.2146,106.8451,2.0
2026-05-07 14:51:14,SENS-JAKSEL,-6.2615,106.8106,5.0
2026-05-07 14:51:15,DUMMY-99,-6.2146,106.8451,6.0
2026-05-07 14:51:17,DUMMY-99,-6.2146,106.8451,24.0
2026-05-07 14:51:19,DUMMY-99,-6.2146,106.8451,6.0
2026-05-07 14:51:21,DUMMY-99,-6.2146,106.8451,24.0
2026-05-07 14:51:21,SENS-JAKPUS,-6.1754,106.8272,14.0
2026-05-07 14:51:23,DUMMY-99,-6.2146,106.8451,29.0
2026-05-07 14:51:23,SENS-JAKSEL,-6.2615,106.8106,14.0
2026-05-07 14:51:25,DUMMY-99,-6.2146,106.8451,13.0
2026-05-07 14:51:27,DUMMY-99,-6.2146,106.8451,20.0
2026-05-07 14:51:29,DUMMY-99,-6.2146,106.8451,15.0
2026-05-07 14:51:31,DUMMY-99,-6.2146,106.8451,5.0
2026-05-07 14:51:31,SENS-JAKPUS,-6.1754,106.8272,10.0
2026-05-07 14:51:32,DUMMY-99,-6.2146,106.8451,14.0
2026-05-07 14:51:34,SENS-JAKSEL,-6.2615,106.8106,0.0
2026-05-07 14:51:35,DUMMY-99,-6.2146,106.8451,87.0
2026-05-07 14:51:37,DUMMY-99,-6.2146,106.8451,21.0
2026-05-07 14:51:39,DUMMY-99,-6.2146,106.8451,10.0
2026-05-07 14:51:40,DUMMY-99,-6.2146,106.8451,19.0
2026-05-07 14:51:41,SENS-JAKPUS,-6.1754,106.8272,7.0
2026-05-07 14:51:43,DUMMY-99,-6.2146,106.8451,20.0
2026-05-07 14:51:43,SENS-JAKSEL,-6.2615,106.8106,13.0
2026-05-07 14:51:45,DUMMY-99,-6.2146,106.8451,1.0
2026-05-07 14:51:46,DUMMY-99,-6.2146,106.8451,13.0
2026-05-07 14:51:48,DUMMY-99,-6.2146,106.8451,23.0
2026-05-07 14:51:51,DUMMY-99,-6.2146,106.8451,29.0
2026-05-07 14:51:51,SENS-JAKPUS,-6.1754,106.8272,16.0
2026-05-07 14:51:52,DUMMY-99,-6.2146,106.8451,4.0
2026-05-07 14:51:53,SENS-JAKSEL,-6.2615,106.8106,1.0
2026-05-07 14:51:55,DUMMY-99,-6.2146,106.8451,18.0
2026-05-07 14:51:56,DUMMY-99,-6.2146,106.8451,21.0
2026-05-07 14:51:58,DUMMY-99,-6.2146,106.8451,29.0
2026-05-07 14:52:00,SENS-JAKPUS,-6.1754,106.8272,100.0
2026-05-07 14:52:00,DUMMY-99,-6.2146,106.8451,21.0
2026-05-07 14:52:02,SENS-JAKSEL,-6.2615,106.8106,6.0
2026-05-07 14:52:03,DUMMY-99,-6.2146,106.8451,7.0
2026-05-07 14:52:04,DUMMY-99,-6.2146,106.8451,13.0
2026-05-07 14:52:06,DUMMY-99,-6.2146,106.8451,14.0
2026-05-07 14:52:09,DUMMY-99,-6.2146,106.8451,17.0
2026-05-07 14:52:09,SENS-JAKPUS,-6.1754,106.8272,11.0
2026-05-07 14:52:10,DUMMY-99,-6.2146,106.8451,18.0
2026-05-07 14:52:11,SENS-JAKSEL,-6.2615,106.8106,17.0
2026-05-07 14:52:12,DUMMY-99,-6.2146,106.8451,25.0
2026-05-07 14:52:14,DUMMY-99,-6.2146,106.8451,8.0
2026-05-07 14:52:16,DUMMY-99,-6.2146,106.8451,23.0
2026-05-07 14:52:18,SENS-JAKPUS,-6.1754,106.8272,9.0
2026-05-07 14:52:18,DUMMY-99,-6.2146,106.8451,9.0
2026-05-07 14:52:20,SENS-JAKSEL,-6.2615,106.8106,11.0
2026-05-07 14:52:21,DUMMY-99,-6.2146,106.8451,27.0
2026-05-07 14:52:22,DUMMY-99,-6.2146,106.8451,23.0
2026-05-07 14:52:25,DUMMY-99,-6.2146,106.8451,10.0
2026-05-07 14:52:26,DUMMY-99,-6.2146,106.8451,9.0
2026-05-07 14:52:27,SENS-JAKPUS,-6.1754,106.8272,11.0
2026-05-07 14:52:28,DUMMY-99,-6.2146,106.8451,19.0
2026-05-07 14:52:29,SENS-JAKSEL,-6.2615,106.8106,20.0
2026-05-07 14:52:30,DUMMY-99,-6.2146,106.8451,22.0
2026-05-07 14:52:33,DUMMY-99,-6.2146,106.8451,2.0
2026-05-07 14:52:35,DUMMY-99,-6.2146,106.8451,29.0
2026-05-07 14:52:36,SENS-JAKPUS,-6.1754,106.8272,4.0
2026-05-07 14:52:37,DUMMY-99,-6.2146,106.8451,20.0
2026-05-07 14:52:38,SENS-JAKSEL,-6.2615,106.8106,20.0
2026-05-07 14:52:38,DUMMY-99,-6.2146,106.8451,26.0
2026-05-07 14:52:40,DUMMY-99,-6.2146,106.8451,8.0
2026-05-07 14:53:40,DUMMY-99,-6.2146,106.8451,10.0
2026-05-07 14:53:40,SENS-JAKPUS,-6.1754,106.8272,2.0
2026-05-07 14:53:40,DUMMY-99,-6.2146,106.8451,21.0
2026-05-07 14:53:40,DUMMY-99,-6.2146,106.8451,22.0
2026-05-07 14:53:40,DUMMY-99,-6.2146,106.8451,21.0
2026-05-07 14:53:43,DUMMY-99,-6.2146,106.8451,11.0
2026-05-07 14:53:43,SENS-JAKSEL,-6.2615,106.8106,3.0
2026-05-07 14:53:44,DUMMY-99,-6.2146,106.8451,7.0
2026-05-07 14:53:47,DUMMY-99,-6.2146,106.8451,13.0
2026-05-07 14:53:48,DUMMY-99,-6.2146,106.8451,4.0
2026-05-07 14:53:50,SENS-JAKPUS,-6.1754,106.8272,90.0
2026-05-07 14:53:50,DUMMY-99,-6.2146,106.8451,22.0
2026-05-07 14:53:52,SENS-JAKSEL,-6.2615,106.8106,9.0
2026-05-07 14:53:52,DUMMY-99,-6.2146,106.8451,27.0
2026-05-07 14:53:54,DUMMY-99,-6.2146,106.8451,10.0
2026-05-07 14:53:57,DUMMY-99,-6.2146,106.8451,16.0
2026-05-07 14:53:59,DUMMY-99,-6.2146,106.8451,29.0
2026-05-07 14:53:59,SENS-JAKPUS,-6.1754,106.8272,79.0
2026-05-07 14:54:01,DUMMY-99,-6.2146,106.8451,11.0
2026-05-07 14:54:01,SENS-JAKSEL,-6.2615,106.8106,16.0
2026-05-07 14:54:03,DUMMY-99,-6.2146,106.8451,1.0
2026-05-07 14:54:05,DUMMY-99,-6.2146,106.8451,19.0
2026-05-07 14:54:07,DUMMY-99,-6.2146,106.8451,7.0
2026-05-07 14:54:08,SENS-JAKPUS,-6.1754,106.8272,91.0
2026-05-07 14:54:09,DUMMY-99,-6.2146,106.8451,16.0
2026-05-07 14:54:10,SENS-JAKSEL,-6.2615,106.8106,3.0
2026-05-07 14:54:10,DUMMY-99,-6.2146,106.8451,12.0
2026-05-07 14:54:13,DUMMY-99,-6.2146,106.8451,13.0
2026-05-07 14:54:14,DUMMY-99,-6.2146,106.8451,87.0
2026-05-07 14:54:17,DUMMY-99,-6.2146,106.8451,24.0
2026-05-07 14:54:17,SENS-JAKPUS,-6.1754,106.8272,10.0
2026-05-07 14:54:19,DUMMY-99,-6.2146,106.8451,81.0
2026-05-07 14:54:19,SENS-JAKSEL,-6.2615,106.8106,16.0
2026-05-07 14:54:21,DUMMY-99,-6.2146,106.8451,22.0
2026-05-07 14:54:22,DUMMY-99,-6.2146,106.8451,14.0
2026-05-07 14:54:25,DUMMY-99,-6.2146,106.8451,25.0
2026-05-07 14:54:26,SENS-JAKPUS,-6.1754,106.8272,1.0
2026-05-07 14:54:27,DUMMY-99,-6.2146,106.8451,19.0
2026-05-07 14:54:29,SENS-JAKSEL,-6.2615,106.8106,19.0
2026-05-07 14:54:29,DUMMY-99,-6.2146,106.8451,82.0
2026-05-07 14:54:30,DUMMY-99,-6.2146,106.8451,24.0
2026-05-07 14:54:33,DUMMY-99,-6.2146,106.8451,19.0
2026-05-07 14:54:34,DUMMY-99,-6.2146,106.8451,98.0
2026-05-07 14:54:37,SENS-JAKPUS,-6.1754,106.8272,69.0
2026-05-07 14:54:37,DUMMY-99,-6.2146,106.8451,13.0
2026-05-07 14:54:38,DUMMY-99,-6.2146,106.8451,97.0
2026-05-07 14:54:39,SENS-JAKSEL,-6.2615,106.8106,19.0
2026-05-07 14:54:41,DUMMY-99,-6.2146,106.8451,18.0
2026-05-07 14:54:43,DUMMY-99,-6.2146,106.8451,55.0
2026-05-07 14:54:45,DUMMY-99,-6.2146,106.8451,97.0
2026-05-07 14:54:46,SENS-JAKPUS,-6.1754,106.8272,89.0
2026-05-07 14:54:46,DUMMY-99,-6.2146,106.8451,20.0
2026-05-07 14:54:49,SENS-JAKSEL,-6.2615,106.8106,20.0
2026-05-07 14:54:49,DUMMY-99,-6.2146,106.8451,14.0
2026-05-07 14:54:50,DUMMY-99,-6.2146,106.8451,15.0
2026-05-07 14:54:53,DUMMY-99,-6.2146,106.8451,26.0
2026-05-07 14:54:55,DUMMY-99,-6.2146,106.8451,13.0
2026-05-07 14:54:57,SENS-JAKPUS,-6.1754,106.8272,1.0
2026-05-07 14:54:57,DUMMY-99,-6.2146,106.8451,15.0
2026-05-07 14:54:58,DUMMY-99,-6.2146,106.8451,25.0
2026-05-07 14:54:59,SENS-JAKSEL,-6.2615,106.8106,11.0
2026-05-07 14:55:01,DUMMY-99,-6.2146,106.8451,24.0
2026-05-07 14:55:02,DUMMY-99,-6.2146,106.8451,29.0
2026-05-07 14:55:05,DUMMY-99,-6.2146,106.8451,5.0
2026-05-07 14:55:06,SENS-JAKPUS,-6.1754,106.8272,8.0
2026-05-07 14:55:07,DUMMY-99,-6.2146,106.8451,28.0
2026-05-07 14:55:08,SENS-JAKSEL,-6.2615,106.8106,14.0
2026-05-07 14:55:09,DUMMY-99,-6.2146,106.8451,13.0
2026-05-07 14:55:11,DUMMY-99,-6.2146,106.8451,12.0
2026-05-07 14:55:13,DUMMY-99,-6.2146,106.8451,12.0
2026-05-07 14:55:15,DUMMY-99,-6.2146,106.8451,27.0
2026-05-07 14:55:15,SENS-JAKPUS,-6.1754,106.8272,80.0
2026-05-07 14:55:17,DUMMY-99,-6.2146,106.8451,20.0
2026-05-07 14:55:17,SENS-JAKSEL,-6.2615,106.8106,9.0
2026-05-07 14:55:18,DUMMY-99,-6.2146,106.8451,10.0
2026-05-07 14:55:21,DUMMY-99,-6.2146,106.8451,1.0
2026-05-07 14:55:22,DUMMY-99,-6.2146,106.8451,21.0
2026-05-07 14:55:25,DUMMY-99,-6.2146,106.8451,72.0
2026-05-07 14:55:25,SENS-JAKPUS,-6.1754,106.8272,16.0
2026-05-07 14:55:27,DUMMY-99,-6.2146,106.8451,9.0
2026-05-07 14:55:27,SENS-JAKSEL,-6.2615,106.8106,4.0
2026-05-07 14:55:29,DUMMY-99,-6.2146,106.8451,11.0
2026-05-07 14:55:30,DUMMY-99,-6.2146,106.8451,2.0
2026-05-07 14:55:33,DUMMY-99,-6.2146,106.8451,13.0
2026-05-07 14:55:35,DUMMY-99,-6.2146,106.8451,97.0
2026-05-07 14:55:35,SENS-JAKPUS,-6.1754,106.8272,16.0
2026-05-07 14:55:37,DUMMY-99,-6.2146,106.8451,12.0
2026-05-07 14:55:37,SENS-JAKSEL,-6.2615,106.8106,9.0
2026-05-07 14:55:39,DUMMY-99,-6.2146,106.8451,1.0
2026-05-07 14:55:41,DUMMY-99,-6.2146,106.8451,5.0
2026-05-07 14:55:43,DUMMY-99,-6.2146,106.8451,9.0
2026-05-07 14:55:44,SENS-JAKPUS,-6.1754,106.8272,5.0
2026-05-07 14:55:45,DUMMY-99,-6.2146,106.8451,22.0
2026-05-07 14:55:46,SENS-JAKSEL,-6.2615,106.8106,16.0
2026-05-07 14:55:47,DUMMY-99,-6.2146,106.8451,21.0
2026-05-07 14:55:49,DUMMY-99,-6.2146,106.8451,7.0
2026-05-07 14:55:50,DUMMY-99,-6.2146,106.8451,14.0
2026-05-07 14:55:53,DUMMY-99,-6.2146,106.8451,9.0
2026-05-07 14:55:53,SENS-JAKPUS,-6.1754,106.8272,18.0
2026-05-07 14:55:55,DUMMY-99,-6.2146,106.8451,26.0
2026-05-07 14:55:56,SENS-JAKSEL,-6.2615,106.8106,6.0
2026-05-07 14:55:57,DUMMY-99,-6.2146,106.8451,2.0
2026-05-07 14:55:58,DUMMY-99,-6.2146,106.8451,2.0
2026-05-07 14:56:01,DUMMY-99,-6.2146,106.8451,20.0
2026-05-07 14:56:03,DUMMY-99,-6.2146,106.8451,4.0
2026-05-07 14:56:03,SENS-JAKPUS,-6.1754,106.8272,15.0
2026-05-07 14:56:05,DUMMY-99,-6.2146,106.8451,17.0
2026-05-07 14:56:05,SENS-JAKSEL,-6.2615,106.8106,7.0
2026-05-07 14:56:06,DUMMY-99,-6.2146,106.8451,72.0
2026-05-07 14:56:09,DUMMY-99,-6.2146,106.8451,67.0
2026-05-07 14:56:11,DUMMY-99,-6.2146,106.8451,11.0
2026-05-07 14:56:13,DUMMY-99,-6.2146,106.8451,18.0
2026-05-07 14:56:13,SENS-JAKPUS,-6.1754,106.8272,2.0
2026-05-07 14:56:15,DUMMY-99,-6.2146,106.8451,11.0
2026-05-07 14:56:16,SENS-JAKSEL,-6.2615,106.8106,1.0
2026-05-07 14:56:17,DUMMY-99,-6.2146,106.8451,0.0
2026-05-07 14:56:19,DUMMY-99,-6.2146,106.8451,66.0
2026-05-07 14:56:21,DUMMY-99,-6.2146,106.8451,84.0
2026-05-07 14:56:22,DUMMY-99,-6.2146,106.8451,19.0
2026-05-07 14:56:23,SENS-JAKPUS,-6.1754,106.8272,8.0
2026-05-07 14:56:25,DUMMY-99,-6.2146,106.8451,0.0
2026-05-07 14:56:25,SENS-JAKSEL,-6.2615,106.8106,12.0
2026-05-07 14:56:27,DUMMY-99,-6.2146,106.8451,1.0
2026-05-07 14:56:29,DUMMY-99,-6.2146,106.8451,79.0
2026-05-07 14:56:30,DUMMY-99,-6.2146,106.8451,28.0
2026-05-07 14:56:33,DUMMY-99,-6.2146,106.8451,28.0
2026-05-07 14:56:33,SENS-JAKPUS,-6.1754,106.8272,5.0
2026-05-07 14:56:34,DUMMY-99,-6.2146,106.8451,9.0
2026-05-07 14:56:36,SENS-JAKSEL,-6.2615,106.8106,13.0
2026-05-07 14:56:37,DUMMY-99,-6.2146,106.8451,2.0
2026-05-07 14:56:38,DUMMY-99,-6.2146,106.8451,4.0
2026-05-07 14:57:40,DUMMY-99,-6.2146,106.8451,3.0
2026-05-07 14:57:40,SENS-JAKPUS,-6.1754,106.8272,15.0
2026-05-07 14:57:40,DUMMY-99,-6.2146,106.8451,26.0
2026-05-07 14:57:40,DUMMY-99,-6.2146,106.8451,10.0
2026-05-07 14:57:40,DUMMY-99,-6.2146,106.8451,14.0
2026-05-07 14:58:06,SENS-JAKSEL,-6.2615,106.8106,0.0
2026-05-07 14:58:06,DUMMY-99,-6.2146,106.8451,0.0
2026-05-07 14:58:06,DUMMY-99,-6.2146,106.8451,2.0
2026-05-07 14:58:06,DUMMY-99,-6.2146,106.8451,6.0
2026-05-07 14:58:06,DUMMY-99,-6.2146,106.8451,25.0
2026-05-07 14:58:07,DUMMY-99,-6.2146,106.8451,11.0
2026-05-07 14:58:09,DUMMY-99,-6.2146,106.8451,8.0
2026-05-07 14:58:10,DUMMY-99,-6.2146,106.8451,28.0
2026-05-07 14:58:13,DUMMY-99,-6.2146,106.8451,22.0
2026-05-07 14:58:13,SENS-JAKPUS,-6.1754,106.8272,17.0
2026-05-07 14:58:15,DUMMY-99,-6.2146,106.8451,2.0
2026-05-07 14:58:16,SENS-JAKSEL,-6.2615,106.8106,5.0
2026-05-07 14:58:17,DUMMY-99,-6.2146,106.8451,18.0
2026-05-07 14:58:18,DUMMY-99,-6.2146,106.8451,9.0
2026-05-07 14:58:21,DUMMY-99,-6.2146,106.8451,28.0
2026-05-07 14:58:23,DUMMY-99,-6.2146,106.8451,10.0
2026-05-07 14:58:23,SENS-JAKPUS,-6.1754,106.8272,0.0
2026-05-07 14:58:25,DUMMY-99,-6.2146,106.8451,5.0
2026-05-07 14:58:25,SENS-JAKSEL,-6.2615,106.8106,17.0
2026-05-07 14:58:27,DUMMY-99,-6.2146,106.8451,15.0
2026-05-07 14:58:29,DUMMY-99,-6.2146,106.8451,14.0
2026-05-07 14:58:30,DUMMY-99,-6.2146,106.8451,12.0
2026-05-07 14:58:33,DUMMY-99,-6.2146,106.8451,5.0
2026-05-07 14:58:33,SENS-JAKPUS,-6.1754,106.8272,0.0
2026-05-07 14:58:35,DUMMY-99,-6.2146,106.8451,21.0
2026-05-07 14:58:36,SENS-JAKSEL,-6.2615,106.8106,5.0
2026-05-07 14:58:37,DUMMY-99,-6.2146,106.8451,3.0
2026-05-07 14:58:38,DUMMY-99,-6.2146,106.8451,11.0
2026-05-07 14:58:41,DUMMY-99,-6.2146,106.8451,21.0
2026-05-07 14:58:43,DUMMY-99,-6.2146,106.8451,25.0
2026-05-07 14:58:43,SENS-JAKPUS,-6.1754,106.8272,15.0
2026-05-07 14:58:45,DUMMY-99,-6.2146,106.8451,1.0
2026-05-07 14:58:45,SENS-JAKSEL,-6.2615,106.8106,16.0
2026-05-07 14:58:46,DUMMY-99,-6.2146,106.8451,8.0
2026-05-07 14:58:49,DUMMY-99,-6.2146,106.8451,1.0
2026-05-07 14:58:51,DUMMY-99,-6.2146,106.8451,6.0
2026-05-07 14:58:53,DUMMY-99,-6.2146,106.8451,5.0
2026-05-07 14:58:53,SENS-JAKPUS,-6.1754,106.8272,20.0
2026-05-07 14:58:55,DUMMY-99,-6.2146,106.8451,61.0
2026-05-07 14:58:55,SENS-JAKSEL,-6.2615,106.8106,18.0
2026-05-07 14:58:57,DUMMY-99,-6.2146,106.8451,7.0
2026-05-07 14:58:59,DUMMY-99,-6.2146,106.8451,1.0
2026-05-07 14:59:01,DUMMY-99,-6.2146,106.8451,9.0
2026-05-07 14:59:03,DUMMY-99,-6.2146,106.8451,20.0
2026-05-07 14:59:03,SENS-JAKPUS,-6.1754,106.8272,9.0
2026-05-07 14:59:05,DUMMY-99,-6.2146,106.8451,26.0
2026-05-07 14:59:05,SENS-JAKSEL,-6.2615,106.8106,19.0
2026-05-07 14:59:06,DUMMY-99,-6.2146,106.8451,25.0
2026-05-07 14:59:40,DUMMY-99,-6.2146,106.8451,25.0
2026-05-07 14:59:40,SENS-JAKPUS,-6.1754,106.8272,8.0
2026-05-07 14:59:40,DUMMY-99,-6.2146,106.8451,26.0
2026-05-07 14:59:40,DUMMY-99,-6.2146,106.8451,25.0
2026-05-07 14:59:40,DUMMY-99,-6.2146,106.8451,3.0
2026-05-07 14:59:41,DUMMY-99,-6.2146,106.8451,9.0
2026-05-07 14:59:42,DUMMY-99,-6.2146,106.8451,17.0
2026-05-07 14:59:43,SENS-JAKSEL,-6.2615,106.8106,11.0
2026-05-07 14:59:44,DUMMY-99,-6.2146,106.8451,7.0
2026-05-07 14:59:47,DUMMY-99,-6.2146,106.8451,28.0
2026-05-07 14:59:48,DUMMY-99,-6.2146,106.8451,5.0
2026-05-07 14:59:50,SENS-JAKPUS,-6.1754,106.8272,20.0
2026-05-07 14:59:50,DUMMY-99,-6.2146,106.8451,10.0
2026-05-07 14:59:52,SENS-JAKSEL,-6.2615,106.8106,11.0
2026-05-07 14:59:52,DUMMY-99,-6.2146,106.8451,22.0
2026-05-07 14:59:54,DUMMY-99,-6.2146,106.8451,8.0
2026-05-07 14:59:57,DUMMY-99,-6.2146,106.8451,23.0
2026-05-07 14:59:59,DUMMY-99,-6.2146,106.8451,11.0
2026-05-07 14:59:59,SENS-JAKPUS,-6.1754,106.8272,2.0
2026-05-07 15:00:01,DUMMY-99,-6.2146,106.8451,11.0
2026-05-07 15:00:01,SENS-JAKSEL,-6.2615,106.8106,6.0
2026-05-07 15:00:03,DUMMY-99,-6.2146,106.8451,22.0
2026-05-07 15:00:04,DUMMY-99,-6.2146,106.8451,7.0
2026-05-07 15:00:07,DUMMY-99,-6.2146,106.8451,18.0
2026-05-07 15:00:08,SENS-JAKPUS,-6.1754,106.8272,5.0
2026-05-07 15:00:09,DUMMY-99,-6.2146,106.8451,18.0
2026-05-07 15:00:10,SENS-JAKSEL,-6.2615,106.8106,15.0
2026-05-07 15:00:10,DUMMY-99,-6.2146,106.8451,3.0
2026-05-07 15:00:12,DUMMY-99,-6.2146,106.8451,16.0
2026-05-07 15:00:14,DUMMY-99,-6.2146,106.8451,24.0
2026-05-07 15:00:16,DUMMY-99,-6.2146,106.8451,3.0
2026-05-07 15:00:17,SENS-JAKPUS,-6.1754,106.8272,7.0
2026-05-07 15:00:18,DUMMY-99,-6.2146,106.8451,9.0
2026-05-07 15:00:19,SENS-JAKSEL,-6.2615,106.8106,15.0
2026-05-07 15:00:20,DUMMY-99,-6.2146,106.8451,26.0
2026-05-07 15:00:22,DUMMY-99,-6.2146,106.8451,3.0
2026-05-07 15:00:25,DUMMY-99,-6.2146,106.8451,20.0
2026-05-07 15:00:26,SENS-JAKPUS,-6.1754,106.8272,16.0
2026-05-07 15:00:27,DUMMY-99,-6.2146,106.8451,9.0
2026-05-07 15:00:28,SENS-JAKSEL,-6.2615,106.8106,5.0
2026-05-07 15:00:29,DUMMY-99,-6.2146,106.8451,14.0
2026-05-07 15:00:31,DUMMY-99,-6.2146,106.8451,0.0
2026-05-07 15:00:32,DUMMY-99,-6.2146,106.8451,15.0
2026-05-07 15:00:35,DUMMY-99,-6.2146,106.8451,22.0
2026-05-07 15:00:35,SENS-JAKPUS,-6.1754,106.8272,12.0
2026-05-07 15:00:37,DUMMY-99,-6.2146,106.8451,28.0
2026-05-07 15:00:37,SENS-JAKSEL,-6.2615,106.8106,6.0
2026-05-07 15:00:39,DUMMY-99,-6.2146,106.8451,27.0
2026-05-07 15:00:41,DUMMY-99,-6.2146,106.8451,3.0
2026-05-07 15:00:58,DUMMY-99,-6.2146,106.8451,16.0
2026-05-07 15:00:58,SENS-JAKPUS,-6.1754,106.8272,20.0
2026-05-07 15:00:58,DUMMY-99,-6.2146,106.8451,2.0
2026-05-07 15:00:58,DUMMY-99,-6.2146,106.8451,12.0
2026-05-07 15:00:58,DUMMY-99,-6.2146,106.8451,24.0
2026-05-07 15:01:01,SENS-JAKSEL,-6.2615,106.8106,20.0
2026-05-07 15:01:01,DUMMY-99,-6.2146,106.8451,27.0
2026-05-07 15:01:02,DUMMY-99,-6.2146,106.8451,2.0
2026-05-07 15:01:05,DUMMY-99,-6.2146,106.8451,27.0
2026-05-07 15:01:06,DUMMY-99,-6.2146,106.8451,3.0
2026-05-07 15:01:08,SENS-JAKPUS,-6.1754,106.8272,0.0
2026-05-07 15:01:09,DUMMY-99,-6.2146,106.8451,8.0
2026-05-07 15:01:10,SENS-JAKSEL,-6.2615,106.8106,96.0
2026-05-07 15:01:11,DUMMY-99,-6.2146,106.8451,18.0
2026-05-07 15:01:13,DUMMY-99,-6.2146,106.8451,28.0
2026-05-07 15:01:14,DUMMY-99,-6.2146,106.8451,13.0
2026-05-07 15:01:17,DUMMY-99,-6.2146,106.8451,4.0
2026-05-07 15:01:17,SENS-JAKPUS,-6.1754,106.8272,7.0
2026-05-07 15:01:18,DUMMY-99,-6.2146,106.8451,8.0
2026-05-07 15:01:20,SENS-JAKSEL,-6.2615,106.8106,17.0
2026-05-07 15:01:21,DUMMY-99,-6.2146,106.8451,22.0
2026-05-07 15:01:22,DUMMY-99,-6.2146,106.8451,10.0
2026-05-07 15:01:25,DUMMY-99,-6.2146,106.8451,11.0
2026-05-07 15:01:26,DUMMY-99,-6.2146,106.8451,11.0
2026-05-07 15:01:27,SENS-JAKPUS,-6.1754,106.8272,2.0
2026-05-07 15:01:29,DUMMY-99,-6.2146,106.8451,13.0
2026-05-07 15:01:29,SENS-JAKSEL,-6.2615,106.8106,18.0
2026-05-07 15:01:30,DUMMY-99,-6.2146,106.8451,23.0
2026-05-07 15:01:33,DUMMY-99,-6.2146,106.8451,11.0
2026-05-07 15:01:35,DUMMY-99,-6.2146,106.8451,13.0
2026-05-07 15:01:37,DUMMY-99,-6.2146,106.8451,22.0
2026-05-07 15:01:37,SENS-JAKPUS,-6.1754,106.8272,5.0
2026-05-07 15:01:38,DUMMY-99,-6.2146,106.8451,26.0
2026-05-07 15:01:39,SENS-JAKSEL,-6.2615,106.8106,71.0
2026-05-07 15:01:41,DUMMY-99,-6.2146,106.8451,26.0
2026-05-07 15:01:42,DUMMY-99,-6.2146,106.8451,16.0
2026-05-07 15:01:45,DUMMY-99,-6.2146,106.8451,27.0
2026-05-07 15:01:46,DUMMY-99,-6.2146,106.8451,10.0
2026-05-07 15:01:47,SENS-JAKPUS,-6.1754,106.8272,1.0
2026-05-07 15:01:49,DUMMY-99,-6.2146,106.8451,0.0
2026-05-07 15:01:49,SENS-JAKSEL,-6.2615,106.8106,15.0
2026-05-07 15:01:51,DUMMY-99,-6.2146,106.8451,0.0
2026-05-07 15:01:53,DUMMY-99,-6.2146,106.8451,4.0
2026-05-07 15:01:54,DUMMY-99,-6.2146,106.8451,24.0
2026-05-07 15:02:04,DUMMY-99,-6.2146,106.8451,19.0
2026-05-07 15:02:06,DUMMY-99,-6.2146,106.8451,29.0
2026-05-07 15:02:09,SENS-JAKPUS,-6.1754,106.8272,67.0
2026-05-07 15:02:09,DUMMY-99,-6.2146,106.8451,26.0
2026-05-07 15:02:11,SENS-JAKSEL,-6.2615,106.8106,81.0
2026-05-07 15:02:11,DUMMY-99,-6.2146,106.8451,27.0
2026-05-07 15:02:12,DUMMY-99,-6.2146,106.8451,2.0
2026-05-07 15:02:15,DUMMY-99,-6.2146,106.8451,14.0
2026-05-07 15:02:16,DUMMY-99,-6.2146,106.8451,19.0
2026-05-07 15:02:18,SENS-JAKPUS,-6.1754,106.8272,3.0
2026-05-07 15:02:18,DUMMY-99,-6.2146,106.8451,19.0
2026-05-07 15:02:20,SENS-JAKSEL,-6.2615,106.8106,8.0
2026-05-07 15:02:20,DUMMY-99,-6.2146,106.8451,12.0
2026-05-07 15:02:23,DUMMY-99,-6.2146,106.8451,55.0
2026-05-07 15:02:25,DUMMY-99,-6.2146,106.8451,23.0
2026-05-07 15:02:27,DUMMY-99,-6.2146,106.8451,2.0
2026-05-07 15:02:27,SENS-JAKPUS,-6.1754,106.8272,1.0
2026-05-07 15:02:29,DUMMY-99,-6.2146,106.8451,26.0
2026-05-07 15:02:29,SENS-JAKSEL,-6.2615,106.8106,8.0
2026-05-07 15:02:30,DUMMY-99,-6.2146,106.8451,11.0
2026-05-07 15:02:32,DUMMY-99,-6.2146,106.8451,4.0
2026-05-07 15:02:35,DUMMY-99,-6.2146,106.8451,17.0
2026-05-07 15:02:36,SENS-JAKPUS,-6.1754,106.8272,84.0
2026-05-07 15:02:37,DUMMY-99,-6.2146,106.8451,26.0
2026-05-07 15:02:38,SENS-JAKSEL,-6.2615,106.8106,13.0
2026-05-07 15:02:38,DUMMY-99,-6.2146,106.8451,90.0
2026-05-07 15:02:41,DUMMY-99,-6.2146,106.8451,20.0
2026-05-07 15:02:42,DUMMY-99,-6.2146,106.8451,18.0
2026-05-07 15:02:45,DUMMY-99,-6.2146,106.8451,57.0
2026-05-07 15:02:45,SENS-JAKPUS,-6.1754,106.8272,81.0
2026-05-07 15:02:46,DUMMY-99,-6.2146,106.8451,21.0
2026-05-07 15:02:47,SENS-JAKSEL,-6.2615,106.8106,17.0
2026-05-07 15:02:49,DUMMY-99,-6.2146,106.8451,6.0
2026-05-07 15:02:51,DUMMY-99,-6.2146,106.8451,8.0
2026-05-07 15:02:52,DUMMY-99,-6.2146,106.8451,15.0
2026-05-07 15:02:54,SENS-JAKPUS,-6.1754,106.8272,1.0
2026-05-07 15:02:54,DUMMY-99,-6.2146,106.8451,11.0
2026-05-07 15:02:56,SENS-JAKSEL,-6.2615,106.8106,19.0
2026-05-07 15:02:57,DUMMY-99,-6.2146,106.8451,24.0
2026-05-07 15:02:59,DUMMY-99,-6.2146,106.8451,5.0
2026-05-07 15:03:00,DUMMY-99,-6.2146,106.8451,14.0
2026-05-07 15:03:02,DUMMY-99,-6.2146,106.8451,84.0
2026-05-07 15:03:03,SENS-JAKPUS,-6.1754,106.8272,18.0
2026-05-07 15:03:04,DUMMY-99,-6.2146,106.8451,18.0
2026-05-07 15:03:05,SENS-JAKSEL,-6.2615,106.8106,0.0
2026-05-07 15:03:07,DUMMY-99,-6.2146,106.8451,20.0
2026-05-07 15:03:08,DUMMY-99,-6.2146,106.8451,16.0
2026-05-07 15:03:10,DUMMY-99,-6.2146,106.8451,1.0
2026-05-07 15:03:12,SENS-JAKPUS,-6.1754,106.8272,15.0
2026-05-07 15:03:12,DUMMY-99,-6.2146,106.8451,5.0
2026-05-07 15:03:14,SENS-JAKSEL,-6.2615,106.8106,18.0
2026-05-07 15:03:14,DUMMY-99,-6.2146,106.8451,90.0
2026-05-07 15:03:17,DUMMY-99,-6.2146,106.8451,61.0
2026-05-07 15:03:18,DUMMY-99,-6.2146,106.8451,3.0
2026-05-07 15:03:20,DUMMY-99,-6.2146,106.8451,12.0
2026-05-07 15:03:21,SENS-JAKPUS,-6.1754,106.8272,71.0
2026-05-07 15:03:22,DUMMY-99,-6.2146,106.8451,4.0
2026-05-07 15:03:23,SENS-JAKSEL,-6.2615,106.8106,13.0
2026-05-07 15:03:24,DUMMY-99,-6.2146,106.8451,81.0
2026-05-07 15:03:27,DUMMY-99,-6.2146,106.8451,26.0
2026-05-07 15:03:28,DUMMY-99,-6.2146,106.8451,5.0
2026-05-07 15:03:30,SENS-JAKPUS,-6.1754,106.8272,6.0
2026-05-07 15:03:30,DUMMY-99,-6.2146,106.8451,8.0
2026-05-07 15:03:32,SENS-JAKSEL,-6.2615,106.8106,7.0
2026-05-07 15:03:32,DUMMY-99,-6.2146,106.8451,27.0
2026-05-07 15:03:34,DUMMY-99,-6.2146,106.8451,27.0
2026-05-07 15:03:37,DUMMY-99,-6.2146,106.8451,77.0
2026-05-07 15:03:38,DUMMY-99,-6.2146,106.8451,17.0
2026-05-07 15:03:39,SENS-JAKPUS,-6.1754,106.8272,4.0
2026-05-07 15:03:40,DUMMY-99,-6.2146,106.8451,17.0
2026-05-07 15:03:41,SENS-JAKSEL,-6.2615,106.8106,19.0
2026-05-07 15:03:43,DUMMY-99,-6.2146,106.8451,21.0
2026-05-07 15:03:45,DUMMY-99,-6.2146,106.8451,71.0
2026-05-07 15:03:46,DUMMY-99,-6.2146,106.8451,29.0
2026-05-07 15:03:48,SENS-JAKPUS,-6.1754,106.8272,1.0
2026-05-07 15:03:49,DUMMY-99,-6.2146,106.8451,4.0
2026-05-07 15:03:50,SENS-JAKSEL,-6.2615,106.8106,0.0
2026-05-07 15:03:50,DUMMY-99,-6.2146,106.8451,22.0
2026-05-07 15:03:53,DUMMY-99,-6.2146,106.8451,20.0
2026-05-07 15:03:54,DUMMY-99,-6.2146,106.8451,23.0
2026-05-07 15:03:57,DUMMY-99,-6.2146,106.8451,19.0
2026-05-07 15:03:57,SENS-JAKPUS,-6.1754,106.8272,7.0
2026-05-07 15:03:58,DUMMY-99,-6.2146,106.8451,11.0
2026-05-07 15:03:59,SENS-JAKSEL,-6.2615,106.8106,13.0
2026-05-07 15:04:00,DUMMY-99,-6.2146,106.8451,5.0
2026-05-07 15:04:02,DUMMY-99,-6.2146,106.8451,17.0
2026-05-07 15:04:04,DUMMY-99,-6.2146,106.8451,5.0
2026-05-07 15:04:06,SENS-JAKPUS,-6.1754,106.8272,16.0
2026-05-07 15:04:07,DUMMY-99,-6.2146,106.8451,62.0
2026-05-07 15:04:08,SENS-JAKSEL,-6.2615,106.8106,70.0
2026-05-07 15:04:08,DUMMY-99,-6.2146,106.8451,27.0
2026-05-07 15:04:10,DUMMY-99,-6.2146,106.8451,8.0
2026-05-07 15:04:12,DUMMY-99,-6.2146,106.8451,13.0
2026-05-07 15:04:15,DUMMY-99,-6.2146,106.8451,27.0
2026-05-07 15:04:15,SENS-JAKPUS,-6.1754,106.8272,2.0
2026-05-07 15:04:17,DUMMY-99,-6.2146,106.8451,11.0
2026-05-07 15:04:17,SENS-JAKSEL,-6.2615,106.8106,16.0
2026-05-07 15:04:19,DUMMY-99,-6.2146,106.8451,22.0
2026-05-07 15:04:20,DUMMY-99,-6.2146,106.8451,16.0
2026-05-07 15:04:23,DUMMY-99,-6.2146,106.8451,15.0
2026-05-07 15:04:24,DUMMY-99,-6.2146,106.8451,8.0
2026-05-07 15:04:25,SENS-JAKPUS,-6.1754,106.8272,11.0
2026-05-07 15:04:27,SENS-JAKSEL,-6.2615,106.8106,7.0
2026-05-07 15:04:27,DUMMY-99,-6.2146,106.8451,12.0
2026-05-07 15:04:28,DUMMY-99,-6.2146,106.8451,3.0
2026-05-07 15:04:30,DUMMY-99,-6.2146,106.8451,20.0
2026-05-07 15:04:33,DUMMY-99,-6.2146,106.8451,82.0
2026-05-07 15:04:34,SENS-JAKPUS,-6.1754,106.8272,3.0
2026-05-07 15:04:35,DUMMY-99,-6.2146,106.8451,26.0
2026-05-07 15:04:36,SENS-JAKSEL,-6.2615,106.8106,9.0
2026-05-07 15:04:37,DUMMY-99,-6.2146,106.8451,5.0
2026-05-07 15:04:39,DUMMY-99,-6.2146,106.8451,27.0
2026-05-07 15:04:41,DUMMY-99,-6.2146,106.8451,9.0
2026-05-07 15:04:42,DUMMY-99,-6.2146,106.8451,15.0
2026-05-07 15:04:43,SENS-JAKPUS,-6.1754,106.8272,17.0
2026-05-07 15:04:44,DUMMY-99,-6.2146,106.8451,8.0
2026-05-07 15:04:45,SENS-JAKSEL,-6.2615,106.8106,20.0
2026-05-07 15:04:46,DUMMY-99,-6.2146,106.8451,22.0
2026-05-07 15:04:49,DUMMY-99,-6.2146,106.8451,10.0
2026-05-07 15:04:51,DUMMY-99,-6.2146,106.8451,0.0
2026-05-07 15:04:52,SENS-JAKPUS,-6.1754,106.8272,19.0
2026-05-07 15:04:53,DUMMY-99,-6.2146,106.8451,10.0
2026-05-07 15:04:54,SENS-JAKSEL,-6.2615,106.8106,17.0
2026-05-07 15:04:54,DUMMY-99,-6.2146,106.8451,19.0
2026-05-07 15:04:57,DUMMY-99,-6.2146,106.8451,22.0
2026-05-07 15:04:59,DUMMY-99,-6.2146,106.8451,1.0
2026-05-07 15:05:00,DUMMY-99,-6.2146,106.8451,17.0
2026-05-07 15:05:01,SENS-JAKPUS,-6.1754,106.8272,1.0
2026-05-07 15:05:02,DUMMY-99,-6.2146,106.8451,11.0
2026-05-07 15:05:03,SENS-JAKSEL,-6.2615,106.8106,13.0
2026-05-07 15:05:04,DUMMY-99,-6.2146,106.8451,23.0
2026-05-07 15:05:07,DUMMY-99,-6.2146,106.8451,24.0
2026-05-07 15:05:09,DUMMY-99,-6.2146,106.8451,17.0
2026-05-07 15:05:10,SENS-JAKPUS,-6.1754,106.8272,9.0
2026-05-07 15:05:11,DUMMY-99,-6.2146,106.8451,5.0
2026-05-07 15:05:12,SENS-JAKSEL,-6.2615,106.8106,15.0
2026-05-07 15:05:12,DUMMY-99,-6.2146,106.8451,0.0
2026-05-07 15:05:15,DUMMY-99,-6.2146,106.8451,7.0
2026-05-07 15:05:17,DUMMY-99,-6.2146,106.8451,13.0
2026-05-07 15:05:18,DUMMY-99,-6.2146,106.8451,2.0
2026-05-07 15:05:19,SENS-JAKPUS,-6.1754,106.8272,2.0
2026-05-07 15:05:21,DUMMY-99,-6.2146,106.8451,22.0
2026-05-07 15:05:21,SENS-JAKSEL,-6.2615,106.8106,14.0
2026-05-07 15:05:22,DUMMY-99,-6.2146,106.8451,9.0
2026-05-07 15:05:25,DUMMY-99,-6.2146,106.8451,13.0
2026-05-07 15:05:26,DUMMY-99,-6.2146,106.8451,28.0
2026-05-07 15:05:28,SENS-JAKPUS,-6.1754,106.8272,1.0
2026-05-07 15:05:28,DUMMY-99,-6.2146,106.8451,6.0
2026-05-07 15:05:30,SENS-JAKSEL,-6.2615,106.8106,4.0
2026-05-07 15:05:30,DUMMY-99,-6.2146,106.8451,8.0
2026-05-07 15:05:33,DUMMY-99,-6.2146,106.8451,23.0
2026-05-07 15:05:35,DUMMY-99,-6.2146,106.8451,5.0
2026-05-07 15:05:37,DUMMY-99,-6.2146,106.8451,5.0
2026-05-07 15:05:37,SENS-JAKPUS,-6.1754,106.8272,9.0
2026-05-07 15:05:38,DUMMY-99,-6.2146,106.8451,18.0
2026-05-07 15:05:39,SENS-JAKSEL,-6.2615,106.8106,16.0
2026-05-07 15:05:41,DUMMY-99,-6.2146,106.8451,18.0
2026-05-07 15:05:42,DUMMY-99,-6.2146,106.8451,70.0
2026-05-07 15:05:45,DUMMY-99,-6.2146,106.8451,15.0
2026-05-07 15:05:46,SENS-JAKPUS,-6.1754,106.8272,14.0
2026-05-07 15:05:46,DUMMY-99,-6.2146,106.8451,22.0
2026-05-07 15:05:48,SENS-JAKSEL,-6.2615,106.8106,19.0
2026-05-07 15:05:48,DUMMY-99,-6.2146,106.8451,9.0
2026-05-07 15:05:51,DUMMY-99,-6.2146,106.8451,10.0
2026-05-07 15:05:53,DUMMY-99,-6.2146,106.8451,2.0
2026-05-07 15:05:54,DUMMY-99,-6.2146,106.8451,23.0
2026-05-07 15:05:55,SENS-JAKPUS,-6.1754,106.8272,82.0
2026-05-07 15:05:56,DUMMY-99,-6.2146,106.8451,4.0
2026-05-07 15:05:57,SENS-JAKSEL,-6.2615,106.8106,97.0
2026-05-07 15:05:59,DUMMY-99,-6.2146,106.8451,6.0
2026-05-07 15:06:00,DUMMY-99,-6.2146,106.8451,27.0
2026-05-07 15:06:02,DUMMY-99,-6.2146,106.8451,29.0
2026-05-07 15:06:05,SENS-JAKPUS,-6.1754,106.8272,17.0
2026-05-07 15:06:05,DUMMY-99,-6.2146,106.8451,23.0
2026-05-07 15:06:06,DUMMY-99,-6.2146,106.8451,94.0
2026-05-07 15:06:07,SENS-JAKSEL,-6.2615,106.8106,10.0
2026-05-07 15:06:09,DUMMY-99,-6.2146,106.8451,24.0
2026-05-07 15:06:10,DUMMY-99,-6.2146,106.8451,21.0
2026-05-07 15:06:13,DUMMY-99,-6.2146,106.8451,9.0
2026-05-07 15:06:14,SENS-JAKPUS,-6.1754,106.8272,2.0
2026-05-07 15:06:15,DUMMY-99,-6.2146,106.8451,6.0
2026-05-07 15:06:16,SENS-JAKSEL,-6.2615,106.8106,14.0
2026-05-07 15:06:16,DUMMY-99,-6.2146,106.8451,17.0
2026-05-07 15:06:19,DUMMY-99,-6.2146,106.8451,24.0
2026-05-07 15:06:21,DUMMY-99,-6.2146,106.8451,19.0
2026-05-07 15:06:23,DUMMY-99,-6.2146,106.8451,2.0
2026-05-07 15:06:23,SENS-JAKPUS,-6.1754,106.8272,2.0
2026-05-07 15:06:24,DUMMY-99,-6.2146,106.8451,16.0
2026-05-07 15:06:25,SENS-JAKSEL,-6.2615,106.8106,9.0
2026-05-07 15:06:26,DUMMY-99,-6.2146,106.8451,8.0
2026-05-07 15:06:28,DUMMY-99,-6.2146,106.8451,23.0
2026-05-07 15:06:30,DUMMY-99,-6.2146,106.8451,7.0
2026-05-07 15:06:32,SENS-JAKPUS,-6.1754,106.8272,20.0
2026-05-07 15:06:33,DUMMY-99,-6.2146,106.8451,10.0
2026-05-07 15:06:34,SENS-JAKSEL,-6.2615,106.8106,16.0
2026-05-07 15:06:35,DUMMY-99,-6.2146,106.8451,2.0
2026-05-07 15:06:36,DUMMY-99,-6.2146,106.8451,21.0
2026-05-07 15:06:39,DUMMY-99,-6.2146,106.8451,21.0
2026-05-07 15:06:41,DUMMY-99,-6.2146,106.8451,9.0
2026-05-07 15:06:41,SENS-JAKPUS,-6.1754,106.8272,17.0
2026-05-07 15:06:43,DUMMY-99,-6.2146,106.8451,0.0
2026-05-07 15:06:43,SENS-JAKSEL,-6.2615,106.8106,8.0
2026-05-07 15:06:46,DUMMY-99,-6.2146,106.8451,20.0
2026-05-07 15:06:49,DUMMY-99,-6.2146,106.8451,11.0
2026-05-07 15:06:50,SENS-JAKPUS,-6.1754,106.8272,14.0
2026-05-07 15:06:51,DUMMY-99,-6.2146,106.8451,3.0
2026-05-07 15:06:52,SENS-JAKSEL,-6.2615,106.8106,16.0
2026-05-07 15:06:53,DUMMY-99,-6.2146,106.8451,8.0
2026-05-07 15:06:54,DUMMY-99,-6.2146,106.8451,27.0
2026-05-07 15:06:57,DUMMY-99,-6.2146,106.8451,17.0
2026-05-07 15:06:58,DUMMY-99,-6.2146,106.8451,25.0
2026-05-07 15:06:59,SENS-JAKPUS,-6.1754,106.8272,5.0
2026-05-07 15:07:01,DUMMY-99,-6.2146,106.8451,7.0
2026-05-07 15:07:01,SENS-JAKSEL,-6.2615,106.8106,18.0
2026-05-07 15:07:02,DUMMY-99,-6.2146,106.8451,14.0
2026-05-07 15:07:05,DUMMY-99,-6.2146,106.8451,18.0
2026-05-07 15:07:07,DUMMY-99,-6.2146,106.8451,7.0
2026-05-07 15:07:08,SENS-JAKPUS,-6.1754,106.8272,18.0
2026-05-07 15:07:08,DUMMY-99,-6.2146,106.8451,15.0
2026-05-07 15:07:10,SENS-JAKSEL,-6.2615,106.8106,73.0
2026-05-07 15:07:10,DUMMY-99,-6.2146,106.8451,29.0
2026-05-07 15:07:13,DUMMY-99,-6.2146,106.8451,97.0
2026-05-07 15:07:14,DUMMY-99,-6.2146,106.8451,6.0
2026-05-07 15:07:17,DUMMY-99,-6.2146,106.8451,27.0
2026-05-07 15:07:17,SENS-JAKPUS,-6.1754,106.8272,7.0
2026-05-07 15:07:19,DUMMY-99,-6.2146,106.8451,16.0
2026-05-07 15:07:19,SENS-JAKSEL,-6.2615,106.8106,0.0
2026-05-07 15:07:21,DUMMY-99,-6.2146,106.8451,28.0
2026-05-07 15:07:23,DUMMY-99,-6.2146,106.8451,98.0
2026-05-07 15:07:25,DUMMY-99,-6.2146,106.8451,5.0
2026-05-07 15:07:26,SENS-JAKPUS,-6.1754,106.8272,12.0
2026-05-07 15:07:27,DUMMY-99,-6.2146,106.8451,5.0
2026-05-07 15:07:28,SENS-JAKSEL,-6.2615,106.8106,15.0
2026-05-07 15:07:28,DUMMY-99,-6.2146,106.8451,0.0
2026-05-07 15:07:30,DUMMY-99,-6.2146,106.8451,29.0
2026-05-07 15:07:33,DUMMY-99,-6.2146,106.8451,23.0
2026-05-07 15:07:34,DUMMY-99,-6.2146,106.8451,13.0
2026-05-07 15:07:35,SENS-JAKPUS,-6.1754,106.8272,4.0
2026-05-07 15:07:36,DUMMY-99,-6.2146,106.8451,12.0
2026-05-07 15:07:37,SENS-JAKSEL,-6.2615,106.8106,9.0
2026-05-07 15:07:39,DUMMY-99,-6.2146,106.8451,24.0
2026-05-07 15:07:40,DUMMY-99,-6.2146,106.8451,5.0
2026-05-07 15:07:42,DUMMY-99,-6.2146,106.8451,21.0
2026-05-07 15:07:44,DUMMY-99,-6.2146,106.8451,15.0
2026-05-07 15:07:44,SENS-JAKPUS,-6.1754,106.8272,3.0
2026-05-07 15:07:46,DUMMY-99,-6.2146,106.8451,24.0
2026-05-07 15:07:47,SENS-JAKSEL,-6.2615,106.8106,5.0
2026-05-07 15:07:48,DUMMY-99,-6.2146,106.8451,19.0
2026-05-07 15:07:50,DUMMY-99,-6.2146,106.8451,18.0
2026-05-07 15:07:52,DUMMY-99,-6.2146,106.8451,4.0
2026-05-07 15:07:54,SENS-JAKPUS,-6.1754,106.8272,0.0
2026-05-07 15:07:54,DUMMY-99,-6.2146,106.8451,18.0
2026-05-07 15:07:56,SENS-JAKSEL,-6.2615,106.8106,5.0
2026-05-07 15:07:57,DUMMY-99,-6.2146,106.8451,56.0
2026-05-07 15:07:59,DUMMY-99,-6.2146,106.8451,1.0
2026-05-07 15:08:01,DUMMY-99,-6.2146,106.8451,14.0
2026-05-07 15:08:02,DUMMY-99,-6.2146,106.8451,0.0
2026-05-07 15:08:03,SENS-JAKPUS,-6.1754,106.8272,8.0
2026-05-07 15:08:04,DUMMY-99,-6.2146,106.8451,83.0
2026-05-07 15:08:05,SENS-JAKSEL,-6.2615,106.8106,0.0
2026-05-07 15:08:07,DUMMY-99,-6.2146,106.8451,18.0
2026-05-07 15:08:09,DUMMY-99,-6.2146,106.8451,1.0
2026-05-07 15:08:10,DUMMY-99,-6.2146,106.8451,28.0
2026-05-07 15:08:12,SENS-JAKPUS,-6.1754,106.8272,6.0
2026-05-07 15:08:13,DUMMY-99,-6.2146,106.8451,81.0
2026-05-07 15:08:14,SENS-JAKSEL,-6.2615,106.8106,12.0
2026-05-07 15:08:14,DUMMY-99,-6.2146,106.8451,27.0
2026-05-07 15:08:16,DUMMY-99,-6.2146,106.8451,21.0
2026-05-07 15:08:19,DUMMY-99,-6.2146,106.8451,3.0
2026-05-07 15:08:20,DUMMY-99,-6.2146,106.8451,19.0
2026-05-07 15:08:21,SENS-JAKPUS,-6.1754,106.8272,13.0
2026-05-07 15:08:22,DUMMY-99,-6.2146,106.8451,15.0
2026-05-07 15:08:23,SENS-JAKSEL,-6.2615,106.8106,3.0
2026-05-07 15:08:25,DUMMY-99,-6.2146,106.8451,4.0
2026-05-07 15:08:27,DUMMY-99,-6.2146,106.8451,88.0
2026-05-07 15:08:28,DUMMY-99,-6.2146,106.8451,9.0
2026-05-07 15:08:30,SENS-JAKPUS,-6.1754,106.8272,6.0
2026-05-07 15:08:30,DUMMY-99,-6.2146,106.8451,9.0
2026-05-07 15:08:32,SENS-JAKSEL,-6.2615,106.8106,16.0
2026-05-07 15:08:33,DUMMY-99,-6.2146,106.8451,1.0
2026-05-07 15:08:34,DUMMY-99,-6.2146,106.8451,69.0
2026-05-07 15:08:36,DUMMY-99,-6.2146,106.8451,10.0
2026-05-07 15:08:39,DUMMY-99,-6.2146,106.8451,15.0
2026-05-07 15:08:39,SENS-JAKPUS,-6.1754,106.8272,7.0
2026-05-07 15:08:41,DUMMY-99,-6.2146,106.8451,20.0
2026-05-07 15:08:41,SENS-JAKSEL,-6.2615,106.8106,14.0
2026-05-07 15:08:43,DUMMY-99,-6.2146,106.8451,5.0
2026-05-07 15:08:44,DUMMY-99,-6.2146,106.8451,66.0
2026-05-07 15:08:47,DUMMY-99,-6.2146,106.8451,19.0
2026-05-07 15:08:48,SENS-JAKPUS,-6.1754,106.8272,17.0
2026-05-07 15:08:49,DUMMY-99,-6.2146,106.8451,5.0
2026-05-07 15:08:50,SENS-JAKSEL,-6.2615,106.8106,62.0
2026-05-07 15:08:51,DUMMY-99,-6.2146,106.8451,8.0
2026-05-07 15:08:52,DUMMY-99,-6.2146,106.8451,3.0
2026-05-07 15:08:55,DUMMY-99,-6.2146,106.8451,17.0
2026-05-07 15:08:57,DUMMY-99,-6.2146,106.8451,7.0
2026-05-07 15:08:57,SENS-JAKPUS,-6.1754,106.8272,17.0
2026-05-07 15:08:58,DUMMY-99,-6.2146,106.8451,28.0
2026-05-07 15:08:59,SENS-JAKSEL,-6.2615,106.8106,15.0
2026-05-07 15:09:01,DUMMY-99,-6.2146,106.8451,19.0
2026-05-07 15:09:02,DUMMY-99,-6.2146,106.8451,15.0
2026-05-07 15:09:05,DUMMY-99,-6.2146,106.8451,17.0
2026-05-07 15:09:06,SENS-JAKPUS,-6.1754,106.8272,75.0
2026-05-07 15:09:07,DUMMY-99,-6.2146,106.8451,3.0
2026-05-07 15:09:08,SENS-JAKSEL,-6.2615,106.8106,13.0
2026-05-07 15:09:09,DUMMY-99,-6.2146,106.8451,58.0
2026-05-07 15:09:11,DUMMY-99,-6.2146,106.8451,99.0
2026-05-07 15:09:13,DUMMY-99,-6.2146,106.8451,55.0
2026-05-07 15:09:15,DUMMY-99,-6.2146,106.8451,26.0
2026-05-07 15:09:15,SENS-JAKPUS,-6.1754,106.8272,18.0
2026-05-07 15:09:16,DUMMY-99,-6.2146,106.8451,7.0
2026-05-07 15:09:17,SENS-JAKSEL,-6.2615,106.8106,64.0
2026-05-07 15:09:18,DUMMY-99,-6.2146,106.8451,20.0
2026-05-07 15:09:20,DUMMY-99,-6.2146,106.8451,27.0
2026-05-07 15:09:23,DUMMY-99,-6.2146,106.8451,17.0
2026-05-07 15:09:24,SENS-JAKPUS,-6.1754,106.8272,20.0
2026-05-07 15:09:25,DUMMY-99,-6.2146,106.8451,17.0
2026-05-07 15:09:26,SENS-JAKSEL,-6.2615,106.8106,9.0
2026-05-07 15:09:27,DUMMY-99,-6.2146,106.8451,85.0
2026-05-07 15:09:28,DUMMY-99,-6.2146,106.8451,0.0
2026-05-07 15:09:31,DUMMY-99,-6.2146,106.8451,23.0
2026-05-07 15:09:33,DUMMY-99,-6.2146,106.8451,20.0
2026-05-07 15:09:33,SENS-JAKPUS,-6.1754,106.8272,6.0
2026-05-07 15:09:34,DUMMY-99,-6.2146,106.8451,24.0
2026-05-07 15:09:35,SENS-JAKSEL,-6.2615,106.8106,3.0
2026-05-07 15:09:36,DUMMY-99,-6.2146,106.8451,16.0
2026-05-07 15:09:38,DUMMY-99,-6.2146,106.8451,17.0
2026-05-07 15:09:41,DUMMY-99,-6.2146,106.8451,15.0
2026-05-07 15:09:42,SENS-JAKPUS,-6.1754,106.8272,0.0
2026-05-07 15:09:42,DUMMY-99,-6.2146,106.8451,16.0
2026-05-07 15:09:44,SENS-JAKSEL,-6.2615,106.8106,1.0
2026-05-07 15:09:44,DUMMY-99,-6.2146,106.8451,0.0
2026-05-07 15:09:47,DUMMY-99,-6.2146,106.8451,27.0
2026-05-07 15:09:49,DUMMY-99,-6.2146,106.8451,60.0
2026-05-07 15:09:51,DUMMY-99,-6.2146,106.8451,22.0
2026-05-07 15:09:51,SENS-JAKPUS,-6.1754,106.8272,2.0
2026-05-07 15:09:52,DUMMY-99,-6.2146,106.8451,10.0
2026-05-07 15:09:53,SENS-JAKSEL,-6.2615,106.8106,64.0
2026-05-07 15:09:54,DUMMY-99,-6.2146,106.8451,15.0
2026-05-07 15:09:57,DUMMY-99,-6.2146,106.8451,75.0
2026-05-07 15:09:59,DUMMY-99,-6.2146,106.8451,20.0
2026-05-07 15:10:01,SENS-JAKPUS,-6.1754,106.8272,16.0
2026-05-07 15:10:01,DUMMY-99,-6.2146,106.8451,26.0
2026-05-07 15:10:02,DUMMY-99,-6.2146,106.8451,14.0
2026-05-07 15:10:03,SENS-JAKSEL,-6.2615,106.8106,80.0
2026-05-07 15:10:05,DUMMY-99,-6.2146,106.8451,21.0
2026-05-07 15:10:07,DUMMY-99,-6.2146,106.8451,63.0
2026-05-07 15:10:08,DUMMY-99,-6.2146,106.8451,11.0
2026-05-07 15:10:10,SENS-JAKPUS,-6.1754,106.8272,7.0
2026-05-07 15:10:10,DUMMY-99,-6.2146,106.8451,16.0
2026-05-07 15:10:12,SENS-JAKSEL,-6.2615,106.8106,14.0
2026-05-07 15:10:12,DUMMY-99,-6.2146,106.8451,4.0
2026-05-07 15:10:14,DUMMY-99,-6.2146,106.8451,29.0
2026-05-07 15:10:16,DUMMY-99,-6.2146,106.8451,84.0
2026-05-07 15:10:18,DUMMY-99,-6.2146,106.8451,4.0
2026-05-07 15:10:19,SENS-JAKPUS,-6.1754,106.8272,7.0
2026-05-07 15:10:21,DUMMY-99,-6.2146,106.8451,57.0
2026-05-07 15:10:21,SENS-JAKSEL,-6.2615,106.8106,20.0
2026-05-07 15:10:23,DUMMY-99,-6.2146,106.8451,70.0
2026-05-07 15:10:25,DUMMY-99,-6.2146,106.8451,23.0
2026-05-07 15:10:26,DUMMY-99,-6.2146,106.8451,1.0
2026-05-07 15:10:28,SENS-JAKPUS,-6.1754,106.8272,3.0
2026-05-07 15:10:29,DUMMY-99,-6.2146,106.8451,24.0
2026-05-07 15:10:30,SENS-JAKSEL,-6.2615,106.8106,8.0
2026-05-07 15:10:31,DUMMY-99,-6.2146,106.8451,19.0
2026-05-07 15:10:32,DUMMY-99,-6.2146,106.8451,16.0
2026-05-07 15:10:34,DUMMY-99,-6.2146,106.8451,21.0
2026-05-07 15:10:36,DUMMY-99,-6.2146,106.8451,2.0
2026-05-07 15:10:37,SENS-JAKPUS,-6.1754,106.8272,64.0
2026-05-07 15:10:39,DUMMY-99,-6.2146,106.8451,2.0
2026-05-07 15:10:39,SENS-JAKSEL,-6.2615,106.8106,18.0
2026-05-07 15:10:40,DUMMY-99,-6.2146,106.8451,4.0
2026-05-07 15:10:43,DUMMY-99,-6.2146,106.8451,7.0
2026-05-07 15:10:44,DUMMY-99,-6.2146,106.8451,75.0
2026-05-07 15:10:46,SENS-JAKPUS,-6.1754,106.8272,12.0
2026-05-07 15:10:47,DUMMY-99,-6.2146,106.8451,22.0
2026-05-07 15:10:48,SENS-JAKSEL,-6.2615,106.8106,61.0
2026-05-07 15:10:48,DUMMY-99,-6.2146,106.8451,26.0
2026-05-07 15:10:51,DUMMY-99,-6.2146,106.8451,7.0
2026-05-07 15:10:52,DUMMY-99,-6.2146,106.8451,6.0
2026-05-07 15:10:54,DUMMY-99,-6.2146,106.8451,9.0
2026-05-07 15:10:55,SENS-JAKPUS,-6.1754,106.8272,17.0
2026-05-07 15:10:57,DUMMY-99,-6.2146,106.8451,9.0
2026-05-07 15:10:57,SENS-JAKSEL,-6.2615,106.8106,10.0
2026-05-07 15:10:59,DUMMY-99,-6.2146,106.8451,17.0
2026-05-07 15:11:01,DUMMY-99,-6.2146,106.8451,2.0
2026-05-07 15:11:03,DUMMY-99,-6.2146,106.8451,27.0
2026-05-07 15:11:04,SENS-JAKPUS,-6.1754,106.8272,5.0
2026-05-07 15:11:05,DUMMY-99,-6.2146,106.8451,13.0
2026-05-07 15:11:06,SENS-JAKSEL,-6.2615,106.8106,13.0
2026-05-07 15:11:06,DUMMY-99,-6.2146,106.8451,16.0
2026-05-07 15:11:08,DUMMY-99,-6.2146,106.8451,10.0
2026-05-07 15:11:10,DUMMY-99,-6.2146,106.8451,24.0
2026-05-07 15:11:13,DUMMY-99,-6.2146,106.8451,25.0
2026-05-07 15:11:13,SENS-JAKPUS,-6.1754,106.8272,9.0
2026-05-07 15:11:14,DUMMY-99,-6.2146,106.8451,8.0
2026-05-07 15:11:15,SENS-JAKSEL,-6.2615,106.8106,11.0
2026-05-07 15:11:16,DUMMY-99,-6.2146,106.8451,1.0
2026-05-07 15:11:18,DUMMY-99,-6.2146,106.8451,18.0
2026-05-07 15:11:21,DUMMY-99,-6.2146,106.8451,24.0
2026-05-07 15:11:22,SENS-JAKPUS,-6.1754,106.8272,18.0
2026-05-07 15:11:24,SENS-JAKSEL,-6.2615,106.8106,19.0
2026-05-07 15:11:25,DUMMY-99,-6.2146,106.8451,25.0
2026-05-07 15:11:26,DUMMY-99,-6.2146,106.8451,29.0
2026-05-07 15:11:29,DUMMY-99,-6.2146,106.8451,4.0
2026-05-07 15:11:31,DUMMY-99,-6.2146,106.8451,88.0
2026-05-07 15:11:31,SENS-JAKPUS,-6.1754,106.8272,15.0
2026-05-07 15:11:33,DUMMY-99,-6.2146,106.8451,25.0
2026-05-07 15:11:33,SENS-JAKSEL,-6.2615,106.8106,9.0
2026-05-07 15:11:35,DUMMY-99,-6.2146,106.8451,13.0
2026-05-07 15:11:37,DUMMY-99,-6.2146,106.8451,1.0
2026-05-07 15:11:38,DUMMY-99,-6.2146,106.8451,21.0
2026-05-07 15:11:40,SENS-JAKPUS,-6.1754,106.8272,9.0
2026-05-07 15:11:40,DUMMY-99,-6.2146,106.8451,8.0
2026-05-07 15:11:42,SENS-JAKSEL,-6.2615,106.8106,7.0
2026-05-07 15:11:43,DUMMY-99,-6.2146,106.8451,4.0
2026-05-07 15:11:44,DUMMY-99,-6.2146,106.8451,16.0
2026-05-07 15:11:46,DUMMY-99,-6.2146,106.8451,21.0
2026-05-07 15:11:49,DUMMY-99,-6.2146,106.8451,23.0
2026-05-07 15:11:49,SENS-JAKPUS,-6.1754,106.8272,17.0
2026-05-07 15:11:51,DUMMY-99,-6.2146,106.8451,28.0
2026-05-07 15:11:51,SENS-JAKSEL,-6.2615,106.8106,17.0
2026-05-07 15:11:52,DUMMY-99,-6.2146,106.8451,71.0
2026-05-07 15:11:54,DUMMY-99,-6.2146,106.8451,22.0
2026-05-07 15:11:57,DUMMY-99,-6.2146,106.8451,12.0
2026-05-07 15:11:58,SENS-JAKPUS,-6.1754,106.8272,20.0
2026-05-07 15:11:59,DUMMY-99,-6.2146,106.8451,1.0
2026-05-07 15:12:00,SENS-JAKSEL,-6.2615,106.8106,9.0
2026-05-07 15:12:00,DUMMY-99,-6.2146,106.8451,7.0
2026-05-07 15:12:02,DUMMY-99,-6.2146,106.8451,4.0
2026-05-07 15:12:05,DUMMY-99,-6.2146,106.8451,2.0
2026-05-07 15:12:07,DUMMY-99,-6.2146,106.8451,21.0
2026-05-07 15:12:07,SENS-JAKPUS,-6.1754,106.8272,19.0
2026-05-07 15:12:09,DUMMY-99,-6.2146,106.8451,24.0
2026-05-07 15:12:09,SENS-JAKSEL,-6.2615,106.8106,5.0
2026-05-07 15:12:10,DUMMY-99,-6.2146,106.8451,5.0
2026-05-07 15:12:13,DUMMY-99,-6.2146,106.8451,26.0
2026-05-07 15:12:15,DUMMY-99,-6.2146,106.8451,17.0
2026-05-07 15:12:16,SENS-JAKPUS,-6.1754,106.8272,8.0
2026-05-07 15:12:17,DUMMY-99,-6.2146,106.8451,72.0
2026-05-07 15:12:18,SENS-JAKSEL,-6.2615,106.8106,4.0
2026-05-07 15:12:18,DUMMY-99,-6.2146,106.8451,18.0
2026-05-07 15:12:20,DUMMY-99,-6.2146,106.8451,15.0
2026-05-07 15:12:23,DUMMY-99,-6.2146,106.8451,13.0
2026-05-07 15:12:25,DUMMY-99,-6.2146,106.8451,6.0
2026-05-07 15:12:26,SENS-JAKPUS,-6.1754,106.8272,4.0
2026-05-07 15:12:26,DUMMY-99,-6.2146,106.8451,6.0
2026-05-07 15:12:28,SENS-JAKSEL,-6.2615,106.8106,60.0
2026-05-07 15:12:28,DUMMY-99,-6.2146,106.8451,20.0
2026-05-07 15:12:31,DUMMY-99,-6.2146,106.8451,27.0
2026-05-07 15:12:33,DUMMY-99,-6.2146,106.8451,11.0
2026-05-07 15:12:35,SENS-JAKPUS,-6.1754,106.8272,0.0
2026-05-07 15:12:35,DUMMY-99,-6.2146,106.8451,29.0
2026-05-07 15:12:36,DUMMY-99,-6.2146,106.8451,70.0
2026-05-07 15:12:37,SENS-JAKSEL,-6.2615,106.8106,2.0
2026-05-07 15:12:39,DUMMY-99,-6.2146,106.8451,1.0
2026-05-07 15:12:40,DUMMY-99,-6.2146,106.8451,17.0
2026-05-07 15:12:43,DUMMY-99,-6.2146,106.8451,8.0
2026-05-07 15:12:44,SENS-JAKPUS,-6.1754,106.8272,4.0
2026-05-07 15:12:44,DUMMY-99,-6.2146,106.8451,23.0
2026-05-07 15:12:46,SENS-JAKSEL,-6.2615,106.8106,9.0
2026-05-07 15:12:46,DUMMY-99,-6.2146,106.8451,25.0
2026-05-07 15:12:49,DUMMY-99,-6.2146,106.8451,21.0
2026-05-07 15:12:51,DUMMY-99,-6.2146,106.8451,26.0
2026-05-07 15:12:52,DUMMY-99,-6.2146,106.8451,8.0
2026-05-07 15:12:53,SENS-JAKPUS,-6.1754,106.8272,2.0
2026-05-07 15:12:54,DUMMY-99,-6.2146,106.8451,20.0
2026-05-07 15:12:55,SENS-JAKSEL,-6.2615,106.8106,76.0
2026-05-07 15:12:56,DUMMY-99,-6.2146,106.8451,27.0
2026-05-07 15:12:58,DUMMY-99,-6.2146,106.8451,9.0
2026-05-07 15:13:01,DUMMY-99,-6.2146,106.8451,28.0
2026-05-07 15:13:02,SENS-JAKPUS,-6.1754,106.8272,18.0
2026-05-07 15:13:03,DUMMY-99,-6.2146,106.8451,0.0
2026-05-07 15:13:04,SENS-JAKSEL,-6.2615,106.8106,2.0
2026-05-07 15:13:04,DUMMY-99,-6.2146,106.8451,18.0
2026-05-07 15:13:06,DUMMY-99,-6.2146,106.8451,8.0
2026-05-07 15:13:08,DUMMY-99,-6.2146,106.8451,4.0
2026-05-07 15:13:11,DUMMY-99,-6.2146,106.8451,26.0
2026-05-07 15:13:11,SENS-JAKPUS,-6.1754,106.8272,11.0
2026-05-07 15:13:12,DUMMY-99,-6.2146,106.8451,12.0
2026-05-07 15:13:13,SENS-JAKSEL,-6.2615,106.8106,7.0
2026-05-07 15:13:15,DUMMY-99,-6.2146,106.8451,22.0
2026-05-07 15:13:17,DUMMY-99,-6.2146,106.8451,8.0
2026-05-07 15:13:18,DUMMY-99,-6.2146,106.8451,9.0
2026-05-07 15:13:20,SENS-JAKPUS,-6.1754,106.8272,15.0
2026-05-07 15:13:21,DUMMY-99,-6.2146,106.8451,15.0
2026-05-07 15:13:22,SENS-JAKSEL,-6.2615,106.8106,13.0
2026-05-07 15:13:23,DUMMY-99,-6.2146,106.8451,28.0
2026-05-07 15:13:24,DUMMY-99,-6.2146,106.8451,20.0
2026-05-07 15:13:26,DUMMY-99,-6.2146,106.8451,4.0
2026-05-07 15:13:28,DUMMY-99,-6.2146,106.8451,22.0
2026-05-07 15:13:29,SENS-JAKPUS,-6.1754,106.8272,10.0
2026-05-07 15:13:31,DUMMY-99,-6.2146,106.8451,0.0
2026-05-07 15:13:31,SENS-JAKSEL,-6.2615,106.8106,1.0
2026-05-07 15:13:33,DUMMY-99,-6.2146,106.8451,26.0
2026-05-07 15:13:34,DUMMY-99,-6.2146,106.8451,5.0
2026-05-07 15:13:37,DUMMY-99,-6.2146,106.8451,16.0
2026-05-07 15:13:38,SENS-JAKPUS,-6.1754,106.8272,10.0
2026-05-07 15:13:38,DUMMY-99,-6.2146,106.8451,26.0
2026-05-07 15:13:40,SENS-JAKSEL,-6.2615,106.8106,7.0
2026-05-07 15:13:40,DUMMY-99,-6.2146,106.8451,13.0
2026-05-07 15:13:43,DUMMY-99,-6.2146,106.8451,9.0
2026-05-07 15:13:44,DUMMY-99,-6.2146,106.8451,25.0
2026-05-07 15:13:47,DUMMY-99,-6.2146,106.8451,15.0
2026-05-07 15:13:47,SENS-JAKPUS,-6.1754,106.8272,5.0
2026-05-07 15:13:49,DUMMY-99,-6.2146,106.8451,22.0
2026-05-07 15:13:49,SENS-JAKSEL,-6.2615,106.8106,20.0
2026-05-07 15:13:51,DUMMY-99,-6.2146,106.8451,6.0
2026-05-07 15:13:53,DUMMY-99,-6.2146,106.8451,9.0
2026-05-07 15:13:54,DUMMY-99,-6.2146,106.8451,14.0
2026-05-07 15:13:56,SENS-JAKPUS,-6.1754,106.8272,9.0
2026-05-07 15:13:57,DUMMY-99,-6.2146,106.8451,29.0
2026-05-07 15:13:58,SENS-JAKSEL,-6.2615,106.8106,15.0
2026-05-07 15:13:59,DUMMY-99,-6.2146,106.8451,0.0
2026-05-07 15:14:01,DUMMY-99,-6.2146,106.8451,57.0
2026-05-07 15:14:02,DUMMY-99,-6.2146,106.8451,18.0
2026-05-07 15:14:05,DUMMY-99,-6.2146,106.8451,25.0
2026-05-07 15:14:05,SENS-JAKPUS,-6.1754,106.8272,5.0
2026-05-07 15:14:07,DUMMY-99,-6.2146,106.8451,25.0
2026-05-07 15:14:07,SENS-JAKSEL,-6.2615,106.8106,19.0
2026-05-07 15:14:09,DUMMY-99,-6.2146,106.8451,10.0
2026-05-07 15:14:10,DUMMY-99,-6.2146,106.8451,14.0
2026-05-07 15:14:13,DUMMY-99,-6.2146,106.8451,10.0
2026-05-07 15:14:14,SENS-JAKPUS,-6.1754,106.8272,62.0
2026-05-07 15:14:15,DUMMY-99,-6.2146,106.8451,14.0
2026-05-07 15:14:16,SENS-JAKSEL,-6.2615,106.8106,13.0
2026-05-07 15:14:16,DUMMY-99,-6.2146,106.8451,15.0
2026-05-07 15:14:18,DUMMY-99,-6.2146,106.8451,67.0
2026-05-07 15:14:21,DUMMY-99,-6.2146,106.8451,15.0
2026-05-07 15:14:23,DUMMY-99,-6.2146,106.8451,61.0
2026-05-07 15:14:23,SENS-JAKPUS,-6.1754,106.8272,92.0
2026-05-07 15:14:25,DUMMY-99,-6.2146,106.8451,17.0
2026-05-07 15:14:25,SENS-JAKSEL,-6.2615,106.8106,17.0
2026-05-07 15:14:26,DUMMY-99,-6.2146,106.8451,12.0
2026-05-07 15:14:29,DUMMY-99,-6.2146,106.8451,13.0
2026-05-07 15:14:31,DUMMY-99,-6.2146,106.8451,28.0
2026-05-07 15:14:32,SENS-JAKPUS,-6.1754,106.8272,4.0
2026-05-07 15:14:33,DUMMY-99,-6.2146,106.8451,28.0
2026-05-07 15:14:34,SENS-JAKSEL,-6.2615,106.8106,17.0
2026-05-07 15:14:34,DUMMY-99,-6.2146,106.8451,12.0
2026-05-07 15:14:36,DUMMY-99,-6.2146,106.8451,6.0
2026-05-07 15:14:38,DUMMY-99,-6.2146,106.8451,13.0
2026-05-07 15:14:40,DUMMY-99,-6.2146,106.8451,8.0
2026-05-07 15:14:41,SENS-JAKPUS,-6.1754,106.8272,4.0
2026-05-07 15:14:42,DUMMY-99,-6.2146,106.8451,23.0
2026-05-07 15:14:43,SENS-JAKSEL,-6.2615,106.8106,18.0
2026-05-07 15:14:44,DUMMY-99,-6.2146,106.8451,26.0
2026-05-07 15:14:46,DUMMY-99,-6.2146,106.8451,28.0
2026-05-07 15:14:48,DUMMY-99,-6.2146,106.8451,28.0
2026-05-07 15:14:50,SENS-JAKPUS,-6.1754,106.8272,17.0
2026-05-07 15:14:51,DUMMY-99,-6.2146,106.8451,12.0
2026-05-07 15:14:52,DUMMY-99,-6.2146,106.8451,10.0
2026-05-07 15:14:53,SENS-JAKSEL,-6.2615,106.8106,19.0
2026-05-07 15:14:54,DUMMY-99,-6.2146,106.8451,15.0
2026-05-07 15:14:57,DUMMY-99,-6.2146,106.8451,8.0
2026-05-07 15:14:58,DUMMY-99,-6.2146,106.8451,16.0
2026-05-07 15:15:00,SENS-JAKPUS,-6.1754,106.8272,10.0
2026-05-07 15:15:00,DUMMY-99,-6.2146,106.8451,5.0
2026-05-07 15:15:02,SENS-JAKSEL,-6.2615,106.8106,7.0
2026-05-07 15:15:03,DUMMY-99,-6.2146,106.8451,25.0
2026-05-07 15:15:04,DUMMY-99,-6.2146,106.8451,19.0
2026-05-07 15:15:07,DUMMY-99,-6.2146,106.8451,19.0
2026-05-07 15:15:08,DUMMY-99,-6.2146,106.8451,26.0
2026-05-07 15:15:09,SENS-JAKPUS,-6.1754,106.8272,19.0
2026-05-07 15:15:11,DUMMY-99,-6.2146,106.8451,9.0
2026-05-07 15:15:11,SENS-JAKSEL,-6.2615,106.8106,20.0
2026-05-07 15:15:14,DUMMY-99,-6.2146,106.8451,95.0
2026-05-07 15:15:16,DUMMY-99,-6.2146,106.8451,4.0
2026-05-07 15:15:18,SENS-JAKPUS,-6.1754,106.8272,9.0
2026-05-07 15:15:19,DUMMY-99,-6.2146,106.8451,20.0
2026-05-07 15:15:20,SENS-JAKSEL,-6.2615,106.8106,2.0
2026-05-07 15:15:21,DUMMY-99,-6.2146,106.8451,25.0
2026-05-07 15:15:23,DUMMY-99,-6.2146,106.8451,0.0
2026-05-07 15:15:24,DUMMY-99,-6.2146,106.8451,21.0
2026-05-07 15:15:26,DUMMY-99,-6.2146,106.8451,67.0
2026-05-07 15:15:27,SENS-JAKPUS,-6.1754,106.8272,1.0
2026-05-07 15:15:29,DUMMY-99,-6.2146,106.8451,1.0
2026-05-07 15:15:29,SENS-JAKSEL,-6.2615,106.8106,7.0
2026-05-07 15:15:31,DUMMY-99,-6.2146,106.8451,26.0
2026-05-07 15:15:33,DUMMY-99,-6.2146,106.8451,21.0
2026-05-07 15:15:34,DUMMY-99,-6.2146,106.8451,29.0
2026-05-07 15:15:36,SENS-JAKPUS,-6.1754,106.8272,16.0
2026-05-07 15:15:36,DUMMY-99,-6.2146,106.8451,3.0
2026-05-07 15:15:38,SENS-JAKSEL,-6.2615,106.8106,17.0
2026-05-07 15:15:38,DUMMY-99,-6.2146,106.8451,4.0
2026-05-07 15:15:40,DUMMY-99,-6.2146,106.8451,8.0
2026-05-07 15:15:42,DUMMY-99,-6.2146,106.8451,24.0
2026-05-07 15:15:44,DUMMY-99,-6.2146,106.8451,12.0
2026-05-07 15:15:45,SENS-JAKPUS,-6.1754,106.8272,19.0
2026-05-07 15:15:46,DUMMY-99,-6.2146,106.8451,3.0
2026-05-07 15:15:47,SENS-JAKSEL,-6.2615,106.8106,15.0
2026-05-07 15:15:49,DUMMY-99,-6.2146,106.8451,7.0
2026-05-07 15:15:51,DUMMY-99,-6.2146,106.8451,1.0
2026-05-07 15:15:53,DUMMY-99,-6.2146,106.8451,10.0
2026-05-07 15:15:54,SENS-JAKPUS,-6.1754,106.8272,12.0
2026-05-07 15:15:54,DUMMY-99,-6.2146,106.8451,5.0
2026-05-07 15:15:56,SENS-JAKSEL,-6.2615,106.8106,10.0
2026-05-07 15:15:56,DUMMY-99,-6.2146,106.8451,23.0
2026-05-07 15:15:58,DUMMY-99,-6.2146,106.8451,7.0
2026-05-07 15:16:00,DUMMY-99,-6.2146,106.8451,3.0
2026-05-07 15:16:02,DUMMY-99,-6.2146,106.8451,0.0
2026-05-07 15:16:03,SENS-JAKPUS,-6.1754,106.8272,10.0
2026-05-07 15:16:05,DUMMY-99,-6.2146,106.8451,90.0
2026-05-07 15:16:05,SENS-JAKSEL,-6.2615,106.8106,2.0
2026-05-07 15:16:07,DUMMY-99,-6.2146,106.8451,16.0
2026-05-07 15:16:08,DUMMY-99,-6.2146,106.8451,8.0
2026-05-07 15:16:11,DUMMY-99,-6.2146,106.8451,0.0
2026-05-07 15:16:12,SENS-JAKPUS,-6.1754,106.8272,1.0
2026-05-07 15:16:13,DUMMY-99,-6.2146,106.8451,7.0
2026-05-07 15:16:14,SENS-JAKSEL,-6.2615,106.8106,8.0
2026-05-07 15:16:14,DUMMY-99,-6.2146,106.8451,11.0
2026-05-07 15:16:17,DUMMY-99,-6.2146,106.8451,17.0
2026-05-07 15:16:19,DUMMY-99,-6.2146,106.8451,24.0
2026-05-07 15:16:20,DUMMY-99,-6.2146,106.8451,13.0
2026-05-07 15:16:21,SENS-JAKPUS,-6.1754,106.8272,1.0
2026-05-07 15:16:22,DUMMY-99,-6.2146,106.8451,23.0
2026-05-07 15:16:23,SENS-JAKSEL,-6.2615,106.8106,16.0
2026-05-07 15:16:25,DUMMY-99,-6.2146,106.8451,12.0
2026-05-07 15:16:26,DUMMY-99,-6.2146,106.8451,5.0
2026-05-07 15:16:29,DUMMY-99,-6.2146,106.8451,14.0
2026-05-07 15:16:30,SENS-JAKPUS,-6.1754,106.8272,20.0
2026-05-07 15:16:30,DUMMY-99,-6.2146,106.8451,9.0
2026-05-07 15:16:32,SENS-JAKSEL,-6.2615,106.8106,2.0
2026-05-07 15:16:32,DUMMY-99,-6.2146,106.8451,12.0
2026-05-07 15:16:34,DUMMY-99,-6.2146,106.8451,7.0
2026-05-07 15:16:36,DUMMY-99,-6.2146,106.8451,8.0
2026-05-07 15:16:39,DUMMY-99,-6.2146,106.8451,27.0
2026-05-07 15:16:39,SENS-JAKPUS,-6.1754,106.8272,3.0
2026-05-07 15:16:41,DUMMY-99,-6.2146,106.8451,9.0
2026-05-07 15:16:41,SENS-JAKSEL,-6.2615,106.8106,3.0
2026-05-07 15:16:42,DUMMY-99,-6.2146,106.8451,26.0
2026-05-07 15:16:45,DUMMY-99,-6.2146,106.8451,22.0
2026-05-07 15:16:47,DUMMY-99,-6.2146,106.8451,66.0
2026-05-07 15:16:48,SENS-JAKPUS,-6.1754,106.8272,81.0
2026-05-07 15:16:49,DUMMY-99,-6.2146,106.8451,2.0
2026-05-07 15:16:50,SENS-JAKSEL,-6.2615,106.8106,3.0
2026-05-07 15:16:50,DUMMY-99,-6.2146,106.8451,1.0
2026-05-07 15:16:53,DUMMY-99,-6.2146,106.8451,6.0
2026-05-07 15:16:55,DUMMY-99,-6.2146,106.8451,6.0
2026-05-07 15:16:57,DUMMY-99,-6.2146,106.8451,16.0
2026-05-07 15:16:57,SENS-JAKPUS,-6.1754,106.8272,11.0
2026-05-07 15:16:59,DUMMY-99,-6.2146,106.8451,26.0
2026-05-07 15:16:59,SENS-JAKSEL,-6.2615,106.8106,96.0
2026-05-07 15:17:01,DUMMY-99,-6.2146,106.8451,23.0
2026-05-07 15:17:03,DUMMY-99,-6.2146,106.8451,89.0
2026-05-07 15:17:05,DUMMY-99,-6.2146,106.8451,25.0
2026-05-07 15:17:06,DUMMY-99,-6.2146,106.8451,25.0
2026-05-07 15:17:07,SENS-JAKPUS,-6.1754,106.8272,0.0
2026-05-07 15:17:09,SENS-JAKSEL,-6.2615,106.8106,15.0
2026-05-07 15:17:09,DUMMY-99,-6.2146,106.8451,21.0
2026-05-07 15:17:11,DUMMY-99,-6.2146,106.8451,15.0
2026-05-07 15:17:15,DUMMY-99,-6.2146,106.8451,6.0
2026-05-07 15:17:16,SENS-JAKPUS,-6.1754,106.8272,13.0
2026-05-07 15:17:16,DUMMY-99,-6.2146,106.8451,16.0
2026-05-07 15:17:18,SENS-JAKSEL,-6.2615,106.8106,12.0
2026-05-07 15:17:19,DUMMY-99,-6.2146,106.8451,28.0
2026-05-07 15:17:21,DUMMY-99,-6.2146,106.8451,13.0
2026-05-07 15:17:23,DUMMY-99,-6.2146,106.8451,57.0
2026-05-07 15:17:24,DUMMY-99,-6.2146,106.8451,17.0
2026-05-07 15:17:25,SENS-JAKPUS,-6.1754,106.8272,19.0
2026-05-07 15:17:26,DUMMY-99,-6.2146,106.8451,6.0
2026-05-07 15:17:27,SENS-JAKSEL,-6.2615,106.8106,3.0
2026-05-07 15:17:28,DUMMY-99,-6.2146,106.8451,6.0
2026-05-07 15:17:31,DUMMY-99,-6.2146,106.8451,26.0
2026-05-07 15:17:33,DUMMY-99,-6.2146,106.8451,5.0
2026-05-07 15:17:34,SENS-JAKPUS,-6.1754,106.8272,9.0
2026-05-07 15:17:34,DUMMY-99,-6.2146,106.8451,86.0
2026-05-07 15:17:36,SENS-JAKSEL,-6.2615,106.8106,13.0
2026-05-07 15:17:36,DUMMY-99,-6.2146,106.8451,21.0
2026-05-07 15:17:39,DUMMY-99,-6.2146,106.8451,13.0
2026-05-07 15:17:41,DUMMY-99,-6.2146,106.8451,19.0
2026-05-07 15:17:42,DUMMY-99,-6.2146,106.8451,23.0
2026-05-07 15:17:43,SENS-JAKPUS,-6.1754,106.8272,15.0
2026-05-07 15:17:44,DUMMY-99,-6.2146,106.8451,24.0
2026-05-07 15:17:45,SENS-JAKSEL,-6.2615,106.8106,4.0
2026-05-07 15:17:47,DUMMY-99,-6.2146,106.8451,12.0
2026-05-07 15:17:48,DUMMY-99,-6.2146,106.8451,15.0
2026-05-07 15:17:50,DUMMY-99,-6.2146,106.8451,19.0
2026-05-07 15:17:52,SENS-JAKPUS,-6.1754,106.8272,17.0
2026-05-07 15:17:52,DUMMY-99,-6.2146,106.8451,6.0
2026-05-07 15:17:54,SENS-JAKSEL,-6.2615,106.8106,8.0
2026-05-07 15:17:55,DUMMY-99,-6.2146,106.8451,92.0
2026-05-07 15:17:57,DUMMY-99,-6.2146,106.8451,17.0
2026-05-07 15:17:59,DUMMY-99,-6.2146,106.8451,11.0
2026-05-07 15:18:01,DUMMY-99,-6.2146,106.8451,15.0
2026-05-07 15:18:01,SENS-JAKPUS,-6.1754,106.8272,80.0
2026-05-07 15:18:03,DUMMY-99,-6.2146,106.8451,24.0
2026-05-07 15:18:03,SENS-JAKSEL,-6.2615,106.8106,79.0
2026-05-07 15:18:05,DUMMY-99,-6.2146,106.8451,3.0
2026-05-07 15:18:07,DUMMY-99,-6.2146,106.8451,24.0
2026-05-07 15:18:08,DUMMY-99,-6.2146,106.8451,2.0
2026-05-07 15:18:10,SENS-JAKPUS,-6.1754,106.8272,9.0
2026-05-07 15:18:10,DUMMY-99,-6.2146,106.8451,25.0
2026-05-07 15:18:12,SENS-JAKSEL,-6.2615,106.8106,2.0
2026-05-07 15:18:12,DUMMY-99,-6.2146,106.8451,8.0
2026-05-07 15:18:15,DUMMY-99,-6.2146,106.8451,21.0
2026-05-07 15:18:16,DUMMY-99,-6.2146,106.8451,57.0
2026-05-07 15:18:18,DUMMY-99,-6.2146,106.8451,24.0
2026-05-07 15:18:19,SENS-JAKPUS,-6.1754,106.8272,16.0
2026-05-07 15:18:20,DUMMY-99,-6.2146,106.8451,8.0
2026-05-07 15:18:21,SENS-JAKSEL,-6.2615,106.8106,15.0
2026-05-07 15:18:23,DUMMY-99,-6.2146,106.8451,27.0
2026-05-07 15:18:24,DUMMY-99,-6.2146,106.8451,27.0
2026-05-07 15:18:26,DUMMY-99,-6.2146,106.8451,92.0
2026-05-07 15:18:28,SENS-JAKPUS,-6.1754,106.8272,69.0
2026-05-07 15:18:28,DUMMY-99,-6.2146,106.8451,1.0
2026-05-07 15:18:30,SENS-JAKSEL,-6.2615,106.8106,15.0
2026-05-07 15:18:31,DUMMY-99,-6.2146,106.8451,59.0
2026-05-07 15:18:33,DUMMY-99,-6.2146,106.8451,10.0
2026-05-07 15:18:34,DUMMY-99,-6.2146,106.8451,2.0
2026-05-07 15:18:36,DUMMY-99,-6.2146,106.8451,13.0
2026-05-07 15:18:37,SENS-JAKPUS,-6.1754,106.8272,2.0
2026-05-07 15:18:39,DUMMY-99,-6.2146,106.8451,87.0
2026-05-07 15:18:39,SENS-JAKSEL,-6.2615,106.8106,19.0
2026-05-07 15:18:40,DUMMY-99,-6.2146,106.8451,25.0
2026-05-07 15:18:42,DUMMY-99,-6.2146,106.8451,18.0
2026-05-07 15:18:45,DUMMY-99,-6.2146,106.8451,16.0
2026-05-07 15:18:46,SENS-JAKPUS,-6.1754,106.8272,19.0
2026-05-07 15:18:47,DUMMY-99,-6.2146,106.8451,7.0
2026-05-07 15:18:48,SENS-JAKSEL,-6.2615,106.8106,90.0
2026-05-07 15:18:49,DUMMY-99,-6.2146,106.8451,17.0
2026-05-07 15:18:50,DUMMY-99,-6.2146,106.8451,26.0
2026-05-07 15:18:53,DUMMY-99,-6.2146,106.8451,22.0
2026-05-07 15:18:55,DUMMY-99,-6.2146,106.8451,10.0
2026-05-07 15:18:55,SENS-JAKPUS,-6.1754,106.8272,14.0
2026-05-07 15:18:56,DUMMY-99,-6.2146,106.8451,13.0
2026-05-07 15:18:57,SENS-JAKSEL,-6.2615,106.8106,81.0
2026-05-07 15:18:58,DUMMY-99,-6.2146,106.8451,21.0
2026-05-07 15:19:00,DUMMY-99,-6.2146,106.8451,1.0
2026-05-07 15:19:03,DUMMY-99,-6.2146,106.8451,7.0
2026-05-07 15:19:04,DUMMY-99,-6.2146,106.8451,72.0
2026-05-07 15:19:05,SENS-JAKPUS,-6.1754,106.8272,4.0
2026-05-07 15:19:07,SENS-JAKSEL,-6.2615,106.8106,65.0
2026-05-07 15:19:07,DUMMY-99,-6.2146,106.8451,13.0
2026-05-07 15:19:08,DUMMY-99,-6.2146,106.8451,20.0
2026-05-07 15:19:11,DUMMY-99,-6.2146,106.8451,74.0
2026-05-07 15:19:13,DUMMY-99,-6.2146,106.8451,55.0
2026-05-07 15:19:14,SENS-JAKPUS,-6.1754,106.8272,18.0
2026-05-07 15:19:14,DUMMY-99,-6.2146,106.8451,0.0
2026-05-07 15:19:16,SENS-JAKSEL,-6.2615,106.8106,6.0
2026-05-07 15:19:16,DUMMY-99,-6.2146,106.8451,11.0
2026-05-07 15:19:19,DUMMY-99,-6.2146,106.8451,29.0
2026-05-07 15:19:20,DUMMY-99,-6.2146,106.8451,0.0
2026-05-07 15:19:22,DUMMY-99,-6.2146,106.8451,4.0
2026-05-07 15:19:23,SENS-JAKPUS,-6.1754,106.8272,7.0
2026-05-07 15:19:24,DUMMY-99,-6.2146,106.8451,12.0
2026-05-07 15:19:25,SENS-JAKSEL,-6.2615,106.8106,4.0
2026-05-07 15:19:27,DUMMY-99,-6.2146,106.8451,87.0
2026-05-07 15:19:29,DUMMY-99,-6.2146,106.8451,1.0
2026-05-07 15:19:31,DUMMY-99,-6.2146,106.8451,14.0
2026-05-07 15:19:32,SENS-JAKPUS,-6.1754,106.8272,20.0
2026-05-07 15:19:33,DUMMY-99,-6.2146,106.8451,24.0
2026-05-07 15:19:34,SENS-JAKSEL,-6.2615,106.8106,8.0
2026-05-07 15:19:34,DUMMY-99,-6.2146,106.8451,75.0
2026-05-07 15:19:37,DUMMY-99,-6.2146,106.8451,12.0
2026-05-07 15:19:38,DUMMY-99,-6.2146,106.8451,7.0
2026-05-07 15:19:41,DUMMY-99,-6.2146,106.8451,11.0
2026-05-07 15:19:41,SENS-JAKPUS,-6.1754,106.8272,20.0
2026-05-07 15:19:42,DUMMY-99,-6.2146,106.8451,21.0
2026-05-07 15:19:43,SENS-JAKSEL,-6.2615,106.8106,17.0
2026-05-07 15:19:45,DUMMY-99,-6.2146,106.8451,80.0
2026-05-07 15:19:46,DUMMY-99,-6.2146,106.8451,2.0
2026-05-07 15:19:49,DUMMY-99,-6.2146,106.8451,8.0
2026-05-07 15:19:50,SENS-JAKPUS,-6.1754,106.8272,20.0
2026-05-07 15:19:50,DUMMY-99,-6.2146,106.8451,16.0
2026-05-07 15:19:52,SENS-JAKSEL,-6.2615,106.8106,0.0
2026-05-07 15:19:52,DUMMY-99,-6.2146,106.8451,10.0
2026-05-07 15:19:54,DUMMY-99,-6.2146,106.8451,24.0
2026-05-07 15:19:56,DUMMY-99,-6.2146,106.8451,20.0
2026-05-07 15:19:58,DUMMY-99,-6.2146,106.8451,98.0
2026-05-07 15:19:59,SENS-JAKPUS,-6.1754,106.8272,19.0
2026-05-07 15:20:00,DUMMY-99,-6.2146,106.8451,16.0
2026-05-07 15:20:01,SENS-JAKSEL,-6.2615,106.8106,13.0
2026-05-07 15:20:02,DUMMY-99,-6.2146,106.8451,17.0
2026-05-07 15:20:04,DUMMY-99,-6.2146,106.8451,10.0
2026-05-07 15:20:07,DUMMY-99,-6.2146,106.8451,5.0
2026-05-07 15:20:08,SENS-JAKPUS,-6.1754,106.8272,3.0
2026-05-07 15:20:08,DUMMY-99,-6.2146,106.8451,91.0
2026-05-07 15:20:10,SENS-JAKSEL,-6.2615,106.8106,15.0
2026-05-07 15:20:10,DUMMY-99,-6.2146,106.8451,18.0
2026-05-07 15:20:13,DUMMY-99,-6.2146,106.8451,22.0
2026-05-07 15:20:14,DUMMY-99,-6.2146,106.8451,27.0
2026-05-07 15:20:16,DUMMY-99,-6.2146,106.8451,5.0
2026-05-07 15:20:17,SENS-JAKPUS,-6.1754,106.8272,19.0
2026-05-07 15:20:19,DUMMY-99,-6.2146,106.8451,10.0
2026-05-07 15:20:19,SENS-JAKSEL,-6.2615,106.8106,9.0
2026-05-07 15:20:20,DUMMY-99,-6.2146,106.8451,3.0
2026-05-07 15:20:22,DUMMY-99,-6.2146,106.8451,58.0
2026-05-07 15:20:24,DUMMY-99,-6.2146,106.8451,19.0
2026-05-07 15:20:26,SENS-JAKPUS,-6.1754,106.8272,17.0
2026-05-07 15:20:27,DUMMY-99,-6.2146,106.8451,12.0
2026-05-07 15:20:28,SENS-JAKSEL,-6.2615,106.8106,13.0
2026-05-07 15:20:29,DUMMY-99,-6.2146,106.8451,27.0
2026-05-07 15:20:31,DUMMY-99,-6.2146,106.8451,29.0
2026-05-07 15:20:32,DUMMY-99,-6.2146,106.8451,9.0
2026-05-07 15:20:34,DUMMY-99,-6.2146,106.8451,7.0
2026-05-07 15:20:35,SENS-JAKPUS,-6.1754,106.8272,12.0
2026-05-07 15:20:36,DUMMY-99,-6.2146,106.8451,8.0
2026-05-07 15:20:37,SENS-JAKSEL,-6.2615,106.8106,100.0
2026-05-07 15:20:39,DUMMY-99,-6.2146,106.8451,29.0
2026-05-07 15:20:40,DUMMY-99,-6.2146,106.8451,1.0
2026-05-07 15:20:42,DUMMY-99,-6.2146,106.8451,18.0
2026-05-07 15:20:44,SENS-JAKPUS,-6.1754,106.8272,4.0
2026-05-07 15:20:44,DUMMY-99,-6.2146,106.8451,7.0
2026-05-07 15:20:46,SENS-JAKSEL,-6.2615,106.8106,7.0
2026-05-07 15:20:46,DUMMY-99,-6.2146,106.8451,3.0
2026-05-07 15:20:49,DUMMY-99,-6.2146,106.8451,7.0
2026-05-07 15:20:50,DUMMY-99,-6.2146,106.8451,26.0
2026-05-07 15:20:53,DUMMY-99,-6.2146,106.8451,96.0
2026-05-07 15:20:53,SENS-JAKPUS,-6.1754,106.8272,8.0
2026-05-07 15:20:55,DUMMY-99,-6.2146,106.8451,22.0
2026-05-07 15:20:55,SENS-JAKSEL,-6.2615,106.8106,7.0
2026-05-07 15:20:56,DUMMY-99,-6.2146,106.8451,22.0
2026-05-07 15:20:58,DUMMY-99,-6.2146,106.8451,15.0
2026-05-07 15:21:01,DUMMY-99,-6.2146,106.8451,4.0
2026-05-07 15:21:02,SENS-JAKPUS,-6.1754,106.8272,17.0
2026-05-07 15:21:03,DUMMY-99,-6.2146,106.8451,22.0
2026-05-07 15:21:04,SENS-JAKSEL,-6.2615,106.8106,76.0
2026-05-07 15:21:04,DUMMY-99,-6.2146,106.8451,23.0
2026-05-07 15:21:08,DUMMY-99,-6.2146,106.8451,69.0
2026-05-07 15:21:11,SENS-JAKPUS,-6.1754,106.8272,3.0
2026-05-07 15:21:13,DUMMY-99,-6.2146,106.8451,14.0
2026-05-07 15:21:13,SENS-JAKSEL,-6.2615,106.8106,17.0
2026-05-07 15:21:15,DUMMY-99,-6.2146,106.8451,10.0
2026-05-07 15:21:16,DUMMY-99,-6.2146,106.8451,3.0
2026-05-07 15:21:19,DUMMY-99,-6.2146,106.8451,26.0
2026-05-07 15:21:21,SENS-JAKPUS,-6.1754,106.8272,1.0
2026-05-07 15:21:21,DUMMY-99,-6.2146,106.8451,76.0
2026-05-07 15:21:22,DUMMY-99,-6.2146,106.8451,28.0
2026-05-07 15:21:23,SENS-JAKSEL,-6.2615,106.8106,19.0
2026-05-07 15:21:24,DUMMY-99,-6.2146,106.8451,20.0
2026-05-07 15:21:26,DUMMY-99,-6.2146,106.8451,98.0
2026-05-07 15:21:28,DUMMY-99,-6.2146,106.8451,66.0
2026-05-07 15:21:30,SENS-JAKPUS,-6.1754,106.8272,5.0
2026-05-07 15:21:31,DUMMY-99,-6.2146,106.8451,24.0
2026-05-07 15:21:32,SENS-JAKSEL,-6.2615,106.8106,15.0
2026-05-07 15:21:32,DUMMY-99,-6.2146,106.8451,6.0
2026-05-07 15:21:35,DUMMY-99,-6.2146,106.8451,27.0
2026-05-07 15:21:36,DUMMY-99,-6.2146,106.8451,0.0
2026-05-07 15:21:39,DUMMY-99,-6.2146,106.8451,1.0
2026-05-07 15:21:39,SENS-JAKPUS,-6.1754,106.8272,13.0
2026-05-07 15:21:41,DUMMY-99,-6.2146,106.8451,0.0
2026-05-07 15:21:41,SENS-JAKSEL,-6.2615,106.8106,1.0
2026-05-07 15:21:42,DUMMY-99,-6.2146,106.8451,7.0
2026-05-07 15:21:44,DUMMY-99,-6.2146,106.8451,18.0
2026-05-07 15:21:46,DUMMY-99,-6.2146,106.8451,2.0
2026-05-07 15:21:48,SENS-JAKPUS,-6.1754,106.8272,16.0
2026-05-07 15:21:49,DUMMY-99,-6.2146,106.8451,20.0
2026-05-07 15:21:50,SENS-JAKSEL,-6.2615,106.8106,19.0
2026-05-07 15:21:50,DUMMY-99,-6.2146,106.8451,26.0
2026-05-07 15:21:53,DUMMY-99,-6.2146,106.8451,28.0
2026-05-07 15:21:55,DUMMY-99,-6.2146,106.8451,2.0
2026-05-07 15:21:56,DUMMY-99,-6.2146,106.8451,27.0
2026-05-07 15:21:57,SENS-JAKPUS,-6.1754,106.8272,19.0
2026-05-07 15:21:58,DUMMY-99,-6.2146,106.8451,24.0
2026-05-07 15:21:59,SENS-JAKSEL,-6.2615,106.8106,1.0
2026-05-07 15:22:00,DUMMY-99,-6.2146,106.8451,4.0
2026-05-07 15:22:02,DUMMY-99,-6.2146,106.8451,12.0
2026-05-07 15:22:05,DUMMY-99,-6.2146,106.8451,26.0
2026-05-07 15:22:06,SENS-JAKPUS,-6.1754,106.8272,17.0
2026-05-07 15:22:06,DUMMY-99,-6.2146,106.8451,21.0
2026-05-07 15:22:08,SENS-JAKSEL,-6.2615,106.8106,2.0
2026-05-07 15:22:08,DUMMY-99,-6.2146,106.8451,24.0
2026-05-07 15:22:11,DUMMY-99,-6.2146,106.8451,16.0
2026-05-07 15:22:13,DUMMY-99,-6.2146,106.8451,5.0
2026-05-07 15:22:14,DUMMY-99,-6.2146,106.8451,29.0
2026-05-07 15:22:15,SENS-JAKPUS,-6.1754,106.8272,4.0
2026-05-07 15:22:16,DUMMY-99,-6.2146,106.8451,3.0
2026-05-07 15:22:17,SENS-JAKSEL,-6.2615,106.8106,12.0
2026-05-07 15:22:19,DUMMY-99,-6.2146,106.8451,24.0
2026-05-07 15:22:21,DUMMY-99,-6.2146,106.8451,21.0
2026-05-07 15:22:23,DUMMY-99,-6.2146,106.8451,16.0
2026-05-07 15:22:24,SENS-JAKPUS,-6.1754,106.8272,90.0
2026-05-07 15:22:24,DUMMY-99,-6.2146,106.8451,15.0
2026-05-07 15:22:26,SENS-JAKSEL,-6.2615,106.8106,3.0
2026-05-07 15:22:27,DUMMY-99,-6.2146,106.8451,17.0
2026-05-07 15:22:28,DUMMY-99,-6.2146,106.8451,23.0
2026-05-07 15:22:31,DUMMY-99,-6.2146,106.8451,28.0
2026-05-07 15:22:32,DUMMY-99,-6.2146,106.8451,8.0
2026-05-07 15:22:33,SENS-JAKPUS,-6.1754,106.8272,8.0
2026-05-07 15:22:35,DUMMY-99,-6.2146,106.8451,28.0
2026-05-07 15:22:35,SENS-JAKSEL,-6.2615,106.8106,88.0
2026-05-07 15:22:38,DUMMY-99,-6.2146,106.8451,25.0
2026-05-07 15:22:40,DUMMY-99,-6.2146,106.8451,62.0
2026-05-07 15:22:42,SENS-JAKPUS,-6.1754,106.8272,3.0
2026-05-07 15:22:42,DUMMY-99,-6.2146,106.8451,11.0
2026-05-07 15:22:44,SENS-JAKSEL,-6.2615,106.8106,19.0
2026-05-07 15:22:44,DUMMY-99,-6.2146,106.8451,10.0
2026-05-07 15:22:46,DUMMY-99,-6.2146,106.8451,12.0
2026-05-07 15:22:49,DUMMY-99,-6.2146,106.8451,26.0
2026-05-07 15:22:50,DUMMY-99,-6.2146,106.8451,23.0
2026-05-07 15:22:51,SENS-JAKPUS,-6.1754,106.8272,2.0
2026-05-07 15:22:53,DUMMY-99,-6.2146,106.8451,9.0
2026-05-07 15:22:53,SENS-JAKSEL,-6.2615,106.8106,1.0
2026-05-07 15:22:54,DUMMY-99,-6.2146,106.8451,20.0
2026-05-07 15:22:56,DUMMY-99,-6.2146,106.8451,1.0
2026-05-07 15:22:58,DUMMY-99,-6.2146,106.8451,17.0
2026-05-07 15:23:00,SENS-JAKPUS,-6.1754,106.8272,3.0
2026-05-07 15:23:01,DUMMY-99,-6.2146,106.8451,0.0
2026-05-07 15:23:02,SENS-JAKSEL,-6.2615,106.8106,15.0
2026-05-07 15:23:03,DUMMY-99,-6.2146,106.8451,26.0
2026-05-07 15:23:05,DUMMY-99,-6.2146,106.8451,23.0
2026-05-07 15:23:06,DUMMY-99,-6.2146,106.8451,2.0
2026-05-07 15:23:09,DUMMY-99,-6.2146,106.8451,5.0
2026-05-07 15:23:09,SENS-JAKPUS,-6.1754,106.8272,4.0
2026-05-07 15:23:11,DUMMY-99,-6.2146,106.8451,14.0
2026-05-07 15:23:11,SENS-JAKSEL,-6.2615,106.8106,6.0
2026-05-07 15:23:12,DUMMY-99,-6.2146,106.8451,7.0
2026-05-07 15:23:16,DUMMY-99,-6.2146,106.8451,82.0
2026-05-07 15:23:18,SENS-JAKPUS,-6.1754,106.8272,14.0
2026-05-07 15:23:19,DUMMY-99,-6.2146,106.8451,15.0
2026-05-07 15:23:20,SENS-JAKSEL,-6.2615,106.8106,10.0
2026-05-07 15:23:21,DUMMY-99,-6.2146,106.8451,6.0
2026-05-07 15:23:23,DUMMY-99,-6.2146,106.8451,25.0
2026-05-07 15:23:24,DUMMY-99,-6.2146,106.8451,84.0
2026-05-07 15:23:27,DUMMY-99,-6.2146,106.8451,29.0
2026-05-07 15:23:27,SENS-JAKPUS,-6.1754,106.8272,6.0
2026-05-07 15:23:29,DUMMY-99,-6.2146,106.8451,82.0
2026-05-07 15:23:30,SENS-JAKSEL,-6.2615,106.8106,9.0
2026-05-07 15:23:30,DUMMY-99,-6.2146,106.8451,18.0
2026-05-07 15:23:32,DUMMY-99,-6.2146,106.8451,1.0
2026-05-07 15:23:34,DUMMY-99,-6.2146,106.8451,2.0
2026-05-07 15:23:37,SENS-JAKPUS,-6.1754,106.8272,4.0
2026-05-07 15:23:37,DUMMY-99,-6.2146,106.8451,13.0
2026-05-07 15:23:38,DUMMY-99,-6.2146,106.8451,9.0
2026-05-07 15:23:39,SENS-JAKSEL,-6.2615,106.8106,78.0
2026-05-07 15:23:41,DUMMY-99,-6.2146,106.8451,28.0
2026-05-07 15:23:43,DUMMY-99,-6.2146,106.8451,29.0
2026-05-07 15:23:44,DUMMY-99,-6.2146,106.8451,13.0
2026-05-07 15:23:46,SENS-JAKPUS,-6.1754,106.8272,1.0
2026-05-07 15:23:46,DUMMY-99,-6.2146,106.8451,19.0
2026-05-07 15:23:48,SENS-JAKSEL,-6.2615,106.8106,65.0
2026-05-07 15:23:49,DUMMY-99,-6.2146,106.8451,1.0
2026-05-07 15:23:51,DUMMY-99,-6.2146,106.8451,3.0
2026-05-07 15:23:52,DUMMY-99,-6.2146,106.8451,0.0
2026-05-07 15:23:55,DUMMY-99,-6.2146,106.8451,3.0
2026-05-07 15:23:55,SENS-JAKPUS,-6.1754,106.8272,12.0
2026-05-07 15:23:56,DUMMY-99,-6.2146,106.8451,0.0
2026-05-07 15:23:57,SENS-JAKSEL,-6.2615,106.8106,3.0
2026-05-07 15:23:58,DUMMY-99,-6.2146,106.8451,29.0
2026-05-07 15:24:01,DUMMY-99,-6.2146,106.8451,17.0
2026-05-07 15:24:03,DUMMY-99,-6.2146,106.8451,27.0
2026-05-07 15:24:04,SENS-JAKPUS,-6.1754,106.8272,16.0
2026-05-07 15:24:05,DUMMY-99,-6.2146,106.8451,4.0
2026-05-07 15:24:06,SENS-JAKSEL,-6.2615,106.8106,15.0
2026-05-07 15:24:06,DUMMY-99,-6.2146,106.8451,13.0
2026-05-07 15:24:09,DUMMY-99,-6.2146,106.8451,0.0
2026-05-07 15:24:10,DUMMY-99,-6.2146,106.8451,8.0
2026-05-07 15:24:13,DUMMY-99,-6.2146,106.8451,1.0
2026-05-07 15:24:13,SENS-JAKPUS,-6.1754,106.8272,17.0
2026-05-07 15:24:14,DUMMY-99,-6.2146,106.8451,26.0
2026-05-07 15:24:15,SENS-JAKSEL,-6.2615,106.8106,8.0
2026-05-07 15:24:17,DUMMY-99,-6.2146,106.8451,25.0
2026-05-07 15:24:19,DUMMY-99,-6.2146,106.8451,62.0
2026-05-07 15:24:21,DUMMY-99,-6.2146,106.8451,94.0
2026-05-07 15:24:22,SENS-JAKPUS,-6.1754,106.8272,4.0
2026-05-07 15:24:23,DUMMY-99,-6.2146,106.8451,17.0
2026-05-07 15:24:24,SENS-JAKSEL,-6.2615,106.8106,4.0
2026-05-07 15:24:24,DUMMY-99,-6.2146,106.8451,14.0
2026-05-07 15:24:26,DUMMY-99,-6.2146,106.8451,56.0
2026-05-07 15:24:29,DUMMY-99,-6.2146,106.8451,9.0
2026-05-07 15:24:30,DUMMY-99,-6.2146,106.8451,19.0
2026-05-07 15:24:31,SENS-JAKPUS,-6.1754,106.8272,16.0
2026-05-07 15:24:32,DUMMY-99,-6.2146,106.8451,8.0
2026-05-07 15:24:33,SENS-JAKSEL,-6.2615,106.8106,11.0
2026-05-07 15:24:35,DUMMY-99,-6.2146,106.8451,22.0
2026-05-07 15:24:36,DUMMY-99,-6.2146,106.8451,25.0
2026-05-07 15:24:39,DUMMY-99,-6.2146,106.8451,12.0
2026-05-07 15:24:40,SENS-JAKPUS,-6.1754,106.8272,18.0
2026-05-07 15:24:40,DUMMY-99,-6.2146,106.8451,10.0
2026-05-07 15:24:42,SENS-JAKSEL,-6.2615,106.8106,11.0
2026-05-07 15:24:42,DUMMY-99,-6.2146,106.8451,56.0
2026-05-07 15:24:45,DUMMY-99,-6.2146,106.8451,4.0
2026-05-07 15:24:46,DUMMY-99,-6.2146,106.8451,10.0
2026-05-07 15:24:48,DUMMY-99,-6.2146,106.8451,25.0
2026-05-07 15:24:49,SENS-JAKPUS,-6.1754,106.8272,2.0
2026-05-07 15:24:51,DUMMY-99,-6.2146,106.8451,19.0
2026-05-07 15:24:51,SENS-JAKSEL,-6.2615,106.8106,15.0
2026-05-07 15:24:52,DUMMY-99,-6.2146,106.8451,25.0
2026-05-07 15:24:55,DUMMY-99,-6.2146,106.8451,21.0
2026-05-07 15:24:57,DUMMY-99,-6.2146,106.8451,7.0
2026-05-07 15:24:58,SENS-JAKPUS,-6.1754,106.8272,7.0
2026-05-07 15:24:58,DUMMY-99,-6.2146,106.8451,15.0
2026-05-07 15:25:00,SENS-JAKSEL,-6.2615,106.8106,18.0
2026-05-07 15:25:00,DUMMY-99,-6.2146,106.8451,17.0
2026-05-07 15:25:02,DUMMY-99,-6.2146,106.8451,4.0
2026-05-07 15:25:05,DUMMY-99,-6.2146,106.8451,23.0
2026-05-07 15:25:07,DUMMY-99,-6.2146,106.8451,2.0
2026-05-07 15:25:07,SENS-JAKPUS,-6.1754,106.8272,5.0
2026-05-07 15:25:09,DUMMY-99,-6.2146,106.8451,26.0
2026-05-07 15:25:09,SENS-JAKSEL,-6.2615,106.8106,6.0
2026-05-07 15:25:11,DUMMY-99,-6.2146,106.8451,1.0
2026-05-07 15:25:13,DUMMY-99,-6.2146,106.8451,15.0
2026-05-07 15:25:14,DUMMY-99,-6.2146,106.8451,28.0
2026-05-07 15:25:16,SENS-JAKPUS,-6.1754,106.8272,11.0
2026-05-07 15:25:17,DUMMY-99,-6.2146,106.8451,20.0
2026-05-07 15:25:18,SENS-JAKSEL,-6.2615,106.8106,3.0
2026-05-07 15:25:19,DUMMY-99,-6.2146,106.8451,16.0
2026-05-07 15:25:20,DUMMY-99,-6.2146,106.8451,14.0
2026-05-07 15:25:22,DUMMY-99,-6.2146,106.8451,62.0
2026-05-07 15:25:24,DUMMY-99,-6.2146,106.8451,4.0
2026-05-07 15:25:25,SENS-JAKPUS,-6.1754,106.8272,5.0
2026-05-07 15:25:26,DUMMY-99,-6.2146,106.8451,13.0
2026-05-07 15:25:27,SENS-JAKSEL,-6.2615,106.8106,15.0
2026-05-07 15:25:29,DUMMY-99,-6.2146,106.8451,24.0
2026-05-07 15:25:30,DUMMY-99,-6.2146,106.8451,16.0
2026-05-07 15:25:32,DUMMY-99,-6.2146,106.8451,2.0
2026-05-07 15:25:34,SENS-JAKPUS,-6.1754,106.8272,14.0
2026-05-07 15:25:35,DUMMY-99,-6.2146,106.8451,26.0
2026-05-07 15:25:36,SENS-JAKSEL,-6.2615,106.8106,16.0
2026-05-07 15:25:37,DUMMY-99,-6.2146,106.8451,20.0
2026-05-07 15:25:39,DUMMY-99,-6.2146,106.8451,4.0
2026-05-07 15:25:40,DUMMY-99,-6.2146,106.8451,18.0
2026-05-07 15:25:42,DUMMY-99,-6.2146,106.8451,9.0
2026-05-07 15:25:44,SENS-JAKPUS,-6.1754,106.8272,3.0
2026-05-07 15:25:45,DUMMY-99,-6.2146,106.8451,26.0
2026-05-07 15:25:46,SENS-JAKSEL,-6.2615,106.8106,5.0
2026-05-07 15:25:47,DUMMY-99,-6.2146,106.8451,17.0
2026-05-07 15:25:48,DUMMY-99,-6.2146,106.8451,10.0
2026-05-07 15:25:50,DUMMY-99,-6.2146,106.8451,18.0
2026-05-07 15:25:53,DUMMY-99,-6.2146,106.8451,26.0
2026-05-07 15:25:53,SENS-JAKPUS,-6.1754,106.8272,16.0
2026-05-07 15:25:54,DUMMY-99,-6.2146,106.8451,5.0
2026-05-07 15:25:55,SENS-JAKSEL,-6.2615,106.8106,9.0
2026-05-07 15:25:57,DUMMY-99,-6.2146,106.8451,13.0
2026-05-07 15:25:58,DUMMY-99,-6.2146,106.8451,73.0
2026-05-07 15:26:01,DUMMY-99,-6.2146,106.8451,74.0
2026-05-07 15:26:02,SENS-JAKPUS,-6.1754,106.8272,10.0
2026-05-07 15:26:03,DUMMY-99,-6.2146,106.8451,22.0
2026-05-07 15:26:04,SENS-JAKSEL,-6.2615,106.8106,19.0
2026-05-07 15:26:04,DUMMY-99,-6.2146,106.8451,8.0
2026-05-07 15:26:06,DUMMY-99,-6.2146,106.8451,25.0
2026-05-07 15:26:08,DUMMY-99,-6.2146,106.8451,15.0
2026-05-07 15:26:10,DUMMY-99,-6.2146,106.8451,24.0
2026-05-07 15:26:11,SENS-JAKPUS,-6.1754,106.8272,10.0
2026-05-07 15:26:13,DUMMY-99,-6.2146,106.8451,1.0
2026-05-07 15:26:13,SENS-JAKSEL,-6.2615,106.8106,10.0
2026-05-07 15:26:14,DUMMY-99,-6.2146,106.8451,2.0
2026-05-07 15:26:16,DUMMY-99,-6.2146,106.8451,23.0
2026-05-07 15:26:18,DUMMY-99,-6.2146,106.8451,26.0
2026-05-07 15:26:20,SENS-JAKPUS,-6.1754,106.8272,1.0
2026-05-07 15:26:21,DUMMY-99,-6.2146,106.8451,3.0
2026-05-07 15:26:22,SENS-JAKSEL,-6.2615,106.8106,12.0
2026-05-07 15:26:23,DUMMY-99,-6.2146,106.8451,24.0
2026-05-07 15:26:24,DUMMY-99,-6.2146,106.8451,69.0
2026-05-07 15:26:27,DUMMY-99,-6.2146,106.8451,7.0
2026-05-07 15:26:28,DUMMY-99,-6.2146,106.8451,3.0
2026-05-07 15:26:29,SENS-JAKPUS,-6.1754,106.8272,95.0
2026-05-07 15:26:31,DUMMY-99,-6.2146,106.8451,15.0
2026-05-07 15:26:31,SENS-JAKSEL,-6.2615,106.8106,12.0
2026-05-07 15:26:32,DUMMY-99,-6.2146,106.8451,19.0
2026-05-07 15:26:35,DUMMY-99,-6.2146,106.8451,81.0
2026-05-07 15:26:36,DUMMY-99,-6.2146,106.8451,14.0
2026-05-07 15:26:38,SENS-JAKPUS,-6.1754,106.8272,9.0
2026-05-07 15:26:38,DUMMY-99,-6.2146,106.8451,12.0
2026-05-07 15:26:40,SENS-JAKSEL,-6.2615,106.8106,16.0
2026-05-07 15:26:41,DUMMY-99,-6.2146,106.8451,5.0
2026-05-07 15:26:43,DUMMY-99,-6.2146,106.8451,0.0
2026-05-07 15:26:44,DUMMY-99,-6.2146,106.8451,17.0
2026-05-07 15:26:47,DUMMY-99,-6.2146,106.8451,15.0
2026-05-07 15:26:47,SENS-JAKPUS,-6.1754,106.8272,20.0
2026-05-07 15:26:48,DUMMY-99,-6.2146,106.8451,11.0
2026-05-07 15:26:49,SENS-JAKSEL,-6.2615,106.8106,4.0
2026-05-07 15:26:50,DUMMY-99,-6.2146,106.8451,1.0
2026-05-07 15:26:53,DUMMY-99,-6.2146,106.8451,6.0
2026-05-07 15:26:55,DUMMY-99,-6.2146,106.8451,26.0
2026-05-07 15:26:56,SENS-JAKPUS,-6.1754,106.8272,20.0
2026-05-07 15:26:56,DUMMY-99,-6.2146,106.8451,14.0
2026-05-07 15:26:58,SENS-JAKSEL,-6.2615,106.8106,18.0
2026-05-07 15:26:59,DUMMY-99,-6.2146,106.8451,21.0
2026-05-07 15:27:00,DUMMY-99,-6.2146,106.8451,66.0
2026-05-07 15:27:02,DUMMY-99,-6.2146,106.8451,8.0
2026-05-07 15:27:05,DUMMY-99,-6.2146,106.8451,15.0
2026-05-07 15:27:05,SENS-JAKPUS,-6.1754,106.8272,18.0
2026-05-07 15:27:06,DUMMY-99,-6.2146,106.8451,24.0
2026-05-07 15:27:07,SENS-JAKSEL,-6.2615,106.8106,16.0
2026-05-07 15:27:09,DUMMY-99,-6.2146,106.8451,4.0
2026-05-07 15:27:11,DUMMY-99,-6.2146,106.8451,16.0
2026-05-07 15:27:13,DUMMY-99,-6.2146,106.8451,18.0
2026-05-07 15:27:14,SENS-JAKPUS,-6.1754,106.8272,0.0
2026-05-07 15:27:14,DUMMY-99,-6.2146,106.8451,67.0
2026-05-07 15:27:16,SENS-JAKSEL,-6.2615,106.8106,7.0
2026-05-07 15:27:17,DUMMY-99,-6.2146,106.8451,15.0
2026-05-07 15:27:18,DUMMY-99,-6.2146,106.8451,68.0
2026-05-07 15:27:20,DUMMY-99,-6.2146,106.8451,16.0
2026-05-07 15:27:22,DUMMY-99,-6.2146,106.8451,13.0
2026-05-07 15:27:23,SENS-JAKPUS,-6.1754,106.8272,13.0
2026-05-07 15:27:24,DUMMY-99,-6.2146,106.8451,12.0
2026-05-07 15:27:25,SENS-JAKSEL,-6.2615,106.8106,1.0
2026-05-07 15:27:26,DUMMY-99,-6.2146,106.8451,7.0
2026-05-07 15:27:29,DUMMY-99,-6.2146,106.8451,15.0
2026-05-07 15:27:31,DUMMY-99,-6.2146,106.8451,8.0
2026-05-07 15:27:32,SENS-JAKPUS,-6.1754,106.8272,19.0
2026-05-07 15:27:33,DUMMY-99,-6.2146,106.8451,4.0
2026-05-07 15:27:34,SENS-JAKSEL,-6.2615,106.8106,88.0
2026-05-07 15:27:35,DUMMY-99,-6.2146,106.8451,19.0
2026-05-07 15:27:36,DUMMY-99,-6.2146,106.8451,28.0
2026-05-07 15:27:39,DUMMY-99,-6.2146,106.8451,23.0
2026-05-07 15:27:40,DUMMY-99,-6.2146,106.8451,12.0
2026-05-07 15:27:41,SENS-JAKPUS,-6.1754,106.8272,84.0
2026-05-07 15:27:42,DUMMY-99,-6.2146,106.8451,1.0
2026-05-07 15:27:43,SENS-JAKSEL,-6.2615,106.8106,64.0
2026-05-07 15:27:46,DUMMY-99,-6.2146,106.8451,56.0
2026-05-07 15:27:48,DUMMY-99,-6.2146,106.8451,13.0
2026-05-07 15:27:50,DUMMY-99,-6.2146,106.8451,2.0
2026-05-07 15:27:50,SENS-JAKPUS,-6.1754,106.8272,18.0
2026-05-07 15:27:52,DUMMY-99,-6.2146,106.8451,82.0
2026-05-07 15:27:53,SENS-JAKSEL,-6.2615,106.8106,18.0
2026-05-07 15:27:55,DUMMY-99,-6.2146,106.8451,9.0
2026-05-07 15:27:56,DUMMY-99,-6.2146,106.8451,16.0
2026-05-07 15:27:58,DUMMY-99,-6.2146,106.8451,27.0
2026-05-07 15:28:00,SENS-JAKPUS,-6.1754,106.8272,5.0
2026-05-07 15:28:01,DUMMY-99,-6.2146,106.8451,29.0
2026-05-07 15:28:02,SENS-JAKSEL,-6.2615,106.8106,19.0
2026-05-07 15:28:03,DUMMY-99,-6.2146,106.8451,4.0
2026-05-07 15:28:04,DUMMY-99,-6.2146,106.8451,57.0
2026-05-07 15:28:06,DUMMY-99,-6.2146,106.8451,16.0
2026-05-07 15:28:09,DUMMY-99,-6.2146,106.8451,17.0
2026-05-07 15:28:09,SENS-JAKPUS,-6.1754,106.8272,9.0
2026-05-07 15:28:11,DUMMY-99,-6.2146,106.8451,4.0
2026-05-07 15:28:11,SENS-JAKSEL,-6.2615,106.8106,2.0
2026-05-07 15:28:12,DUMMY-99,-6.2146,106.8451,24.0
2026-05-07 15:28:14,DUMMY-99,-6.2146,106.8451,17.0
2026-05-07 15:28:16,DUMMY-99,-6.2146,106.8451,83.0
2026-05-07 15:28:18,SENS-JAKPUS,-6.1754,106.8272,3.0
2026-05-07 15:28:18,DUMMY-99,-6.2146,106.8451,1.0
2026-05-07 15:28:20,SENS-JAKSEL,-6.2615,106.8106,5.0
2026-05-07 15:28:21,DUMMY-99,-6.2146,106.8451,18.0
2026-05-07 15:28:22,DUMMY-99,-6.2146,106.8451,1.0
2026-05-07 15:28:24,DUMMY-99,-6.2146,106.8451,25.0
2026-05-07 15:28:27,DUMMY-99,-6.2146,106.8451,12.0
2026-05-07 15:28:27,SENS-JAKPUS,-6.1754,106.8272,15.0
2026-05-07 15:28:28,DUMMY-99,-6.2146,106.8451,2.0
2026-05-07 15:28:29,SENS-JAKSEL,-6.2615,106.8106,4.0
2026-05-07 15:28:31,DUMMY-99,-6.2146,106.8451,14.0
2026-05-07 15:28:33,DUMMY-99,-6.2146,106.8451,23.0
2026-05-07 15:28:35,DUMMY-99,-6.2146,106.8451,7.0
2026-05-07 15:28:36,SENS-JAKPUS,-6.1754,106.8272,18.0
2026-05-07 15:28:36,DUMMY-99,-6.2146,106.8451,19.0
2026-05-07 15:28:38,SENS-JAKSEL,-6.2615,106.8106,13.0
2026-05-07 15:28:38,DUMMY-99,-6.2146,106.8451,9.0
2026-05-07 15:28:41,DUMMY-99,-6.2146,106.8451,26.0
2026-05-07 15:28:42,DUMMY-99,-6.2146,106.8451,6.0
2026-05-07 15:28:44,DUMMY-99,-6.2146,106.8451,12.0
2026-05-07 15:28:45,SENS-JAKPUS,-6.1754,106.8272,6.0
2026-05-07 15:28:46,DUMMY-99,-6.2146,106.8451,5.0
2026-05-07 15:28:47,SENS-JAKSEL,-6.2615,106.8106,14.0
2026-05-07 15:28:48,DUMMY-99,-6.2146,106.8451,17.0
2026-05-07 15:28:51,DUMMY-99,-6.2146,106.8451,18.0
2026-05-07 15:28:53,DUMMY-99,-6.2146,106.8451,21.0
2026-05-07 15:28:54,SENS-JAKPUS,-6.1754,106.8272,0.0
2026-05-07 15:28:55,DUMMY-99,-6.2146,106.8451,1.0
2026-05-07 15:28:56,SENS-JAKSEL,-6.2615,106.8106,18.0
2026-05-07 15:28:56,DUMMY-99,-6.2146,106.8451,84.0
2026-05-07 15:28:59,DUMMY-99,-6.2146,106.8451,11.0
2026-05-07 15:29:01,DUMMY-99,-6.2146,106.8451,19.0
2026-05-07 15:29:03,DUMMY-99,-6.2146,106.8451,17.0
2026-05-07 15:29:03,SENS-JAKPUS,-6.1754,106.8272,14.0
2026-05-07 15:29:04,DUMMY-99,-6.2146,106.8451,8.0
2026-05-07 15:29:05,SENS-JAKSEL,-6.2615,106.8106,3.0
2026-05-07 15:29:06,DUMMY-99,-6.2146,106.8451,21.0
2026-05-07 15:29:09,DUMMY-99,-6.2146,106.8451,19.0
2026-05-07 15:29:10,DUMMY-99,-6.2146,106.8451,6.0
2026-05-07 15:29:12,SENS-JAKPUS,-6.1754,106.8272,6.0
2026-05-07 15:29:13,DUMMY-99,-6.2146,106.8451,24.0
2026-05-07 15:29:14,SENS-JAKSEL,-6.2615,106.8106,13.0
2026-05-07 15:29:14,DUMMY-99,-6.2146,106.8451,81.0
2026-05-07 15:29:16,DUMMY-99,-6.2146,106.8451,61.0
2026-05-07 15:29:18,DUMMY-99,-6.2146,106.8451,12.0
2026-05-07 15:29:20,DUMMY-99,-6.2146,106.8451,16.0
2026-05-07 15:29:21,SENS-JAKPUS,-6.1754,106.8272,12.0
2026-05-07 15:29:22,DUMMY-99,-6.2146,106.8451,21.0
2026-05-07 15:29:23,SENS-JAKSEL,-6.2615,106.8106,6.0
2026-05-07 15:29:24,DUMMY-99,-6.2146,106.8451,25.0
2026-05-07 15:29:27,DUMMY-99,-6.2146,106.8451,28.0
2026-05-07 15:29:29,DUMMY-99,-6.2146,106.8451,0.0
2026-05-07 15:29:30,SENS-JAKPUS,-6.1754,106.8272,3.0
2026-05-07 15:29:30,DUMMY-99,-6.2146,106.8451,16.0
2026-05-07 15:29:32,SENS-JAKSEL,-6.2615,106.8106,11.0
2026-05-07 15:29:32,DUMMY-99,-6.2146,106.8451,10.0
2026-05-07 15:29:35,DUMMY-99,-6.2146,106.8451,10.0
2026-05-07 15:29:37,DUMMY-99,-6.2146,106.8451,0.0
2026-05-07 15:29:39,DUMMY-99,-6.2146,106.8451,28.0
2026-05-07 15:29:39,SENS-JAKPUS,-6.1754,106.8272,11.0
2026-05-07 15:29:41,DUMMY-99,-6.2146,106.8451,21.0
2026-05-07 15:29:41,SENS-JAKSEL,-6.2615,106.8106,20.0
2026-05-07 15:29:42,DUMMY-99,-6.2146,106.8451,18.0
2026-05-07 15:29:45,DUMMY-99,-6.2146,106.8451,25.0
2026-05-07 15:29:46,DUMMY-99,-6.2146,106.8451,29.0
2026-05-07 15:29:48,SENS-JAKPUS,-6.1754,106.8272,1.0
2026-05-07 15:29:48,DUMMY-99,-6.2146,106.8451,21.0
2026-05-07 15:29:50,SENS-JAKSEL,-6.2615,106.8106,2.0
2026-05-07 15:29:50,DUMMY-99,-6.2146,106.8451,19.0
2026-05-07 15:29:52,DUMMY-99,-6.2146,106.8451,7.0
2026-05-07 15:29:54,DUMMY-99,-6.2146,106.8451,11.0
2026-05-07 15:29:56,DUMMY-99,-6.2146,106.8451,28.0
2026-05-07 15:29:57,SENS-JAKPUS,-6.1754,106.8272,10.0
2026-05-07 15:29:58,DUMMY-99,-6.2146,106.8451,18.0
2026-05-07 15:30:00,SENS-JAKSEL,-6.2615,106.8106,1.0
2026-05-07 15:30:01,DUMMY-99,-6.2146,106.8451,26.0
2026-05-07 15:30:03,DUMMY-99,-6.2146,106.8451,5.0
2026-05-07 15:30:05,DUMMY-99,-6.2146,106.8451,85.0
2026-05-07 15:30:07,DUMMY-99,-6.2146,106.8451,11.0
2026-05-07 15:30:07,SENS-JAKPUS,-6.1754,106.8272,11.0
2026-05-07 15:30:08,DUMMY-99,-6.2146,106.8451,19.0
2026-05-07 15:30:09,SENS-JAKSEL,-6.2615,106.8106,7.0
2026-05-07 15:30:11,DUMMY-99,-6.2146,106.8451,69.0
2026-05-07 15:30:13,DUMMY-99,-6.2146,106.8451,20.0
2026-05-07 15:30:14,DUMMY-99,-6.2146,106.8451,27.0
2026-05-07 15:30:16,SENS-JAKPUS,-6.1754,106.8272,95.0
2026-05-07 15:30:16,DUMMY-99,-6.2146,106.8451,65.0
2026-05-07 15:30:18,SENS-JAKSEL,-6.2615,106.8106,4.0
2026-05-07 15:30:19,DUMMY-99,-6.2146,106.8451,23.0
2026-05-07 15:30:20,DUMMY-99,-6.2146,106.8451,9.0
2026-05-07 15:30:22,DUMMY-99,-6.2146,106.8451,10.0
2026-05-07 15:30:24,DUMMY-99,-6.2146,106.8451,80.0
2026-05-07 15:30:25,SENS-JAKPUS,-6.1754,106.8272,13.0
2026-05-07 15:30:26,DUMMY-99,-6.2146,106.8451,28.0
2026-05-07 15:30:27,SENS-JAKSEL,-6.2615,106.8106,6.0
2026-05-07 15:30:28,DUMMY-99,-6.2146,106.8451,13.0
2026-05-07 15:30:30,DUMMY-99,-6.2146,106.8451,23.0
2026-05-07 15:30:32,DUMMY-99,-6.2146,106.8451,80.0
2026-05-07 15:30:34,SENS-JAKPUS,-6.1754,106.8272,11.0
2026-05-07 15:30:35,DUMMY-99,-6.2146,106.8451,15.0
2026-05-07 15:30:36,SENS-JAKSEL,-6.2615,106.8106,1.0
2026-05-07 15:30:37,DUMMY-99,-6.2146,106.8451,22.0
2026-05-07 15:30:38,DUMMY-99,-6.2146,106.8451,1.0
2026-05-07 15:30:41,DUMMY-99,-6.2146,106.8451,26.0
2026-05-07 15:30:42,DUMMY-99,-6.2146,106.8451,24.0
2026-05-07 15:30:43,SENS-JAKPUS,-6.1754,106.8272,11.0
2026-05-07 15:30:45,DUMMY-99,-6.2146,106.8451,10.0
2026-05-07 15:30:45,SENS-JAKSEL,-6.2615,106.8106,16.0
2026-05-07 15:30:47,DUMMY-99,-6.2146,106.8451,4.0
2026-05-07 15:30:48,DUMMY-99,-6.2146,106.8451,98.0
2026-05-07 15:30:51,DUMMY-99,-6.2146,106.8451,17.0
2026-05-07 15:30:52,SENS-JAKPUS,-6.1754,106.8272,4.0
2026-05-07 15:30:52,DUMMY-99,-6.2146,106.8451,4.0
2026-05-07 15:30:54,SENS-JAKSEL,-6.2615,106.8106,12.0
2026-05-07 15:30:54,DUMMY-99,-6.2146,106.8451,9.0
2026-05-07 15:30:57,DUMMY-99,-6.2146,106.8451,11.0
2026-05-07 15:30:59,DUMMY-99,-6.2146,106.8451,26.0
2026-05-07 15:31:01,DUMMY-99,-6.2146,106.8451,9.0
2026-05-07 15:31:01,SENS-JAKPUS,-6.1754,106.8272,89.0
2026-05-07 15:31:02,DUMMY-99,-6.2146,106.8451,19.0
2026-05-07 15:31:03,SENS-JAKSEL,-6.2615,106.8106,6.0
2026-05-07 15:31:04,DUMMY-99,-6.2146,106.8451,11.0
2026-05-07 15:31:07,DUMMY-99,-6.2146,106.8451,6.0
2026-05-07 15:31:08,DUMMY-99,-6.2146,106.8451,17.0
2026-05-07 15:31:10,SENS-JAKPUS,-6.1754,106.8272,7.0
2026-05-07 15:31:10,DUMMY-99,-6.2146,106.8451,23.0
2026-05-07 15:31:12,SENS-JAKSEL,-6.2615,106.8106,1.0
2026-05-07 15:31:12,DUMMY-99,-6.2146,106.8451,12.0
2026-05-07 15:31:15,DUMMY-99,-6.2146,106.8451,66.0
2026-05-07 15:31:16,DUMMY-99,-6.2146,106.8451,15.0
2026-05-07 15:31:18,DUMMY-99,-6.2146,106.8451,16.0
2026-05-07 15:31:19,SENS-JAKPUS,-6.1754,106.8272,86.0
2026-05-07 15:31:20,DUMMY-99,-6.2146,106.8451,92.0
2026-05-07 15:31:21,SENS-JAKSEL,-6.2615,106.8106,5.0
2026-05-07 15:31:22,DUMMY-99,-6.2146,106.8451,69.0
2026-05-07 15:31:25,DUMMY-99,-6.2146,106.8451,17.0
2026-05-07 15:31:27,DUMMY-99,-6.2146,106.8451,6.0
2026-05-07 15:31:28,SENS-JAKPUS,-6.1754,106.8272,2.0
2026-05-07 15:31:29,DUMMY-99,-6.2146,106.8451,8.0
2026-05-07 15:31:30,SENS-JAKSEL,-6.2615,106.8106,2.0
2026-05-07 15:31:30,DUMMY-99,-6.2146,106.8451,17.0
2026-05-07 15:31:32,DUMMY-99,-6.2146,106.8451,0.0
2026-05-07 15:31:34,DUMMY-99,-6.2146,106.8451,14.0
2026-05-07 15:31:36,DUMMY-99,-6.2146,106.8451,1.0
2026-05-07 15:31:37,SENS-JAKPUS,-6.1754,106.8272,3.0
2026-05-07 15:31:38,DUMMY-99,-6.2146,106.8451,59.0
2026-05-07 15:31:39,SENS-JAKSEL,-6.2615,106.8106,6.0
2026-05-07 15:31:40,DUMMY-99,-6.2146,106.8451,1.0
2026-05-07 15:31:43,DUMMY-99,-6.2146,106.8451,26.0
2026-05-07 15:31:45,DUMMY-99,-6.2146,106.8451,22.0
2026-05-07 15:31:46,SENS-JAKPUS,-6.1754,106.8272,5.0
2026-05-07 15:31:46,DUMMY-99,-6.2146,106.8451,10.0
2026-05-07 15:31:48,SENS-JAKSEL,-6.2615,106.8106,1.0
2026-05-07 15:31:48,DUMMY-99,-6.2146,106.8451,28.0
2026-05-07 15:31:50,DUMMY-99,-6.2146,106.8451,2.0
2026-05-07 15:31:53,DUMMY-99,-6.2146,106.8451,18.0
2026-05-07 15:31:55,DUMMY-99,-6.2146,106.8451,22.0
2026-05-07 15:31:55,SENS-JAKPUS,-6.1754,106.8272,3.0
2026-05-07 15:31:56,DUMMY-99,-6.2146,106.8451,16.0
2026-05-07 15:31:57,SENS-JAKSEL,-6.2615,106.8106,6.0
2026-05-07 15:31:58,DUMMY-99,-6.2146,106.8451,15.0
2026-05-07 15:32:01,DUMMY-99,-6.2146,106.8451,22.0
2026-05-07 15:32:03,DUMMY-99,-6.2146,106.8451,92.0
2026-05-07 15:32:04,SENS-JAKPUS,-6.1754,106.8272,2.0
2026-05-07 15:32:05,DUMMY-99,-6.2146,106.8451,18.0
2026-05-07 15:32:06,SENS-JAKSEL,-6.2615,106.8106,4.0
2026-05-07 15:32:06,DUMMY-99,-6.2146,106.8451,7.0
2026-05-07 15:32:09,DUMMY-99,-6.2146,106.8451,17.0
2026-05-07 15:32:10,DUMMY-99,-6.2146,106.8451,9.0
2026-05-07 15:32:12,DUMMY-99,-6.2146,106.8451,19.0
2026-05-07 15:32:13,SENS-JAKPUS,-6.1754,106.8272,11.0
2026-05-07 15:32:14,DUMMY-99,-6.2146,106.8451,19.0
2026-05-07 15:32:15,SENS-JAKSEL,-6.2615,106.8106,90.0
2026-05-07 15:32:16,DUMMY-99,-6.2146,106.8451,26.0
2026-05-07 15:32:18,DUMMY-99,-6.2146,106.8451,2.0
2026-05-07 15:32:21,DUMMY-99,-6.2146,106.8451,13.0
2026-05-07 15:32:22,DUMMY-99,-6.2146,106.8451,12.0
2026-05-07 15:32:23,SENS-JAKPUS,-6.1754,106.8272,0.0
2026-05-07 15:32:25,DUMMY-99,-6.2146,106.8451,21.0
2026-05-07 15:32:25,SENS-JAKSEL,-6.2615,106.8106,3.0
2026-05-07 15:32:27,DUMMY-99,-6.2146,106.8451,63.0
2026-05-07 15:32:28,DUMMY-99,-6.2146,106.8451,26.0
2026-05-07 15:32:30,DUMMY-99,-6.2146,106.8451,4.0
2026-05-07 15:32:32,SENS-JAKPUS,-6.1754,106.8272,15.0
2026-05-07 15:32:33,DUMMY-99,-6.2146,106.8451,19.0
2026-05-07 15:32:34,SENS-JAKSEL,-6.2615,106.8106,4.0
2026-05-07 15:32:35,DUMMY-99,-6.2146,106.8451,28.0
2026-05-07 15:32:36,DUMMY-99,-6.2146,106.8451,15.0
2026-05-07 15:32:38,DUMMY-99,-6.2146,106.8451,19.0
2026-05-07 15:32:41,DUMMY-99,-6.2146,106.8451,27.0
2026-05-07 15:32:41,SENS-JAKPUS,-6.1754,106.8272,11.0
2026-05-07 15:32:42,DUMMY-99,-6.2146,106.8451,24.0
2026-05-07 15:32:43,SENS-JAKSEL,-6.2615,106.8106,10.0
2026-05-07 15:32:44,DUMMY-99,-6.2146,106.8451,24.0
2026-05-07 15:32:47,DUMMY-99,-6.2146,106.8451,23.0
2026-05-07 15:32:48,DUMMY-99,-6.2146,106.8451,26.0
2026-05-07 15:32:50,SENS-JAKPUS,-6.1754,106.8272,6.0
2026-05-07 15:32:50,DUMMY-99,-6.2146,106.8451,5.0
2026-05-07 15:32:52,SENS-JAKSEL,-6.2615,106.8106,12.0
2026-05-07 15:32:53,DUMMY-99,-6.2146,106.8451,27.0
2026-05-07 15:32:54,DUMMY-99,-6.2146,106.8451,5.0
2026-05-07 15:32:56,DUMMY-99,-6.2146,106.8451,12.0
2026-05-07 15:32:58,DUMMY-99,-6.2146,106.8451,16.0
2026-05-07 15:32:59,SENS-JAKPUS,-6.1754,106.8272,2.0
2026-05-07 15:33:01,DUMMY-99,-6.2146,106.8451,9.0
2026-05-07 15:33:01,SENS-JAKSEL,-6.2615,106.8106,6.0
2026-05-07 15:33:02,DUMMY-99,-6.2146,106.8451,17.0
2026-05-07 15:33:04,DUMMY-99,-6.2146,106.8451,12.0
2026-05-07 15:33:06,DUMMY-99,-6.2146,106.8451,24.0
2026-05-07 15:33:08,SENS-JAKPUS,-6.1754,106.8272,13.0
2026-05-07 15:33:09,DUMMY-99,-6.2146,106.8451,2.0
2026-05-07 15:33:10,SENS-JAKSEL,-6.2615,106.8106,2.0
2026-05-07 15:33:11,DUMMY-99,-6.2146,106.8451,28.0
2026-05-07 15:33:12,DUMMY-99,-6.2146,106.8451,13.0
2026-05-07 15:33:14,DUMMY-99,-6.2146,106.8451,6.0
2026-05-07 15:33:16,DUMMY-99,-6.2146,106.8451,17.0
2026-05-07 15:33:17,SENS-JAKPUS,-6.1754,106.8272,11.0
2026-05-07 15:33:19,DUMMY-99,-6.2146,106.8451,8.0
2026-05-07 15:33:19,SENS-JAKSEL,-6.2615,106.8106,11.0
2026-05-07 15:33:20,DUMMY-99,-6.2146,106.8451,2.0
2026-05-07 15:33:23,DUMMY-99,-6.2146,106.8451,11.0
2026-05-07 15:33:24,DUMMY-99,-6.2146,106.8451,4.0
2026-05-07 15:33:26,SENS-JAKPUS,-6.1754,106.8272,13.0
2026-05-07 15:33:27,DUMMY-99,-6.2146,106.8451,0.0
2026-05-07 15:33:28,SENS-JAKSEL,-6.2615,106.8106,10.0
2026-05-07 15:33:28,DUMMY-99,-6.2146,106.8451,19.0
2026-05-07 15:33:30,DUMMY-99,-6.2146,106.8451,97.0
2026-05-07 15:33:33,DUMMY-99,-6.2146,106.8451,24.0
2026-05-07 15:33:34,DUMMY-99,-6.2146,106.8451,15.0
2026-05-07 15:33:35,SENS-JAKPUS,-6.1754,106.8272,4.0
2026-05-07 15:33:36,DUMMY-99,-6.2146,106.8451,19.0
2026-05-07 15:33:37,SENS-JAKSEL,-6.2615,106.8106,95.0
2026-05-07 15:33:38,DUMMY-99,-6.2146,106.8451,3.0
2026-05-07 15:33:41,DUMMY-99,-6.2146,106.8451,0.0
2026-05-07 15:33:43,DUMMY-99,-6.2146,106.8451,28.0
2026-05-07 15:33:44,SENS-JAKPUS,-6.1754,106.8272,3.0
2026-05-07 15:33:44,DUMMY-99,-6.2146,106.8451,1.0
2026-05-07 15:33:46,SENS-JAKSEL,-6.2615,106.8106,3.0
2026-05-07 15:33:46,DUMMY-99,-6.2146,106.8451,23.0
2026-05-07 15:33:48,DUMMY-99,-6.2146,106.8451,21.0
2026-05-07 15:33:51,DUMMY-99,-6.2146,106.8451,3.0
2026-05-07 15:33:52,DUMMY-99,-6.2146,106.8451,26.0
2026-05-07 15:33:53,SENS-JAKPUS,-6.1754,106.8272,20.0
2026-05-07 15:33:55,DUMMY-99,-6.2146,106.8451,94.0
2026-05-07 15:33:55,SENS-JAKSEL,-6.2615,106.8106,13.0
2026-05-07 15:33:57,DUMMY-99,-6.2146,106.8451,28.0
2026-05-07 15:33:58,DUMMY-99,-6.2146,106.8451,21.0
2026-05-07 15:34:01,DUMMY-99,-6.2146,106.8451,19.0
2026-05-07 15:34:02,SENS-JAKPUS,-6.1754,106.8272,6.0
2026-05-07 15:34:03,DUMMY-99,-6.2146,106.8451,3.0
2026-05-07 15:34:04,SENS-JAKSEL,-6.2615,106.8106,68.0
2026-05-07 15:34:04,DUMMY-99,-6.2146,106.8451,19.0
2026-05-07 15:34:07,DUMMY-99,-6.2146,106.8451,12.0
2026-05-07 15:34:09,DUMMY-99,-6.2146,106.8451,10.0
2026-05-07 15:34:11,DUMMY-99,-6.2146,106.8451,23.0
2026-05-07 15:34:12,SENS-JAKPUS,-6.1754,106.8272,3.0
2026-05-07 15:34:12,DUMMY-99,-6.2146,106.8451,18.0
2026-05-07 15:34:14,SENS-JAKSEL,-6.2615,106.8106,2.0
2026-05-07 15:34:15,DUMMY-99,-6.2146,106.8451,19.0
2026-05-07 15:34:18,DUMMY-99,-6.2146,106.8451,3.0
2026-05-07 15:34:20,DUMMY-99,-6.2146,106.8451,26.0
2026-05-07 15:34:21,SENS-JAKPUS,-6.1754,106.8272,11.0
2026-05-07 15:34:23,DUMMY-99,-6.2146,106.8451,3.0
2026-05-07 15:34:23,SENS-JAKSEL,-6.2615,106.8106,0.0
2026-05-07 15:34:24,DUMMY-99,-6.2146,106.8451,19.0
2026-05-07 15:34:26,DUMMY-99,-6.2146,106.8451,3.0
2026-05-07 15:34:29,DUMMY-99,-6.2146,106.8451,0.0
2026-05-07 15:34:30,SENS-JAKPUS,-6.1754,106.8272,94.0
2026-05-07 15:34:31,DUMMY-99,-6.2146,106.8451,6.0
2026-05-07 15:34:32,SENS-JAKSEL,-6.2615,106.8106,8.0
2026-05-07 15:34:32,DUMMY-99,-6.2146,106.8451,15.0
2026-05-07 15:34:35,DUMMY-99,-6.2146,106.8451,6.0
2026-05-07 15:34:37,DUMMY-99,-6.2146,106.8451,16.0
2026-05-07 15:34:38,DUMMY-99,-6.2146,106.8451,9.0
2026-05-07 15:34:39,SENS-JAKPUS,-6.1754,106.8272,12.0
2026-05-07 15:34:41,DUMMY-99,-6.2146,106.8451,27.0
2026-05-07 15:34:41,SENS-JAKSEL,-6.2615,106.8106,9.0
2026-05-07 15:34:42,DUMMY-99,-6.2146,106.8451,78.0
2026-05-07 15:34:45,DUMMY-99,-6.2146,106.8451,29.0
2026-05-07 15:34:46,DUMMY-99,-6.2146,106.8451,0.0
2026-05-07 15:34:48,SENS-JAKPUS,-6.1754,106.8272,11.0
2026-05-07 15:34:48,DUMMY-99,-6.2146,106.8451,59.0
2026-05-07 15:34:50,SENS-JAKSEL,-6.2615,106.8106,15.0
2026-05-07 15:34:50,DUMMY-99,-6.2146,106.8451,24.0
2026-05-07 15:34:52,DUMMY-99,-6.2146,106.8451,22.0
2026-05-07 15:34:55,DUMMY-99,-6.2146,106.8451,8.0
2026-05-07 15:34:56,DUMMY-99,-6.2146,106.8451,2.0
2026-05-07 15:34:57,SENS-JAKPUS,-6.1754,106.8272,14.0
2026-05-07 15:34:58,DUMMY-99,-6.2146,106.8451,9.0
2026-05-07 15:34:59,SENS-JAKSEL,-6.2615,106.8106,10.0
2026-05-07 15:35:01,DUMMY-99,-6.2146,106.8451,3.0
2026-05-07 15:35:03,DUMMY-99,-6.2146,106.8451,23.0
2026-05-07 15:35:04,DUMMY-99,-6.2146,106.8451,22.0
2026-05-07 15:35:06,SENS-JAKPUS,-6.1754,106.8272,9.0
2026-05-07 15:35:06,DUMMY-99,-6.2146,106.8451,25.0
2026-05-07 15:35:08,SENS-JAKSEL,-6.2615,106.8106,10.0
2026-05-07 15:35:08,DUMMY-99,-6.2146,106.8451,20.0
2026-05-07 15:35:11,DUMMY-99,-6.2146,106.8451,22.0
2026-05-07 15:35:12,DUMMY-99,-6.2146,106.8451,9.0
2026-05-07 15:35:15,DUMMY-99,-6.2146,106.8451,7.0
2026-05-07 15:35:15,SENS-JAKPUS,-6.1754,106.8272,13.0
2026-05-07 15:35:16,DUMMY-99,-6.2146,106.8451,4.0
2026-05-07 15:35:17,SENS-JAKSEL,-6.2615,106.8106,19.0
2026-05-07 15:35:18,DUMMY-99,-6.2146,106.8451,2.0
2026-05-07 15:35:20,DUMMY-99,-6.2146,106.8451,29.0
2026-05-07 15:35:23,DUMMY-99,-6.2146,106.8451,11.0
2026-05-07 15:35:24,SENS-JAKPUS,-6.1754,106.8272,9.0
2026-05-07 15:35:25,DUMMY-99,-6.2146,106.8451,8.0
2026-05-07 15:35:26,SENS-JAKSEL,-6.2615,106.8106,15.0
2026-05-07 15:35:27,DUMMY-99,-6.2146,106.8451,22.0
2026-05-07 15:35:28,DUMMY-99,-6.2146,106.8451,16.0
2026-05-07 15:35:31,DUMMY-99,-6.2146,106.8451,26.0
2026-05-07 15:35:33,DUMMY-99,-6.2146,106.8451,28.0
2026-05-07 15:35:33,SENS-JAKPUS,-6.1754,106.8272,1.0
2026-05-07 15:35:34,DUMMY-99,-6.2146,106.8451,17.0
2026-05-07 15:35:35,SENS-JAKSEL,-6.2615,106.8106,8.0
2026-05-07 15:35:36,DUMMY-99,-6.2146,106.8451,6.0
2026-05-07 15:35:38,DUMMY-99,-6.2146,106.8451,19.0
2026-05-07 15:35:41,DUMMY-99,-6.2146,106.8451,17.0
2026-05-07 15:35:42,SENS-JAKPUS,-6.1754,106.8272,17.0
2026-05-07 15:35:43,DUMMY-99,-6.2146,106.8451,22.0
2026-05-07 15:35:44,SENS-JAKSEL,-6.2615,106.8106,17.0
2026-05-07 15:35:44,DUMMY-99,-6.2146,106.8451,9.0
2026-05-07 15:35:46,DUMMY-99,-6.2146,106.8451,19.0
2026-05-07 15:35:48,DUMMY-99,-6.2146,106.8451,12.0
2026-05-07 15:35:51,DUMMY-99,-6.2146,106.8451,12.0
2026-05-07 15:35:51,SENS-JAKPUS,-6.1754,106.8272,20.0
2026-05-07 15:35:52,DUMMY-99,-6.2146,106.8451,84.0
2026-05-07 15:35:53,SENS-JAKSEL,-6.2615,106.8106,18.0
2026-05-07 15:35:54,DUMMY-99,-6.2146,106.8451,14.0
2026-05-07 15:35:57,DUMMY-99,-6.2146,106.8451,7.0
2026-05-07 15:35:59,DUMMY-99,-6.2146,106.8451,0.0
2026-05-07 15:36:00,SENS-JAKPUS,-6.1754,106.8272,11.0
2026-05-07 15:36:01,DUMMY-99,-6.2146,106.8451,24.0
2026-05-07 15:36:02,SENS-JAKSEL,-6.2615,106.8106,14.0
2026-05-07 15:36:03,DUMMY-99,-6.2146,106.8451,16.0
2026-05-07 15:36:04,DUMMY-99,-6.2146,106.8451,7.0
2026-05-07 15:36:07,DUMMY-99,-6.2146,106.8451,15.0
2026-05-07 15:36:08,DUMMY-99,-6.2146,106.8451,21.0
2026-05-07 15:36:10,SENS-JAKPUS,-6.1754,106.8272,11.0
2026-05-07 15:36:10,DUMMY-99,-6.2146,106.8451,7.0
2026-05-07 15:36:12,SENS-JAKSEL,-6.2615,106.8106,18.0
2026-05-07 15:36:12,DUMMY-99,-6.2146,106.8451,10.0
2026-05-07 15:36:14,DUMMY-99,-6.2146,106.8451,4.0
2026-05-07 15:36:16,DUMMY-99,-6.2146,106.8451,8.0
2026-05-07 15:36:18,DUMMY-99,-6.2146,106.8451,88.0
2026-05-07 15:36:19,SENS-JAKPUS,-6.1754,106.8272,11.0
2026-05-07 15:36:20,DUMMY-99,-6.2146,106.8451,13.0
2026-05-07 15:36:21,SENS-JAKSEL,-6.2615,106.8106,18.0
2026-05-07 15:36:22,DUMMY-99,-6.2146,106.8451,9.0
2026-05-07 15:36:24,DUMMY-99,-6.2146,106.8451,7.0
2026-05-07 15:36:26,DUMMY-99,-6.2146,106.8451,8.0
2026-05-07 15:36:28,SENS-JAKPUS,-6.1754,106.8272,0.0
2026-05-07 15:36:28,DUMMY-99,-6.2146,106.8451,20.0
2026-05-07 15:36:30,SENS-JAKSEL,-6.2615,106.8106,18.0
2026-05-07 15:36:30,DUMMY-99,-6.2146,106.8451,16.0
2026-05-07 15:36:33,DUMMY-99,-6.2146,106.8451,21.0
2026-05-07 15:36:35,DUMMY-99,-6.2146,106.8451,26.0
2026-05-07 15:36:36,DUMMY-99,-6.2146,106.8451,9.0
2026-05-07 15:36:37,SENS-JAKPUS,-6.1754,106.8272,5.0
2026-05-07 15:36:38,DUMMY-99,-6.2146,106.8451,76.0
2026-05-07 15:36:39,SENS-JAKSEL,-6.2615,106.8106,9.0
2026-05-07 15:36:41,DUMMY-99,-6.2146,106.8451,21.0
2026-05-07 15:36:42,DUMMY-99,-6.2146,106.8451,28.0
2026-05-07 15:36:44,DUMMY-99,-6.2146,106.8451,99.0
2026-05-07 15:36:46,SENS-JAKPUS,-6.1754,106.8272,13.0
2026-05-07 15:36:46,DUMMY-99,-6.2146,106.8451,16.0
2026-05-07 15:36:48,SENS-JAKSEL,-6.2615,106.8106,0.0
2026-05-07 15:36:49,DUMMY-99,-6.2146,106.8451,98.0
2026-05-07 15:36:51,DUMMY-99,-6.2146,106.8451,16.0
2026-05-07 15:36:53,DUMMY-99,-6.2146,106.8451,97.0
2026-05-07 15:36:54,DUMMY-99,-6.2146,106.8451,6.0
2026-05-07 15:36:55,SENS-JAKPUS,-6.1754,106.8272,82.0
2026-05-07 15:36:56,DUMMY-99,-6.2146,106.8451,13.0
2026-05-07 15:36:57,SENS-JAKSEL,-6.2615,106.8106,19.0
2026-05-07 15:36:58,DUMMY-99,-6.2146,106.8451,9.0
2026-05-07 15:37:01,DUMMY-99,-6.2146,106.8451,23.0
2026-05-07 15:37:03,DUMMY-99,-6.2146,106.8451,74.0
2026-05-07 15:37:04,SENS-JAKPUS,-6.1754,106.8272,13.0
2026-05-07 15:37:05,DUMMY-99,-6.2146,106.8451,12.0
2026-05-07 15:37:06,SENS-JAKSEL,-6.2615,106.8106,3.0
2026-05-07 15:37:07,DUMMY-99,-6.2146,106.8451,1.0
2026-05-07 15:37:09,DUMMY-99,-6.2146,106.8451,23.0
2026-05-07 15:37:10,DUMMY-99,-6.2146,106.8451,17.0
2026-05-07 15:37:12,DUMMY-99,-6.2146,106.8451,7.0
2026-05-07 15:37:13,SENS-JAKPUS,-6.1754,106.8272,19.0
2026-05-07 15:37:14,DUMMY-99,-6.2146,106.8451,27.0
2026-05-07 15:37:15,SENS-JAKSEL,-6.2615,106.8106,11.0
2026-05-07 15:37:16,DUMMY-99,-6.2146,106.8451,9.0
2026-05-07 15:37:18,DUMMY-99,-6.2146,106.8451,1.0
2026-05-07 15:37:20,DUMMY-99,-6.2146,106.8451,11.0
2026-05-07 15:37:22,SENS-JAKPUS,-6.1754,106.8272,1.0
2026-05-07 15:37:22,DUMMY-99,-6.2146,106.8451,17.0
2026-05-07 15:37:24,SENS-JAKSEL,-6.2615,106.8106,20.0
2026-05-07 15:37:25,DUMMY-99,-6.2146,106.8451,17.0
2026-05-07 15:37:27,DUMMY-99,-6.2146,106.8451,28.0
2026-05-07 15:37:31,DUMMY-99,-6.2146,106.8451,18.0
2026-05-07 15:37:31,SENS-JAKPUS,-6.1754,106.8272,7.0
2026-05-07 15:37:33,SENS-JAKSEL,-6.2615,106.8106,16.0
2026-05-07 15:37:35,DUMMY-99,-6.2146,106.8451,3.0
2026-05-07 15:37:36,DUMMY-99,-6.2146,106.8451,96.0
2026-05-07 15:37:38,DUMMY-99,-6.2146,106.8451,13.0
2026-05-07 15:37:40,SENS-JAKPUS,-6.1754,106.8272,16.0
2026-05-07 15:37:41,DUMMY-99,-6.2146,106.8451,6.0
2026-05-07 15:37:42,SENS-JAKSEL,-6.2615,106.8106,19.0
2026-05-07 15:37:43,DUMMY-99,-6.2146,106.8451,22.0
2026-05-07 15:37:44,DUMMY-99,-6.2146,106.8451,65.0
2026-05-07 15:37:46,DUMMY-99,-6.2146,106.8451,25.0
2026-05-07 15:37:48,DUMMY-99,-6.2146,106.8451,28.0
2026-05-07 15:37:49,SENS-JAKPUS,-6.1754,106.8272,6.0
2026-05-07 15:37:51,DUMMY-99,-6.2146,106.8451,0.0
2026-05-07 15:37:51,SENS-JAKSEL,-6.2615,106.8106,14.0
2026-05-07 15:37:53,DUMMY-99,-6.2146,106.8451,16.0
2026-05-07 15:37:54,DUMMY-99,-6.2146,106.8451,8.0
2026-05-07 15:37:57,DUMMY-99,-6.2146,106.8451,17.0
2026-05-07 15:37:58,SENS-JAKPUS,-6.1754,106.8272,0.0
2026-05-07 15:37:58,DUMMY-99,-6.2146,106.8451,19.0
2026-05-07 15:38:00,SENS-JAKSEL,-6.2615,106.8106,19.0
2026-05-07 15:38:00,DUMMY-99,-6.2146,106.8451,20.0
2026-05-07 15:38:02,DUMMY-99,-6.2146,106.8451,6.0
2026-05-07 15:38:04,DUMMY-99,-6.2146,106.8451,4.0
2026-05-07 15:38:07,DUMMY-99,-6.2146,106.8451,60.0
2026-05-07 15:38:07,SENS-JAKPUS,-6.1754,106.8272,3.0
2026-05-07 15:38:09,DUMMY-99,-6.2146,106.8451,6.0
2026-05-07 15:38:09,SENS-JAKSEL,-6.2615,106.8106,12.0
2026-05-07 15:38:10,DUMMY-99,-6.2146,106.8451,17.0
2026-05-07 15:38:13,DUMMY-99,-6.2146,106.8451,0.0
2026-05-07 15:38:15,DUMMY-99,-6.2146,106.8451,8.0
2026-05-07 15:38:16,DUMMY-99,-6.2146,106.8451,10.0
2026-05-07 15:38:16,SENS-JAKPUS,-6.1754,106.8272,2.0
2026-05-07 15:38:18,SENS-JAKSEL,-6.2615,106.8106,17.0
2026-05-07 15:38:19,DUMMY-99,-6.2146,106.8451,66.0
2026-05-07 15:38:20,DUMMY-99,-6.2146,106.8451,9.0
2026-05-07 15:38:22,DUMMY-99,-6.2146,106.8451,14.0
2026-05-07 15:38:25,DUMMY-99,-6.2146,106.8451,6.0
2026-05-07 15:38:26,SENS-JAKPUS,-6.1754,106.8272,20.0
2026-05-07 15:38:26,DUMMY-99,-6.2146,106.8451,27.0
2026-05-07 15:38:28,SENS-JAKSEL,-6.2615,106.8106,83.0
2026-05-07 15:38:28,DUMMY-99,-6.2146,106.8451,2.0
2026-05-07 15:38:31,DUMMY-99,-6.2146,106.8451,18.0
2026-05-07 15:38:33,DUMMY-99,-6.2146,106.8451,14.0
2026-05-07 15:38:34,DUMMY-99,-6.2146,106.8451,18.0
2026-05-07 15:38:35,SENS-JAKPUS,-6.1754,106.8272,16.0
2026-05-07 15:38:36,DUMMY-99,-6.2146,106.8451,10.0
2026-05-07 15:38:37,SENS-JAKSEL,-6.2615,106.8106,20.0
2026-05-07 15:38:39,DUMMY-99,-6.2146,106.8451,11.0
2026-05-07 15:38:41,DUMMY-99,-6.2146,106.8451,28.0
2026-05-07 15:38:43,DUMMY-99,-6.2146,106.8451,11.0
2026-05-07 15:38:44,SENS-JAKPUS,-6.1754,106.8272,16.0
2026-05-07 15:38:44,DUMMY-99,-6.2146,106.8451,93.0
2026-05-07 15:38:46,SENS-JAKSEL,-6.2615,106.8106,13.0
2026-05-07 15:38:46,DUMMY-99,-6.2146,106.8451,67.0
2026-05-07 15:38:49,DUMMY-99,-6.2146,106.8451,6.0
2026-05-07 15:38:50,DUMMY-99,-6.2146,106.8451,7.0
2026-05-07 15:38:53,DUMMY-99,-6.2146,106.8451,0.0
2026-05-07 15:38:53,SENS-JAKPUS,-6.1754,106.8272,16.0
2026-05-07 15:38:54,DUMMY-99,-6.2146,106.8451,26.0
2026-05-07 15:38:55,SENS-JAKSEL,-6.2615,106.8106,0.0
2026-05-07 15:38:56,DUMMY-99,-6.2146,106.8451,22.0
2026-05-07 15:38:59,DUMMY-99,-6.2146,106.8451,4.0
2026-05-07 15:39:00,DUMMY-99,-6.2146,106.8451,6.0
2026-05-07 15:39:02,SENS-JAKPUS,-6.1754,106.8272,67.0
2026-05-07 15:39:02,DUMMY-99,-6.2146,106.8451,17.0
2026-05-07 15:39:04,SENS-JAKSEL,-6.2615,106.8106,5.0
2026-05-07 15:39:04,DUMMY-99,-6.2146,106.8451,1.0
2026-05-07 15:39:07,DUMMY-99,-6.2146,106.8451,69.0
2026-05-07 15:39:09,DUMMY-99,-6.2146,106.8451,29.0
2026-05-07 15:39:10,DUMMY-99,-6.2146,106.8451,1.0
2026-05-07 15:39:11,SENS-JAKPUS,-6.1754,106.8272,2.0
2026-05-07 15:39:13,DUMMY-99,-6.2146,106.8451,20.0
2026-05-07 15:39:13,SENS-JAKSEL,-6.2615,106.8106,9.0
2026-05-07 15:39:15,DUMMY-99,-6.2146,106.8451,1.0
2026-05-07 15:39:17,DUMMY-99,-6.2146,106.8451,18.0
2026-05-07 15:39:18,DUMMY-99,-6.2146,106.8451,24.0
2026-05-07 15:39:20,SENS-JAKPUS,-6.1754,106.8272,97.0
2026-05-07 15:39:20,DUMMY-99,-6.2146,106.8451,9.0
2026-05-07 15:39:22,SENS-JAKSEL,-6.2615,106.8106,11.0
2026-05-07 15:39:23,DUMMY-99,-6.2146,106.8451,23.0
2026-05-07 15:39:24,DUMMY-99,-6.2146,106.8451,11.0
2026-05-07 15:39:26,DUMMY-99,-6.2146,106.8451,22.0
2026-05-07 15:39:28,DUMMY-99,-6.2146,106.8451,19.0
2026-05-07 15:39:29,SENS-JAKPUS,-6.1754,106.8272,15.0
2026-05-07 15:39:31,DUMMY-99,-6.2146,106.8451,26.0
2026-05-07 15:39:31,SENS-JAKSEL,-6.2615,106.8106,7.0
2026-05-07 15:39:33,DUMMY-99,-6.2146,106.8451,25.0
2026-05-07 15:39:35,DUMMY-99,-6.2146,106.8451,11.0
2026-05-07 15:39:36,DUMMY-99,-6.2146,106.8451,29.0
2026-05-07 15:39:38,SENS-JAKPUS,-6.1754,106.8272,2.0
2026-05-07 15:39:38,DUMMY-99,-6.2146,106.8451,15.0
2026-05-07 15:39:40,SENS-JAKSEL,-6.2615,106.8106,4.0
2026-05-07 15:39:41,DUMMY-99,-6.2146,106.8451,12.0
2026-05-07 15:39:42,DUMMY-99,-6.2146,106.8451,5.0
2026-05-07 15:39:45,DUMMY-99,-6.2146,106.8451,4.0
2026-05-07 15:39:46,DUMMY-99,-6.2146,106.8451,0.0
2026-05-07 15:39:47,SENS-JAKPUS,-6.1754,106.8272,17.0
2026-05-07 15:39:48,DUMMY-99,-6.2146,106.8451,7.0
2026-05-07 15:39:49,SENS-JAKSEL,-6.2615,106.8106,0.0
2026-05-07 15:39:51,DUMMY-99,-6.2146,106.8451,17.0
2026-05-07 15:39:53,DUMMY-99,-6.2146,106.8451,24.0
2026-05-07 15:39:54,DUMMY-99,-6.2146,106.8451,5.0
2026-05-07 15:39:56,SENS-JAKPUS,-6.1754,106.8272,19.0
2026-05-07 15:39:56,DUMMY-99,-6.2146,106.8451,7.0
2026-05-07 15:39:58,SENS-JAKSEL,-6.2615,106.8106,66.0
2026-05-07 15:39:58,DUMMY-99,-6.2146,106.8451,15.0
2026-05-07 15:40:01,DUMMY-99,-6.2146,106.8451,81.0
2026-05-07 15:40:02,DUMMY-99,-6.2146,106.8451,3.0
2026-05-07 15:40:05,DUMMY-99,-6.2146,106.8451,11.0
2026-05-07 15:40:05,SENS-JAKPUS,-6.1754,106.8272,18.0
2026-05-07 15:40:06,DUMMY-99,-6.2146,106.8451,2.0
2026-05-07 15:40:07,SENS-JAKSEL,-6.2615,106.8106,2.0
2026-05-07 15:40:09,DUMMY-99,-6.2146,106.8451,26.0
2026-05-07 15:40:10,DUMMY-99,-6.2146,106.8451,2.0
2026-05-07 15:40:12,DUMMY-99,-6.2146,106.8451,22.0
2026-05-07 15:40:14,SENS-JAKPUS,-6.1754,106.8272,68.0
2026-05-07 15:40:15,DUMMY-99,-6.2146,106.8451,59.0
2026-05-07 15:40:16,DUMMY-99,-6.2146,106.8451,13.0
2026-05-07 15:40:17,SENS-JAKSEL,-6.2615,106.8106,62.0
2026-05-07 15:40:18,DUMMY-99,-6.2146,106.8451,18.0
2026-05-07 15:40:20,DUMMY-99,-6.2146,106.8451,86.0
2026-05-07 15:40:22,DUMMY-99,-6.2146,106.8451,2.0
2026-05-07 15:40:24,SENS-JAKPUS,-6.1754,106.8272,70.0
2026-05-07 15:40:24,DUMMY-99,-6.2146,106.8451,10.0
2026-05-07 15:40:26,SENS-JAKSEL,-6.2615,106.8106,2.0
2026-05-07 15:40:27,DUMMY-99,-6.2146,106.8451,6.0
2026-05-07 15:40:28,DUMMY-99,-6.2146,106.8451,17.0
2026-05-07 15:40:31,DUMMY-99,-6.2146,106.8451,8.0
2026-05-07 15:40:32,DUMMY-99,-6.2146,106.8451,29.0
2026-05-07 15:40:33,SENS-JAKPUS,-6.1754,106.8272,19.0
2026-05-07 15:40:35,DUMMY-99,-6.2146,106.8451,13.0
2026-05-07 15:40:35,SENS-JAKSEL,-6.2615,106.8106,12.0
2026-05-07 15:40:36,DUMMY-99,-6.2146,106.8451,7.0
2026-05-07 15:40:39,DUMMY-99,-6.2146,106.8451,7.0
2026-05-07 15:40:40,DUMMY-99,-6.2146,106.8451,23.0
2026-05-07 15:40:42,SENS-JAKPUS,-6.1754,106.8272,10.0
2026-05-07 15:40:43,DUMMY-99,-6.2146,106.8451,4.0
2026-05-07 15:40:44,SENS-JAKSEL,-6.2615,106.8106,14.0
2026-05-07 15:40:44,DUMMY-99,-6.2146,106.8451,19.0
2026-05-07 15:40:47,DUMMY-99,-6.2146,106.8451,9.0
2026-05-07 15:40:48,DUMMY-99,-6.2146,106.8451,25.0
2026-05-07 15:40:50,DUMMY-99,-6.2146,106.8451,0.0
2026-05-07 15:40:51,SENS-JAKPUS,-6.1754,106.8272,9.0
2026-05-07 15:40:53,DUMMY-99,-6.2146,106.8451,10.0
2026-05-07 15:40:53,SENS-JAKSEL,-6.2615,106.8106,71.0
2026-05-07 15:40:54,DUMMY-99,-6.2146,106.8451,12.0
2026-05-07 15:40:56,DUMMY-99,-6.2146,106.8451,10.0
2026-05-07 15:40:58,DUMMY-99,-6.2146,106.8451,7.0
2026-05-07 15:41:00,SENS-JAKPUS,-6.1754,106.8272,0.0
2026-05-07 15:41:01,DUMMY-99,-6.2146,106.8451,21.0
2026-05-07 15:41:02,SENS-JAKSEL,-6.2615,106.8106,1.0
2026-05-07 15:41:02,DUMMY-99,-6.2146,106.8451,12.0
2026-05-07 15:41:05,DUMMY-99,-6.2146,106.8451,1.0
2026-05-07 15:41:06,DUMMY-99,-6.2146,106.8451,0.0
2026-05-07 15:41:08,DUMMY-99,-6.2146,106.8451,3.0
2026-05-07 15:41:09,SENS-JAKPUS,-6.1754,106.8272,17.0
2026-05-07 15:41:10,DUMMY-99,-6.2146,106.8451,14.0
2026-05-07 15:41:11,SENS-JAKSEL,-6.2615,106.8106,16.0
2026-05-07 15:41:12,DUMMY-99,-6.2146,106.8451,0.0
2026-05-07 15:41:15,DUMMY-99,-6.2146,106.8451,12.0
2026-05-07 15:41:16,DUMMY-99,-6.2146,106.8451,9.0
2026-05-07 15:41:18,SENS-JAKPUS,-6.1754,106.8272,71.0
2026-05-07 15:41:18,DUMMY-99,-6.2146,106.8451,8.0
2026-05-07 15:41:20,SENS-JAKSEL,-6.2615,106.8106,13.0
2026-05-07 15:41:20,DUMMY-99,-6.2146,106.8451,23.0
2026-05-07 15:41:22,DUMMY-99,-6.2146,106.8451,11.0
2026-05-07 15:41:25,DUMMY-99,-6.2146,106.8451,16.0
2026-05-07 15:41:26,DUMMY-99,-6.2146,106.8451,18.0
2026-05-07 15:41:27,SENS-JAKPUS,-6.1754,106.8272,14.0
2026-05-07 15:41:28,DUMMY-99,-6.2146,106.8451,2.0
2026-05-07 15:41:29,SENS-JAKSEL,-6.2615,106.8106,1.0
2026-05-07 15:41:31,DUMMY-99,-6.2146,106.8451,17.0
2026-05-07 15:41:33,DUMMY-99,-6.2146,106.8451,25.0
2026-05-07 15:41:35,DUMMY-99,-6.2146,106.8451,12.0
2026-05-07 15:41:36,SENS-JAKPUS,-6.1754,106.8272,13.0
2026-05-07 15:41:36,DUMMY-99,-6.2146,106.8451,8.0
2026-05-07 15:41:38,SENS-JAKSEL,-6.2615,106.8106,15.0
2026-05-07 15:41:38,DUMMY-99,-6.2146,106.8451,6.0
2026-05-07 15:41:40,DUMMY-99,-6.2146,106.8451,5.0
2026-05-07 15:41:43,DUMMY-99,-6.2146,106.8451,64.0
2026-05-07 15:41:44,DUMMY-99,-6.2146,106.8451,15.0
2026-05-07 15:41:45,SENS-JAKPUS,-6.1754,106.8272,14.0
2026-05-07 15:41:47,DUMMY-99,-6.2146,106.8451,7.0
2026-05-07 15:41:47,SENS-JAKSEL,-6.2615,106.8106,11.0
2026-05-07 15:41:48,DUMMY-99,-6.2146,106.8451,5.0
2026-05-07 15:41:50,DUMMY-99,-6.2146,106.8451,22.0
2026-05-07 15:41:52,DUMMY-99,-6.2146,106.8451,20.0
2026-05-07 15:41:54,SENS-JAKPUS,-6.1754,106.8272,18.0
2026-05-07 15:41:55,DUMMY-99,-6.2146,106.8451,10.0
2026-05-07 15:41:56,SENS-JAKSEL,-6.2615,106.8106,19.0
2026-05-07 15:41:57,DUMMY-99,-6.2146,106.8451,5.0
2026-05-07 15:41:59,DUMMY-99,-6.2146,106.8451,0.0
2026-05-07 15:42:00,DUMMY-99,-6.2146,106.8451,26.0
2026-05-07 15:42:02,DUMMY-99,-6.2146,106.8451,18.0
2026-05-07 15:42:03,SENS-JAKPUS,-6.1754,106.8272,17.0
2026-05-07 15:42:04,DUMMY-99,-6.2146,106.8451,25.0
2026-05-07 15:42:05,SENS-JAKSEL,-6.2615,106.8106,0.0
2026-05-07 15:42:07,DUMMY-99,-6.2146,106.8451,14.0
2026-05-07 15:42:09,DUMMY-99,-6.2146,106.8451,17.0
2026-05-07 15:42:10,DUMMY-99,-6.2146,106.8451,29.0
2026-05-07 15:42:13,SENS-JAKPUS,-6.1754,106.8272,20.0
2026-05-07 15:42:13,DUMMY-99,-6.2146,106.8451,15.0
2026-05-07 15:42:15,SENS-JAKSEL,-6.2615,106.8106,75.0
2026-05-07 15:42:15,DUMMY-99,-6.2146,106.8451,12.0
2026-05-07 15:42:16,DUMMY-99,-6.2146,106.8451,56.0
2026-05-07 15:42:18,DUMMY-99,-6.2146,106.8451,16.0
2026-05-07 15:42:20,DUMMY-99,-6.2146,106.8451,5.0
2026-05-07 15:42:22,SENS-JAKPUS,-6.1754,106.8272,10.0
2026-05-07 15:42:23,DUMMY-99,-6.2146,106.8451,84.0
2026-05-07 15:42:24,SENS-JAKSEL,-6.2615,106.8106,19.0
2026-05-07 15:42:25,DUMMY-99,-6.2146,106.8451,14.0
2026-05-07 15:42:26,DUMMY-99,-6.2146,106.8451,6.0
2026-05-07 15:42:28,DUMMY-99,-6.2146,106.8451,25.0
2026-05-07 15:42:31,DUMMY-99,-6.2146,106.8451,24.0
2026-05-07 15:42:31,SENS-JAKPUS,-6.1754,106.8272,2.0
2026-05-07 15:42:32,DUMMY-99,-6.2146,106.8451,18.0
2026-05-07 15:42:33,SENS-JAKSEL,-6.2615,106.8106,4.0
2026-05-07 15:42:35,DUMMY-99,-6.2146,106.8451,2.0
2026-05-07 15:42:36,DUMMY-99,-6.2146,106.8451,94.0
2026-05-07 15:42:39,DUMMY-99,-6.2146,106.8451,8.0
2026-05-07 15:42:40,SENS-JAKPUS,-6.1754,106.8272,0.0
2026-05-07 15:42:41,DUMMY-99,-6.2146,106.8451,27.0
2026-05-07 15:42:42,SENS-JAKSEL,-6.2615,106.8106,6.0
2026-05-07 15:42:43,DUMMY-99,-6.2146,106.8451,96.0
2026-05-07 15:42:44,DUMMY-99,-6.2146,106.8451,20.0
2026-05-07 15:42:47,DUMMY-99,-6.2146,106.8451,24.0
2026-05-07 15:42:49,DUMMY-99,-6.2146,106.8451,23.0
2026-05-07 15:42:49,SENS-JAKPUS,-6.1754,106.8272,0.0
2026-05-07 15:42:50,DUMMY-99,-6.2146,106.8451,13.0
2026-05-07 15:42:51,SENS-JAKSEL,-6.2615,106.8106,7.0
2026-05-07 15:42:52,DUMMY-99,-6.2146,106.8451,78.0
2026-05-07 15:42:55,DUMMY-99,-6.2146,106.8451,0.0
2026-05-07 15:42:57,DUMMY-99,-6.2146,106.8451,18.0
2026-05-07 15:42:58,SENS-JAKPUS,-6.1754,106.8272,15.0
2026-05-07 15:42:59,DUMMY-99,-6.2146,106.8451,25.0
2026-05-07 15:43:00,SENS-JAKSEL,-6.2615,106.8106,2.0
2026-05-07 15:43:00,DUMMY-99,-6.2146,106.8451,23.0
2026-05-07 15:43:03,DUMMY-99,-6.2146,106.8451,86.0
2026-05-07 15:43:04,DUMMY-99,-6.2146,106.8451,7.0
2026-05-07 15:43:07,DUMMY-99,-6.2146,106.8451,4.0
2026-05-07 15:43:07,SENS-JAKPUS,-6.1754,106.8272,6.0
2026-05-07 15:43:09,DUMMY-99,-6.2146,106.8451,95.0
2026-05-07 15:43:09,SENS-JAKSEL,-6.2615,106.8106,15.0
2026-05-07 15:43:10,DUMMY-99,-6.2146,106.8451,3.0
2026-05-07 15:43:13,DUMMY-99,-6.2146,106.8451,20.0
2026-05-07 15:43:15,DUMMY-99,-6.2146,106.8451,0.0
2026-05-07 15:43:16,SENS-JAKPUS,-6.1754,106.8272,17.0
2026-05-07 15:43:16,DUMMY-99,-6.2146,106.8451,24.0
2026-05-07 15:43:18,SENS-JAKSEL,-6.2615,106.8106,15.0
2026-05-07 15:43:18,DUMMY-99,-6.2146,106.8451,25.0
2026-05-07 15:43:21,DUMMY-99,-6.2146,106.8451,11.0
2026-05-07 15:43:22,DUMMY-99,-6.2146,106.8451,79.0
2026-05-07 15:43:25,DUMMY-99,-6.2146,106.8451,12.0
2026-05-07 15:43:25,SENS-JAKPUS,-6.1754,106.8272,7.0
2026-05-07 15:43:27,DUMMY-99,-6.2146,106.8451,18.0
2026-05-07 15:43:27,SENS-JAKSEL,-6.2615,106.8106,14.0
2026-05-07 15:43:28,DUMMY-99,-6.2146,106.8451,17.0
2026-05-07 15:43:31,DUMMY-99,-6.2146,106.8451,20.0
2026-05-07 15:43:33,DUMMY-99,-6.2146,106.8451,18.0
2026-05-07 15:43:34,SENS-JAKPUS,-6.1754,106.8272,3.0
2026-05-07 15:43:35,DUMMY-99,-6.2146,106.8451,19.0
2026-05-07 15:43:36,SENS-JAKSEL,-6.2615,106.8106,19.0
2026-05-07 15:43:36,DUMMY-99,-6.2146,106.8451,3.0
2026-05-07 15:43:38,DUMMY-99,-6.2146,106.8451,19.0
2026-05-07 15:43:41,DUMMY-99,-6.2146,106.8451,5.0
2026-05-07 15:43:42,DUMMY-99,-6.2146,106.8451,4.0
2026-05-07 15:43:43,SENS-JAKPUS,-6.1754,106.8272,5.0
2026-05-07 15:43:44,DUMMY-99,-6.2146,106.8451,9.0
2026-05-07 15:43:45,SENS-JAKSEL,-6.2615,106.8106,0.0
2026-05-07 15:43:47,DUMMY-99,-6.2146,106.8451,21.0
2026-05-07 15:43:49,DUMMY-99,-6.2146,106.8451,17.0
2026-05-07 15:43:50,DUMMY-99,-6.2146,106.8451,7.0
2026-05-07 15:43:52,SENS-JAKPUS,-6.1754,106.8272,17.0
2026-05-07 15:43:52,DUMMY-99,-6.2146,106.8451,17.0
2026-05-07 15:43:54,SENS-JAKSEL,-6.2615,106.8106,1.0
2026-05-07 15:43:55,DUMMY-99,-6.2146,106.8451,16.0
2026-05-07 15:43:57,DUMMY-99,-6.2146,106.8451,2.0
2026-05-07 15:43:58,DUMMY-99,-6.2146,106.8451,14.0
2026-05-07 15:44:00,DUMMY-99,-6.2146,106.8451,5.0
2026-05-07 15:44:01,SENS-JAKPUS,-6.1754,106.8272,6.0
2026-05-07 15:44:02,DUMMY-99,-6.2146,106.8451,9.0
2026-05-07 15:44:03,SENS-JAKSEL,-6.2615,106.8106,13.0
2026-05-07 15:44:05,DUMMY-99,-6.2146,106.8451,3.0
2026-05-07 15:44:06,DUMMY-99,-6.2146,106.8451,9.0
2026-05-07 15:44:09,DUMMY-99,-6.2146,106.8451,18.0
2026-05-07 15:44:10,DUMMY-99,-6.2146,106.8451,2.0
2026-05-07 15:44:10,SENS-JAKPUS,-6.1754,106.8272,11.0
2026-05-07 15:44:12,SENS-JAKSEL,-6.2615,106.8106,7.0
2026-05-07 15:44:13,DUMMY-99,-6.2146,106.8451,4.0
2026-05-07 15:44:15,DUMMY-99,-6.2146,106.8451,0.0
2026-05-07 15:44:16,DUMMY-99,-6.2146,106.8451,27.0
2026-05-07 15:44:18,DUMMY-99,-6.2146,106.8451,16.0
2026-05-07 15:44:20,SENS-JAKPUS,-6.1754,106.8272,3.0
2026-05-07 15:44:20,DUMMY-99,-6.2146,106.8451,27.0
2026-05-07 15:44:22,SENS-JAKSEL,-6.2615,106.8106,13.0
2026-05-07 15:44:22,DUMMY-99,-6.2146,106.8451,64.0
2026-05-07 15:44:24,DUMMY-99,-6.2146,106.8451,25.0
2026-05-07 15:44:26,DUMMY-99,-6.2146,106.8451,21.0
2026-05-07 15:44:28,DUMMY-99,-6.2146,106.8451,1.0
2026-05-07 15:44:29,SENS-JAKPUS,-6.1754,106.8272,7.0
2026-05-07 15:44:31,DUMMY-99,-6.2146,106.8451,8.0
2026-05-07 15:44:31,SENS-JAKSEL,-6.2615,106.8106,14.0
2026-05-07 15:44:32,DUMMY-99,-6.2146,106.8451,12.0
2026-05-07 15:44:34,DUMMY-99,-6.2146,106.8451,8.0
2026-05-07 15:44:36,DUMMY-99,-6.2146,106.8451,4.0
2026-05-07 15:44:38,SENS-JAKPUS,-6.1754,106.8272,0.0
2026-05-07 15:44:39,DUMMY-99,-6.2146,106.8451,90.0
2026-05-07 15:44:40,SENS-JAKSEL,-6.2615,106.8106,12.0
2026-05-07 15:44:41,DUMMY-99,-6.2146,106.8451,8.0
2026-05-07 15:44:42,DUMMY-99,-6.2146,106.8451,7.0
2026-05-07 15:44:44,DUMMY-99,-6.2146,106.8451,16.0
2026-05-07 15:44:47,DUMMY-99,-6.2146,106.8451,8.0
2026-05-07 15:44:47,SENS-JAKPUS,-6.1754,106.8272,97.0
2026-05-07 15:44:49,DUMMY-99,-6.2146,106.8451,63.0
2026-05-07 15:44:49,SENS-JAKSEL,-6.2615,106.8106,9.0
2026-05-07 15:44:51,DUMMY-99,-6.2146,106.8451,10.0
2026-05-07 15:44:52,DUMMY-99,-6.2146,106.8451,57.0
2026-05-07 15:44:54,DUMMY-99,-6.2146,106.8451,99.0
2026-05-07 15:44:56,SENS-JAKPUS,-6.1754,106.8272,19.0
2026-05-07 15:44:57,DUMMY-99,-6.2146,106.8451,15.0
2026-05-07 15:44:58,SENS-JAKSEL,-6.2615,106.8106,70.0
2026-05-07 15:44:58,DUMMY-99,-6.2146,106.8451,21.0
2026-05-07 15:45:00,DUMMY-99,-6.2146,106.8451,27.0
2026-05-07 15:45:03,DUMMY-99,-6.2146,106.8451,16.0
2026-05-07 15:45:05,DUMMY-99,-6.2146,106.8451,4.0
2026-05-07 15:45:05,SENS-JAKPUS,-6.1754,106.8272,11.0
2026-05-07 15:45:07,DUMMY-99,-6.2146,106.8451,25.0
2026-05-07 15:45:07,SENS-JAKSEL,-6.2615,106.8106,15.0
2026-05-07 15:45:09,DUMMY-99,-6.2146,106.8451,13.0
2026-05-07 15:45:10,DUMMY-99,-6.2146,106.8451,8.0
2026-05-07 15:45:12,DUMMY-99,-6.2146,106.8451,18.0
2026-05-07 15:45:14,SENS-JAKPUS,-6.1754,106.8272,8.0
2026-05-07 15:45:14,DUMMY-99,-6.2146,106.8451,28.0
2026-05-07 15:45:16,SENS-JAKSEL,-6.2615,106.8106,11.0
2026-05-07 15:45:17,DUMMY-99,-6.2146,106.8451,26.0
2026-05-07 15:45:18,DUMMY-99,-6.2146,106.8451,4.0
2026-05-07 15:45:20,DUMMY-99,-6.2146,106.8451,20.0
2026-05-07 15:45:23,DUMMY-99,-6.2146,106.8451,20.0
2026-05-07 15:45:23,SENS-JAKPUS,-6.1754,106.8272,5.0
2026-05-07 15:45:24,DUMMY-99,-6.2146,106.8451,17.0
2026-05-07 15:45:25,SENS-JAKSEL,-6.2615,106.8106,8.0
2026-05-07 15:45:27,DUMMY-99,-6.2146,106.8451,26.0
2026-05-07 15:45:28,DUMMY-99,-6.2146,106.8451,8.0
2026-05-07 15:45:30,DUMMY-99,-6.2146,106.8451,3.0
2026-05-07 15:45:32,SENS-JAKPUS,-6.1754,106.8272,2.0
2026-05-07 15:45:33,DUMMY-99,-6.2146,106.8451,22.0
2026-05-07 15:45:34,SENS-JAKSEL,-6.2615,106.8106,73.0
2026-05-07 15:45:34,DUMMY-99,-6.2146,106.8451,5.0
2026-05-07 15:45:37,DUMMY-99,-6.2146,106.8451,17.0
2026-05-07 15:45:38,DUMMY-99,-6.2146,106.8451,3.0
2026-05-07 15:45:40,DUMMY-99,-6.2146,106.8451,8.0
2026-05-07 15:45:41,SENS-JAKPUS,-6.1754,106.8272,6.0
2026-05-07 15:45:43,DUMMY-99,-6.2146,106.8451,65.0
2026-05-07 15:45:43,SENS-JAKSEL,-6.2615,106.8106,20.0
2026-05-07 15:45:44,DUMMY-99,-6.2146,106.8451,22.0
2026-05-07 15:45:46,DUMMY-99,-6.2146,106.8451,22.0
2026-05-07 15:45:48,DUMMY-99,-6.2146,106.8451,28.0
2026-05-07 15:45:50,SENS-JAKPUS,-6.1754,106.8272,16.0
2026-05-07 15:45:51,DUMMY-99,-6.2146,106.8451,2.0
2026-05-07 15:45:52,SENS-JAKSEL,-6.2615,106.8106,9.0
2026-05-07 15:45:52,DUMMY-99,-6.2146,106.8451,17.0
2026-05-07 15:45:54,DUMMY-99,-6.2146,106.8451,20.0
2026-05-07 15:45:57,DUMMY-99,-6.2146,106.8451,76.0
2026-05-07 15:45:59,DUMMY-99,-6.2146,106.8451,9.0
2026-05-07 15:45:59,SENS-JAKPUS,-6.1754,106.8272,9.0
2026-05-07 15:46:00,DUMMY-99,-6.2146,106.8451,24.0
2026-05-07 15:46:01,SENS-JAKSEL,-6.2615,106.8106,8.0
2026-05-07 15:46:03,DUMMY-99,-6.2146,106.8451,13.0
2026-05-07 15:46:05,DUMMY-99,-6.2146,106.8451,14.0
2026-05-07 15:46:07,DUMMY-99,-6.2146,106.8451,23.0
2026-05-07 15:46:08,SENS-JAKPUS,-6.1754,106.8272,1.0
2026-05-07 15:46:08,DUMMY-99,-6.2146,106.8451,15.0
2026-05-07 15:46:10,SENS-JAKSEL,-6.2615,106.8106,2.0
2026-05-07 15:46:11,DUMMY-99,-6.2146,106.8451,7.0
2026-05-07 15:46:12,DUMMY-99,-6.2146,106.8451,27.0
2026-05-07 15:46:15,DUMMY-99,-6.2146,106.8451,29.0
2026-05-07 15:46:17,DUMMY-99,-6.2146,106.8451,17.0
2026-05-07 15:46:17,SENS-JAKPUS,-6.1754,106.8272,15.0
2026-05-07 15:46:18,DUMMY-99,-6.2146,106.8451,28.0
2026-05-07 15:46:19,SENS-JAKSEL,-6.2615,106.8106,77.0
2026-05-07 15:46:21,DUMMY-99,-6.2146,106.8451,15.0
2026-05-07 15:46:22,DUMMY-99,-6.2146,106.8451,21.0
2026-05-07 15:46:25,DUMMY-99,-6.2146,106.8451,25.0
2026-05-07 15:46:26,SENS-JAKPUS,-6.1754,106.8272,0.0
2026-05-07 15:46:26,DUMMY-99,-6.2146,106.8451,29.0
2026-05-07 15:46:28,SENS-JAKSEL,-6.2615,106.8106,3.0
2026-05-07 15:46:29,DUMMY-99,-6.2146,106.8451,12.0
2026-05-07 15:46:30,DUMMY-99,-6.2146,106.8451,12.0
2026-05-07 15:46:32,DUMMY-99,-6.2146,106.8451,15.0
2026-05-07 15:46:35,DUMMY-99,-6.2146,106.8451,26.0
2026-05-07 15:46:36,SENS-JAKPUS,-6.1754,106.8272,20.0
2026-05-07 15:46:36,DUMMY-99,-6.2146,106.8451,28.0
2026-05-07 15:46:38,SENS-JAKSEL,-6.2615,106.8106,18.0
2026-05-07 15:46:39,DUMMY-99,-6.2146,106.8451,11.0
2026-05-07 15:46:40,DUMMY-99,-6.2146,106.8451,19.0
2026-05-07 15:46:42,DUMMY-99,-6.2146,106.8451,26.0
2026-05-07 15:46:44,DUMMY-99,-6.2146,106.8451,8.0
2026-05-07 15:46:45,SENS-JAKPUS,-6.1754,106.8272,20.0
2026-05-07 15:46:47,SENS-JAKSEL,-6.2615,106.8106,2.0
2026-05-07 15:46:47,DUMMY-99,-6.2146,106.8451,11.0
2026-05-07 15:46:49,DUMMY-99,-6.2146,106.8451,26.0
2026-05-07 15:46:50,DUMMY-99,-6.2146,106.8451,24.0
2026-05-07 15:46:52,DUMMY-99,-6.2146,106.8451,11.0
2026-05-07 15:46:54,SENS-JAKPUS,-6.1754,106.8272,19.0
2026-05-07 15:46:55,DUMMY-99,-6.2146,106.8451,87.0
2026-05-07 15:46:56,SENS-JAKSEL,-6.2615,106.8106,17.0
2026-05-07 15:46:57,DUMMY-99,-6.2146,106.8451,21.0
2026-05-07 15:46:59,DUMMY-99,-6.2146,106.8451,73.0
2026-05-07 15:47:00,DUMMY-99,-6.2146,106.8451,19.0
2026-05-07 15:47:03,DUMMY-99,-6.2146,106.8451,20.0
2026-05-07 15:47:03,SENS-JAKPUS,-6.1754,106.8272,8.0
2026-05-07 15:47:04,DUMMY-99,-6.2146,106.8451,1.0
2026-05-07 15:47:05,SENS-JAKSEL,-6.2615,106.8106,3.0
2026-05-07 15:47:06,DUMMY-99,-6.2146,106.8451,18.0
2026-05-07 15:47:08,DUMMY-99,-6.2146,106.8451,0.0
2026-05-07 15:47:11,DUMMY-99,-6.2146,106.8451,18.0
2026-05-07 15:47:12,SENS-JAKPUS,-6.1754,106.8272,14.0
2026-05-07 15:47:13,DUMMY-99,-6.2146,106.8451,17.0
2026-05-07 15:47:14,SENS-JAKSEL,-6.2615,106.8106,93.0
2026-05-07 15:47:14,DUMMY-99,-6.2146,106.8451,23.0
2026-05-07 15:47:16,DUMMY-99,-6.2146,106.8451,0.0
2026-05-07 15:47:18,DUMMY-99,-6.2146,106.8451,10.0
2026-05-07 15:47:21,DUMMY-99,-6.2146,106.8451,28.0
2026-05-07 15:47:21,SENS-JAKPUS,-6.1754,106.8272,18.0
2026-05-07 15:47:23,DUMMY-99,-6.2146,106.8451,4.0
2026-05-07 15:47:23,SENS-JAKSEL,-6.2615,106.8106,20.0
2026-05-07 15:47:24,DUMMY-99,-6.2146,106.8451,18.0
2026-05-07 15:47:26,DUMMY-99,-6.2146,106.8451,24.0
2026-05-07 15:47:28,DUMMY-99,-6.2146,106.8451,8.0
2026-05-07 15:47:30,SENS-JAKPUS,-6.1754,106.8272,14.0
2026-05-07 15:47:31,DUMMY-99,-6.2146,106.8451,4.0
2026-05-07 15:47:32,SENS-JAKSEL,-6.2615,106.8106,18.0
2026-05-07 15:47:33,DUMMY-99,-6.2146,106.8451,21.0
2026-05-07 15:47:34,DUMMY-99,-6.2146,106.8451,16.0
2026-05-07 15:47:37,DUMMY-99,-6.2146,106.8451,4.0
2026-05-07 15:47:39,DUMMY-99,-6.2146,106.8451,11.0
2026-05-07 15:47:39,SENS-JAKPUS,-6.1754,106.8272,5.0
2026-05-07 15:47:41,DUMMY-99,-6.2146,106.8451,65.0
2026-05-07 15:47:41,SENS-JAKSEL,-6.2615,106.8106,6.0
2026-05-07 15:47:43,DUMMY-99,-6.2146,106.8451,13.0
2026-05-07 15:47:45,DUMMY-99,-6.2146,106.8451,5.0
2026-05-07 15:47:46,DUMMY-99,-6.2146,106.8451,28.0
2026-05-07 15:47:48,SENS-JAKPUS,-6.1754,106.8272,10.0
2026-05-07 15:47:49,DUMMY-99,-6.2146,106.8451,6.0
2026-05-07 15:47:50,SENS-JAKSEL,-6.2615,106.8106,8.0
2026-05-07 15:47:50,DUMMY-99,-6.2146,106.8451,29.0
2026-05-07 15:47:52,DUMMY-99,-6.2146,106.8451,8.0
2026-05-07 15:47:55,DUMMY-99,-6.2146,106.8451,96.0
2026-05-07 15:47:57,DUMMY-99,-6.2146,106.8451,10.0
2026-05-07 15:47:57,SENS-JAKPUS,-6.1754,106.8272,5.0
2026-05-07 15:47:58,DUMMY-99,-6.2146,106.8451,10.0
2026-05-07 15:47:59,SENS-JAKSEL,-6.2615,106.8106,60.0
2026-05-07 15:48:00,DUMMY-99,-6.2146,106.8451,2.0
2026-05-07 15:48:03,DUMMY-99,-6.2146,106.8451,77.0
2026-05-07 15:48:04,DUMMY-99,-6.2146,106.8451,13.0
2026-05-07 15:48:06,SENS-JAKPUS,-6.1754,106.8272,20.0
2026-05-07 15:48:06,DUMMY-99,-6.2146,106.8451,76.0
2026-05-07 15:48:08,SENS-JAKSEL,-6.2615,106.8106,1.0
2026-05-07 15:48:08,DUMMY-99,-6.2146,106.8451,12.0
2026-05-07 15:48:11,DUMMY-99,-6.2146,106.8451,11.0
2026-05-07 15:48:13,DUMMY-99,-6.2146,106.8451,27.0
2026-05-07 15:48:14,DUMMY-99,-6.2146,106.8451,11.0
2026-05-07 15:48:15,SENS-JAKPUS,-6.1754,106.8272,1.0
2026-05-07 15:48:17,DUMMY-99,-6.2146,106.8451,11.0
2026-05-07 15:48:17,SENS-JAKSEL,-6.2615,106.8106,17.0
2026-05-07 15:48:19,DUMMY-99,-6.2146,106.8451,24.0
2026-05-07 15:48:21,DUMMY-99,-6.2146,106.8451,24.0
2026-05-07 15:48:23,DUMMY-99,-6.2146,106.8451,11.0
2026-05-07 15:48:24,DUMMY-99,-6.2146,106.8451,21.0
2026-05-07 15:48:24,SENS-JAKPUS,-6.1754,106.8272,7.0
2026-05-07 15:48:26,DUMMY-99,-6.2146,106.8451,1.0
2026-05-07 15:48:27,SENS-JAKSEL,-6.2615,106.8106,18.0
2026-05-07 15:48:28,DUMMY-99,-6.2146,106.8451,16.0
2026-05-07 15:48:31,DUMMY-99,-6.2146,106.8451,22.0
2026-05-07 15:48:33,DUMMY-99,-6.2146,106.8451,26.0
2026-05-07 15:48:34,SENS-JAKPUS,-6.1754,106.8272,0.0
2026-05-07 15:48:34,DUMMY-99,-6.2146,106.8451,19.0
2026-05-07 15:48:36,SENS-JAKSEL,-6.2615,106.8106,12.0
2026-05-07 15:48:37,DUMMY-99,-6.2146,106.8451,17.0
2026-05-07 15:48:39,DUMMY-99,-6.2146,106.8451,15.0
2026-05-07 15:48:40,DUMMY-99,-6.2146,106.8451,2.0
2026-05-07 15:48:42,DUMMY-99,-6.2146,106.8451,20.0
2026-05-07 15:48:43,SENS-JAKPUS,-6.1754,106.8272,5.0
2026-05-07 15:48:45,DUMMY-99,-6.2146,106.8451,7.0
2026-05-07 15:48:45,SENS-JAKSEL,-6.2615,106.8106,20.0
2026-05-07 15:48:46,DUMMY-99,-6.2146,106.8451,19.0
2026-05-07 15:48:48,DUMMY-99,-6.2146,106.8451,11.0
2026-05-07 15:48:50,DUMMY-99,-6.2146,106.8451,15.0
2026-05-07 15:48:52,SENS-JAKPUS,-6.1754,106.8272,20.0
2026-05-07 15:48:53,DUMMY-99,-6.2146,106.8451,15.0
2026-05-07 15:48:54,SENS-JAKSEL,-6.2615,106.8106,17.0
2026-05-07 15:48:55,DUMMY-99,-6.2146,106.8451,18.0
2026-05-07 15:48:57,DUMMY-99,-6.2146,106.8451,24.0
2026-05-07 15:48:59,DUMMY-99,-6.2146,106.8451,6.0
2026-05-07 15:49:00,DUMMY-99,-6.2146,106.8451,17.0
2026-05-07 15:49:01,SENS-JAKPUS,-6.1754,106.8272,10.0
2026-05-07 15:49:02,DUMMY-99,-6.2146,106.8451,21.0
2026-05-07 15:49:03,SENS-JAKSEL,-6.2615,106.8106,5.0
2026-05-07 15:49:05,DUMMY-99,-6.2146,106.8451,27.0
2026-05-07 15:49:07,DUMMY-99,-6.2146,106.8451,20.0
2026-05-07 15:49:08,DUMMY-99,-6.2146,106.8451,6.0
2026-05-07 15:49:10,SENS-JAKPUS,-6.1754,106.8272,15.0
2026-05-07 15:49:11,DUMMY-99,-6.2146,106.8451,89.0
2026-05-07 15:49:12,SENS-JAKSEL,-6.2615,106.8106,3.0
2026-05-07 15:49:13,DUMMY-99,-6.2146,106.8451,10.0
2026-05-07 15:49:15,DUMMY-99,-6.2146,106.8451,72.0
2026-05-07 15:49:16,DUMMY-99,-6.2146,106.8451,11.0
2026-05-07 15:49:19,DUMMY-99,-6.2146,106.8451,8.0
2026-05-07 15:49:19,SENS-JAKPUS,-6.1754,106.8272,13.0
2026-05-07 15:49:20,DUMMY-99,-6.2146,106.8451,79.0
2026-05-07 15:49:21,SENS-JAKSEL,-6.2615,106.8106,13.0
2026-05-07 15:49:22,DUMMY-99,-6.2146,106.8451,4.0
2026-05-07 15:49:25,DUMMY-99,-6.2146,106.8451,4.0
2026-05-07 15:49:26,DUMMY-99,-6.2146,106.8451,19.0
2026-05-07 15:49:28,SENS-JAKPUS,-6.1754,106.8272,0.0
2026-05-07 15:49:28,DUMMY-99,-6.2146,106.8451,24.0
2026-05-07 15:49:30,SENS-JAKSEL,-6.2615,106.8106,10.0
2026-05-07 15:49:30,DUMMY-99,-6.2146,106.8451,19.0
2026-05-07 15:49:33,DUMMY-99,-6.2146,106.8451,18.0
2026-05-07 15:49:34,DUMMY-99,-6.2146,106.8451,1.0
2026-05-07 15:49:36,DUMMY-99,-6.2146,106.8451,11.0
2026-05-07 15:49:37,SENS-JAKPUS,-6.1754,106.8272,98.0
2026-05-07 15:49:39,DUMMY-99,-6.2146,106.8451,14.0
2026-05-07 15:49:39,SENS-JAKSEL,-6.2615,106.8106,14.0
2026-05-07 15:49:40,DUMMY-99,-6.2146,106.8451,4.0
2026-05-07 15:49:42,DUMMY-99,-6.2146,106.8451,14.0
2026-05-07 15:49:44,DUMMY-99,-6.2146,106.8451,25.0
2026-05-07 15:49:46,SENS-JAKPUS,-6.1754,106.8272,7.0
2026-05-07 15:49:46,DUMMY-99,-6.2146,106.8451,16.0
2026-05-07 15:49:48,SENS-JAKSEL,-6.2615,106.8106,80.0
2026-05-07 15:49:48,DUMMY-99,-6.2146,106.8451,25.0
2026-05-07 15:49:51,DUMMY-99,-6.2146,106.8451,21.0
2026-05-07 15:49:53,DUMMY-99,-6.2146,106.8451,12.0
2026-05-07 15:49:55,DUMMY-99,-6.2146,106.8451,12.0
2026-05-07 15:49:55,SENS-JAKPUS,-6.1754,106.8272,6.0
2026-05-07 15:49:56,DUMMY-99,-6.2146,106.8451,19.0
2026-05-07 15:49:57,SENS-JAKSEL,-6.2615,106.8106,3.0
2026-05-07 15:49:59,DUMMY-99,-6.2146,106.8451,10.0
2026-05-07 15:50:00,DUMMY-99,-6.2146,106.8451,20.0
2026-05-07 15:50:03,DUMMY-99,-6.2146,106.8451,21.0
2026-05-07 15:50:04,SENS-JAKPUS,-6.1754,106.8272,19.0
2026-05-07 15:50:05,DUMMY-99,-6.2146,106.8451,62.0
2026-05-07 15:50:06,SENS-JAKSEL,-6.2615,106.8106,19.0
2026-05-07 15:50:06,DUMMY-99,-6.2146,106.8451,23.0
2026-05-07 15:50:08,DUMMY-99,-6.2146,106.8451,9.0
2026-05-07 15:50:10,DUMMY-99,-6.2146,106.8451,25.0
2026-05-07 15:50:12,DUMMY-99,-6.2146,106.8451,25.0
2026-05-07 15:50:13,SENS-JAKPUS,-6.1754,106.8272,20.0
2026-05-07 15:50:14,DUMMY-99,-6.2146,106.8451,8.0
2026-05-07 15:50:15,SENS-JAKSEL,-6.2615,106.8106,20.0
2026-05-07 15:50:16,DUMMY-99,-6.2146,106.8451,16.0
2026-05-07 15:50:19,DUMMY-99,-6.2146,106.8451,18.0
2026-05-07 15:50:21,DUMMY-99,-6.2146,106.8451,3.0
2026-05-07 15:50:22,SENS-JAKPUS,-6.1754,106.8272,6.0
2026-05-07 15:50:22,DUMMY-99,-6.2146,106.8451,29.0
2026-05-07 15:50:24,SENS-JAKSEL,-6.2615,106.8106,9.0
2026-05-07 15:50:25,DUMMY-99,-6.2146,106.8451,0.0
2026-05-07 15:50:27,DUMMY-99,-6.2146,106.8451,0.0
2026-05-07 15:50:29,DUMMY-99,-6.2146,106.8451,14.0
2026-05-07 15:50:30,DUMMY-99,-6.2146,106.8451,24.0
2026-05-07 15:50:31,SENS-JAKPUS,-6.1754,106.8272,2.0
2026-05-07 15:50:33,DUMMY-99,-6.2146,106.8451,18.0
2026-05-07 15:50:34,SENS-JAKSEL,-6.2615,106.8106,17.0
2026-05-07 15:50:34,DUMMY-99,-6.2146,106.8451,15.0
2026-05-07 15:50:36,DUMMY-99,-6.2146,106.8451,25.0
2026-05-07 15:50:38,DUMMY-99,-6.2146,106.8451,22.0
2026-05-07 15:50:41,SENS-JAKPUS,-6.1754,106.8272,19.0
2026-05-07 15:50:41,DUMMY-99,-6.2146,106.8451,20.0
2026-05-07 15:50:42,DUMMY-99,-6.2146,106.8451,1.0
2026-05-07 15:50:43,SENS-JAKSEL,-6.2615,106.8106,15.0
2026-05-07 15:50:44,DUMMY-99,-6.2146,106.8451,19.0
2026-05-07 15:50:46,DUMMY-99,-6.2146,106.8451,1.0
2026-05-07 15:50:48,DUMMY-99,-6.2146,106.8451,95.0
2026-05-07 15:50:50,SENS-JAKPUS,-6.1754,106.8272,2.0
2026-05-07 15:50:50,DUMMY-99,-6.2146,106.8451,8.0
2026-05-07 15:50:52,SENS-JAKSEL,-6.2615,106.8106,1.0
2026-05-07 15:50:52,DUMMY-99,-6.2146,106.8451,8.0
2026-05-07 15:50:55,DUMMY-99,-6.2146,106.8451,15.0
2026-05-07 15:50:56,DUMMY-99,-6.2146,106.8451,79.0
2026-05-07 15:50:59,DUMMY-99,-6.2146,106.8451,3.0
2026-05-07 15:50:59,SENS-JAKPUS,-6.1754,106.8272,16.0
2026-05-07 15:51:00,DUMMY-99,-6.2146,106.8451,25.0
2026-05-07 15:51:01,SENS-JAKSEL,-6.2615,106.8106,15.0
2026-05-07 15:51:02,DUMMY-99,-6.2146,106.8451,1.0
2026-05-07 15:51:04,DUMMY-99,-6.2146,106.8451,28.0
2026-05-07 15:51:06,DUMMY-99,-6.2146,106.8451,29.0
2026-05-07 15:51:08,SENS-JAKPUS,-6.1754,106.8272,11.0
2026-05-07 15:51:08,DUMMY-99,-6.2146,106.8451,90.0
2026-05-07 15:51:10,SENS-JAKSEL,-6.2615,106.8106,69.0
2026-05-07 15:51:11,DUMMY-99,-6.2146,106.8451,6.0
2026-05-07 15:51:12,DUMMY-99,-6.2146,106.8451,1.0
2026-05-07 15:51:15,DUMMY-99,-6.2146,106.8451,13.0
2026-05-07 15:51:16,DUMMY-99,-6.2146,106.8451,17.0
2026-05-07 15:51:17,SENS-JAKPUS,-6.1754,106.8272,19.0
2026-05-07 15:51:19,DUMMY-99,-6.2146,106.8451,15.0
2026-05-07 15:51:19,SENS-JAKSEL,-6.2615,106.8106,1.0
2026-05-07 15:51:20,DUMMY-99,-6.2146,106.8451,10.0
2026-05-07 15:51:23,DUMMY-99,-6.2146,106.8451,9.0
2026-05-07 15:51:25,DUMMY-99,-6.2146,106.8451,96.0
2026-05-07 15:51:26,SENS-JAKPUS,-6.1754,106.8272,16.0
2026-05-07 15:51:26,DUMMY-99,-6.2146,106.8451,8.0
2026-05-07 15:51:28,SENS-JAKSEL,-6.2615,106.8106,10.0
2026-05-07 15:51:28,DUMMY-99,-6.2146,106.8451,24.0
2026-05-07 15:51:30,DUMMY-99,-6.2146,106.8451,24.0
2026-05-07 15:51:33,DUMMY-99,-6.2146,106.8451,18.0
2026-05-07 15:51:34,DUMMY-99,-6.2146,106.8451,7.0
2026-05-07 15:51:35,SENS-JAKPUS,-6.1754,106.8272,8.0
2026-05-07 15:51:36,DUMMY-99,-6.2146,106.8451,27.0
2026-05-07 15:51:37,SENS-JAKSEL,-6.2615,106.8106,8.0
2026-05-07 15:51:39,DUMMY-99,-6.2146,106.8451,62.0
2026-05-07 15:51:40,DUMMY-99,-6.2146,106.8451,15.0
2026-05-07 15:51:42,DUMMY-99,-6.2146,106.8451,13.0
2026-05-07 15:51:44,SENS-JAKPUS,-6.1754,106.8272,0.0
2026-05-07 15:51:45,DUMMY-99,-6.2146,106.8451,24.0
2026-05-07 15:51:46,SENS-JAKSEL,-6.2615,106.8106,19.0
2026-05-07 15:51:47,DUMMY-99,-6.2146,106.8451,10.0
2026-05-07 15:51:49,DUMMY-99,-6.2146,106.8451,69.0
2026-05-07 15:51:50,DUMMY-99,-6.2146,106.8451,65.0
2026-05-07 15:51:52,DUMMY-99,-6.2146,106.8451,10.0
2026-05-07 15:51:53,SENS-JAKPUS,-6.1754,106.8272,18.0
2026-05-07 15:51:55,DUMMY-99,-6.2146,106.8451,25.0
2026-05-07 15:51:55,SENS-JAKSEL,-6.2615,106.8106,20.0
2026-05-07 15:51:57,DUMMY-99,-6.2146,106.8451,11.0
2026-05-07 15:51:59,DUMMY-99,-6.2146,106.8451,16.0
2026-05-07 15:52:00,DUMMY-99,-6.2146,106.8451,6.0
2026-05-07 15:52:02,SENS-JAKPUS,-6.1754,106.8272,17.0
2026-05-07 15:52:02,DUMMY-99,-6.2146,106.8451,27.0
2026-05-07 15:52:04,SENS-JAKSEL,-6.2615,106.8106,8.0
2026-05-07 15:52:04,DUMMY-99,-6.2146,106.8451,1.0
2026-05-07 15:52:07,DUMMY-99,-6.2146,106.8451,4.0
2026-05-07 15:52:08,DUMMY-99,-6.2146,106.8451,8.0
2026-05-07 15:52:11,DUMMY-99,-6.2146,106.8451,3.0
2026-05-07 15:52:11,SENS-JAKPUS,-6.1754,106.8272,16.0
2026-05-07 15:52:13,DUMMY-99,-6.2146,106.8451,23.0
2026-05-07 15:52:13,SENS-JAKSEL,-6.2615,106.8106,19.0
2026-05-07 15:52:15,DUMMY-99,-6.2146,106.8451,29.0
2026-05-07 15:52:16,DUMMY-99,-6.2146,106.8451,15.0
2026-05-07 15:52:19,DUMMY-99,-6.2146,106.8451,29.0
2026-05-07 15:52:20,SENS-JAKPUS,-6.1754,106.8272,1.0
2026-05-07 15:52:21,DUMMY-99,-6.2146,106.8451,7.0
2026-05-07 15:52:22,SENS-JAKSEL,-6.2615,106.8106,12.0
2026-05-07 15:52:22,DUMMY-99,-6.2146,106.8451,13.0
2026-05-07 15:52:24,DUMMY-99,-6.2146,106.8451,22.0
2026-05-07 15:52:27,DUMMY-99,-6.2146,106.8451,28.0
2026-05-07 15:52:29,DUMMY-99,-6.2146,106.8451,20.0
2026-05-07 15:52:29,SENS-JAKPUS,-6.1754,106.8272,0.0
2026-05-07 15:52:30,DUMMY-99,-6.2146,106.8451,1.0
2026-05-07 15:52:31,SENS-JAKSEL,-6.2615,106.8106,18.0
2026-05-07 15:52:33,DUMMY-99,-6.2146,106.8451,20.0
2026-05-07 15:52:34,DUMMY-99,-6.2146,106.8451,16.0
2026-05-07 15:52:37,DUMMY-99,-6.2146,106.8451,3.0
2026-05-07 15:52:38,DUMMY-99,-6.2146,106.8451,8.0
2026-05-07 15:52:38,SENS-JAKPUS,-6.1754,106.8272,5.0
2026-05-07 15:52:40,DUMMY-99,-6.2146,106.8451,14.0
2026-05-07 15:52:41,SENS-JAKSEL,-6.2615,106.8106,86.0
2026-05-07 15:52:42,DUMMY-99,-6.2146,106.8451,24.0
2026-05-07 15:52:44,DUMMY-99,-6.2146,106.8451,28.0
2026-05-07 15:52:46,DUMMY-99,-6.2146,106.8451,9.0
2026-05-07 15:52:48,SENS-JAKPUS,-6.1754,106.8272,7.0
2026-05-07 15:52:48,DUMMY-99,-6.2146,106.8451,0.0
2026-05-07 15:52:50,SENS-JAKSEL,-6.2615,106.8106,11.0
2026-05-07 15:52:50,DUMMY-99,-6.2146,106.8451,77.0
2026-05-07 15:52:52,DUMMY-99,-6.2146,106.8451,27.0
2026-05-07 15:52:55,DUMMY-99,-6.2146,106.8451,9.0
2026-05-07 15:52:57,DUMMY-99,-6.2146,106.8451,12.0
2026-05-07 15:52:57,SENS-JAKPUS,-6.1754,106.8272,18.0
2026-05-07 15:52:58,DUMMY-99,-6.2146,106.8451,8.0
2026-05-07 15:52:59,SENS-JAKSEL,-6.2615,106.8106,2.0
2026-05-07 15:53:00,DUMMY-99,-6.2146,106.8451,8.0
2026-05-07 15:53:03,DUMMY-99,-6.2146,106.8451,17.0
2026-05-07 15:53:04,DUMMY-99,-6.2146,106.8451,5.0
2026-05-07 15:53:06,SENS-JAKPUS,-6.1754,106.8272,16.0
2026-05-07 15:53:06,DUMMY-99,-6.2146,106.8451,15.0
2026-05-07 15:53:08,SENS-JAKSEL,-6.2615,106.8106,2.0
2026-05-07 15:53:08,DUMMY-99,-6.2146,106.8451,58.0
2026-05-07 15:53:11,DUMMY-99,-6.2146,106.8451,22.0
2026-05-07 15:53:13,DUMMY-99,-6.2146,106.8451,27.0
2026-05-07 15:53:14,DUMMY-99,-6.2146,106.8451,23.0
2026-05-07 15:53:15,SENS-JAKPUS,-6.1754,106.8272,3.0
2026-05-07 15:53:16,DUMMY-99,-6.2146,106.8451,9.0
2026-05-07 15:53:17,SENS-JAKSEL,-6.2615,106.8106,20.0
2026-05-07 15:53:18,DUMMY-99,-6.2146,106.8451,24.0
2026-05-07 15:53:20,DUMMY-99,-6.2146,106.8451,10.0
2026-05-07 15:53:22,DUMMY-99,-6.2146,106.8451,3.0
2026-05-07 15:53:24,SENS-JAKPUS,-6.1754,106.8272,10.0
2026-05-07 15:53:24,DUMMY-99,-6.2146,106.8451,27.0
2026-05-07 15:53:26,SENS-JAKSEL,-6.2615,106.8106,12.0
2026-05-07 15:53:27,DUMMY-99,-6.2146,106.8451,17.0
2026-05-07 15:53:28,DUMMY-99,-6.2146,106.8451,10.0
2026-05-07 15:53:31,DUMMY-99,-6.2146,106.8451,4.0
2026-05-07 15:53:32,DUMMY-99,-6.2146,106.8451,10.0
2026-05-07 15:53:33,SENS-JAKPUS,-6.1754,106.8272,20.0
2026-05-07 15:53:34,DUMMY-99,-6.2146,106.8451,17.0
2026-05-07 15:53:35,SENS-JAKSEL,-6.2615,106.8106,3.0
2026-05-07 15:53:37,DUMMY-99,-6.2146,106.8451,7.0
2026-05-07 15:53:38,DUMMY-99,-6.2146,106.8451,4.0
2026-05-07 15:53:41,DUMMY-99,-6.2146,106.8451,62.0
2026-05-07 15:53:42,SENS-JAKPUS,-6.1754,106.8272,60.0
2026-05-07 15:53:42,DUMMY-99,-6.2146,106.8451,23.0
2026-05-07 15:53:44,SENS-JAKSEL,-6.2615,106.8106,60.0
2026-05-07 15:53:45,DUMMY-99,-6.2146,106.8451,29.0
2026-05-07 15:53:46,DUMMY-99,-6.2146,106.8451,29.0
2026-05-07 15:53:48,DUMMY-99,-6.2146,106.8451,10.0
2026-05-07 15:53:50,DUMMY-99,-6.2146,106.8451,13.0
2026-05-07 15:53:51,SENS-JAKPUS,-6.1754,106.8272,98.0
2026-05-07 15:53:53,DUMMY-99,-6.2146,106.8451,5.0
2026-05-07 15:53:53,SENS-JAKSEL,-6.2615,106.8106,18.0
2026-05-07 15:53:55,DUMMY-99,-6.2146,106.8451,22.0
2026-05-07 15:53:57,DUMMY-99,-6.2146,106.8451,18.0
2026-05-07 15:53:58,DUMMY-99,-6.2146,106.8451,21.0
2026-05-07 15:54:00,SENS-JAKPUS,-6.1754,106.8272,65.0
2026-05-07 15:54:00,DUMMY-99,-6.2146,106.8451,24.0
2026-05-07 15:54:02,SENS-JAKSEL,-6.2615,106.8106,14.0
2026-05-07 15:54:02,DUMMY-99,-6.2146,106.8451,28.0
2026-05-07 15:54:04,DUMMY-99,-6.2146,106.8451,26.0
2026-05-07 15:54:07,DUMMY-99,-6.2146,106.8451,23.0
2026-05-07 15:54:09,DUMMY-99,-6.2146,106.8451,59.0
2026-05-07 15:54:09,SENS-JAKPUS,-6.1754,106.8272,2.0
2026-05-07 15:54:11,DUMMY-99,-6.2146,106.8451,16.0
2026-05-07 15:54:11,SENS-JAKSEL,-6.2615,106.8106,11.0
2026-05-07 15:54:13,DUMMY-99,-6.2146,106.8451,7.0
2026-05-07 15:54:15,DUMMY-99,-6.2146,106.8451,14.0
2026-05-07 15:54:16,DUMMY-99,-6.2146,106.8451,27.0
2026-05-07 15:54:18,SENS-JAKPUS,-6.1754,106.8272,10.0
2026-05-07 15:54:19,DUMMY-99,-6.2146,106.8451,12.0
2026-05-07 15:54:20,SENS-JAKSEL,-6.2615,106.8106,14.0
2026-05-07 15:54:21,DUMMY-99,-6.2146,106.8451,16.0
2026-05-07 15:54:22,DUMMY-99,-6.2146,106.8451,25.0
2026-05-07 15:54:24,DUMMY-99,-6.2146,106.8451,15.0
2026-05-07 15:54:26,DUMMY-99,-6.2146,106.8451,28.0
2026-05-07 15:54:27,SENS-JAKPUS,-6.1754,106.8272,4.0
2026-05-07 15:54:29,DUMMY-99,-6.2146,106.8451,8.0
2026-05-07 15:54:29,SENS-JAKSEL,-6.2615,106.8106,14.0
2026-05-07 15:54:30,DUMMY-99,-6.2146,106.8451,28.0
2026-05-07 15:54:32,DUMMY-99,-6.2146,106.8451,7.0
2026-05-07 15:54:34,DUMMY-99,-6.2146,106.8451,5.0
2026-05-07 15:54:36,SENS-JAKPUS,-6.1754,106.8272,0.0
2026-05-07 15:54:37,DUMMY-99,-6.2146,106.8451,19.0
2026-05-07 15:54:38,SENS-JAKSEL,-6.2615,106.8106,3.0
2026-05-07 15:54:39,DUMMY-99,-6.2146,106.8451,9.0
2026-05-07 15:54:41,DUMMY-99,-6.2146,106.8451,4.0
2026-05-07 15:54:42,DUMMY-99,-6.2146,106.8451,25.0
2026-05-07 15:54:44,DUMMY-99,-6.2146,106.8451,8.0
2026-05-07 15:54:46,SENS-JAKPUS,-6.1754,106.8272,11.0
2026-05-07 15:54:46,DUMMY-99,-6.2146,106.8451,13.0
2026-05-07 15:54:48,SENS-JAKSEL,-6.2615,106.8106,71.0
2026-05-07 15:54:48,DUMMY-99,-6.2146,106.8451,7.0
2026-05-07 15:54:50,DUMMY-99,-6.2146,106.8451,8.0
2026-05-07 15:54:52,DUMMY-99,-6.2146,106.8451,20.0
2026-05-07 15:54:54,DUMMY-99,-6.2146,106.8451,9.0
2026-05-07 15:54:55,SENS-JAKPUS,-6.1754,106.8272,2.0
2026-05-07 15:54:56,DUMMY-99,-6.2146,106.8451,7.0
2026-05-07 15:54:57,SENS-JAKSEL,-6.2615,106.8106,3.0
2026-05-07 15:54:58,DUMMY-99,-6.2146,106.8451,10.0
2026-05-07 15:55:01,DUMMY-99,-6.2146,106.8451,6.0
2026-05-07 15:55:04,SENS-JAKPUS,-6.1754,106.8272,20.0
2026-05-07 15:55:05,DUMMY-99,-6.2146,106.8451,87.0
2026-05-07 15:55:06,SENS-JAKSEL,-6.2615,106.8106,14.0
2026-05-07 15:55:06,DUMMY-99,-6.2146,106.8451,15.0
2026-05-07 15:55:09,DUMMY-99,-6.2146,106.8451,4.0
2026-05-07 15:55:10,DUMMY-99,-6.2146,106.8451,22.0
2026-05-07 15:55:13,DUMMY-99,-6.2146,106.8451,3.0
2026-05-07 15:55:13,SENS-JAKPUS,-6.1754,106.8272,7.0
2026-05-07 15:55:15,DUMMY-99,-6.2146,106.8451,2.0
2026-05-07 15:55:15,SENS-JAKSEL,-6.2615,106.8106,0.0
2026-05-07 15:55:16,DUMMY-99,-6.2146,106.8451,12.0
2026-05-07 15:55:19,DUMMY-99,-6.2146,106.8451,23.0
2026-05-07 15:55:20,DUMMY-99,-6.2146,106.8451,4.0
2026-05-07 15:55:22,SENS-JAKPUS,-6.1754,106.8272,1.0
2026-05-07 15:55:23,DUMMY-99,-6.2146,106.8451,5.0
2026-05-07 15:55:24,SENS-JAKSEL,-6.2615,106.8106,9.0
2026-05-07 15:55:24,DUMMY-99,-6.2146,106.8451,24.0
2026-05-07 15:55:26,DUMMY-99,-6.2146,106.8451,0.0
2026-05-07 15:55:29,DUMMY-99,-6.2146,106.8451,3.0
2026-05-07 15:55:30,DUMMY-99,-6.2146,106.8451,3.0
2026-05-07 15:55:31,SENS-JAKPUS,-6.1754,106.8272,18.0
2026-05-07 15:55:32,DUMMY-99,-6.2146,106.8451,3.0
2026-05-07 15:55:33,SENS-JAKSEL,-6.2615,106.8106,19.0
2026-05-07 15:55:34,DUMMY-99,-6.2146,106.8451,6.0
2026-05-07 15:55:37,DUMMY-99,-6.2146,106.8451,2.0
2026-05-07 15:55:38,DUMMY-99,-6.2146,106.8451,13.0
2026-05-07 15:55:40,SENS-JAKPUS,-6.1754,106.8272,2.0
2026-05-07 15:55:40,DUMMY-99,-6.2146,106.8451,5.0
2026-05-07 15:55:42,SENS-JAKSEL,-6.2615,106.8106,6.0
2026-05-07 15:55:43,DUMMY-99,-6.2146,106.8451,29.0
2026-05-07 15:55:44,DUMMY-99,-6.2146,106.8451,89.0
2026-05-07 15:55:46,DUMMY-99,-6.2146,106.8451,29.0
2026-05-07 15:55:49,DUMMY-99,-6.2146,106.8451,11.0
2026-05-07 15:55:49,SENS-JAKPUS,-6.1754,106.8272,19.0
2026-05-07 15:55:50,DUMMY-99,-6.2146,106.8451,63.0
2026-05-07 15:55:51,SENS-JAKSEL,-6.2615,106.8106,5.0
2026-05-07 15:55:53,DUMMY-99,-6.2146,106.8451,25.0
2026-05-07 15:55:55,DUMMY-99,-6.2146,106.8451,20.0
2026-05-07 15:55:56,DUMMY-99,-6.2146,106.8451,6.0
2026-05-07 15:55:58,SENS-JAKPUS,-6.1754,106.8272,17.0
2026-05-07 15:55:58,DUMMY-99,-6.2146,106.8451,75.0
2026-05-07 15:56:00,SENS-JAKSEL,-6.2615,106.8106,16.0
2026-05-07 15:56:01,DUMMY-99,-6.2146,106.8451,22.0
2026-05-07 15:56:03,DUMMY-99,-6.2146,106.8451,29.0
2026-05-07 15:56:05,DUMMY-99,-6.2146,106.8451,5.0
2026-05-07 15:56:06,DUMMY-99,-6.2146,106.8451,14.0
2026-05-07 15:56:07,SENS-JAKPUS,-6.1754,106.8272,9.0
2026-05-07 15:56:08,DUMMY-99,-6.2146,106.8451,14.0
2026-05-07 15:56:09,SENS-JAKSEL,-6.2615,106.8106,18.0
2026-05-07 15:56:11,DUMMY-99,-6.2146,106.8451,0.0
2026-05-07 15:56:13,DUMMY-99,-6.2146,106.8451,9.0
2026-05-07 15:56:15,DUMMY-99,-6.2146,106.8451,19.0
2026-05-07 15:56:16,SENS-JAKPUS,-6.1754,106.8272,11.0
2026-05-07 15:56:16,DUMMY-99,-6.2146,106.8451,16.0
2026-05-07 15:56:18,SENS-JAKSEL,-6.2615,106.8106,20.0
2026-05-07 15:56:19,DUMMY-99,-6.2146,106.8451,2.0
2026-05-07 15:56:21,DUMMY-99,-6.2146,106.8451,18.0
2026-05-07 15:56:23,DUMMY-99,-6.2146,106.8451,10.0
2026-05-07 15:56:24,DUMMY-99,-6.2146,106.8451,1.0
2026-05-07 15:56:25,SENS-JAKPUS,-6.1754,106.8272,2.0
2026-05-07 15:56:27,DUMMY-99,-6.2146,106.8451,27.0
2026-05-07 15:56:27,SENS-JAKSEL,-6.2615,106.8106,86.0
2026-05-07 15:56:29,DUMMY-99,-6.2146,106.8451,20.0
2026-05-07 15:56:31,DUMMY-99,-6.2146,106.8451,1.0
2026-05-07 15:56:32,DUMMY-99,-6.2146,106.8451,81.0
2026-05-07 15:56:34,SENS-JAKPUS,-6.1754,106.8272,20.0
2026-05-07 15:56:34,DUMMY-99,-6.2146,106.8451,10.0
2026-05-07 15:56:36,SENS-JAKSEL,-6.2615,106.8106,17.0
2026-05-07 15:56:37,DUMMY-99,-6.2146,106.8451,25.0
2026-05-07 15:56:39,DUMMY-99,-6.2146,106.8451,19.0
2026-05-07 15:56:40,DUMMY-99,-6.2146,106.8451,24.0
2026-05-07 15:56:44,SENS-JAKPUS,-6.1754,106.8272,78.0
2026-05-07 15:56:46,DUMMY-99,-6.2146,106.8451,5.0
2026-05-07 15:56:47,SENS-JAKSEL,-6.2615,106.8106,20.0
2026-05-07 15:56:47,DUMMY-99,-6.2146,106.8451,71.0
2026-05-07 15:56:48,DUMMY-99,-6.2146,106.8451,27.0
2026-05-07 15:56:50,DUMMY-99,-6.2146,106.8451,4.0
2026-05-07 15:56:53,DUMMY-99,-6.2146,106.8451,29.0
2026-05-07 15:56:54,SENS-JAKPUS,-6.1754,106.8272,96.0
2026-05-07 15:56:54,DUMMY-99,-6.2146,106.8451,19.0
2026-05-07 15:56:56,SENS-JAKSEL,-6.2615,106.8106,0.0
2026-05-07 15:56:57,DUMMY-99,-6.2146,106.8451,2.0
2026-05-07 15:56:58,DUMMY-99,-6.2146,106.8451,3.0
2026-05-07 15:57:01,DUMMY-99,-6.2146,106.8451,29.0
2026-05-07 15:57:03,DUMMY-99,-6.2146,106.8451,6.0
2026-05-07 15:57:03,SENS-JAKPUS,-6.1754,106.8272,15.0
2026-05-07 15:57:05,DUMMY-99,-6.2146,106.8451,8.0
2026-05-07 15:57:05,SENS-JAKSEL,-6.2615,106.8106,19.0
2026-05-07 15:57:06,DUMMY-99,-6.2146,106.8451,26.0
2026-05-07 15:57:08,DUMMY-99,-6.2146,106.8451,4.0
2026-05-07 15:57:10,DUMMY-99,-6.2146,106.8451,18.0
2026-05-07 15:57:12,SENS-JAKPUS,-6.1754,106.8272,11.0
2026-05-07 15:57:13,DUMMY-99,-6.2146,106.8451,13.0
2026-05-07 15:57:14,SENS-JAKSEL,-6.2615,106.8106,99.0
2026-05-07 15:57:14,DUMMY-99,-6.2146,106.8451,17.0
2026-05-07 15:57:17,DUMMY-99,-6.2146,106.8451,12.0
2026-05-07 15:57:19,DUMMY-99,-6.2146,106.8451,29.0
2026-05-07 15:57:21,DUMMY-99,-6.2146,106.8451,13.0
2026-05-07 15:57:21,SENS-JAKPUS,-6.1754,106.8272,8.0
2026-05-07 15:57:23,DUMMY-99,-6.2146,106.8451,23.0
2026-05-07 15:57:23,SENS-JAKSEL,-6.2615,106.8106,13.0
2026-05-07 15:57:25,DUMMY-99,-6.2146,106.8451,23.0
2026-05-07 15:57:26,DUMMY-99,-6.2146,106.8451,95.0
2026-05-07 15:57:28,DUMMY-99,-6.2146,106.8451,95.0
2026-05-07 15:57:30,SENS-JAKPUS,-6.1754,106.8272,10.0
2026-05-07 15:57:31,DUMMY-99,-6.2146,106.8451,2.0
2026-05-07 15:57:32,SENS-JAKSEL,-6.2615,106.8106,73.0
2026-05-07 15:57:32,DUMMY-99,-6.2146,106.8451,23.0
2026-05-07 15:57:34,DUMMY-99,-6.2146,106.8451,79.0
2026-05-07 15:57:36,DUMMY-99,-6.2146,106.8451,11.0
2026-05-07 15:57:38,DUMMY-99,-6.2146,106.8451,22.0
2026-05-07 15:57:39,SENS-JAKPUS,-6.1754,106.8272,10.0
2026-05-07 15:57:40,DUMMY-99,-6.2146,106.8451,19.0
2026-05-07 15:57:41,SENS-JAKSEL,-6.2615,106.8106,97.0
2026-05-07 15:57:43,DUMMY-99,-6.2146,106.8451,90.0
2026-05-07 15:57:46,DUMMY-99,-6.2146,106.8451,2.0
2026-05-07 15:57:48,SENS-JAKPUS,-6.1754,106.8272,8.0
2026-05-07 15:57:48,DUMMY-99,-6.2146,106.8451,5.0
2026-05-07 15:57:50,SENS-JAKSEL,-6.2615,106.8106,4.0
2026-05-07 15:57:51,DUMMY-99,-6.2146,106.8451,3.0
2026-05-07 15:57:52,DUMMY-99,-6.2146,106.8451,19.0
2026-05-07 15:57:54,DUMMY-99,-6.2146,106.8451,15.0
2026-05-07 15:57:57,DUMMY-99,-6.2146,106.8451,20.0
2026-05-07 15:57:57,SENS-JAKPUS,-6.1754,106.8272,7.0
2026-05-07 15:57:58,DUMMY-99,-6.2146,106.8451,5.0
2026-05-07 15:57:59,SENS-JAKSEL,-6.2615,106.8106,11.0
2026-05-07 15:58:01,DUMMY-99,-6.2146,106.8451,17.0
2026-05-07 15:58:03,DUMMY-99,-6.2146,106.8451,22.0
2026-05-07 15:58:05,DUMMY-99,-6.2146,106.8451,23.0
2026-05-07 15:58:06,SENS-JAKPUS,-6.1754,106.8272,91.0
2026-05-07 15:58:06,DUMMY-99,-6.2146,106.8451,3.0
2026-05-07 15:58:08,SENS-JAKSEL,-6.2615,106.8106,9.0
2026-05-07 15:58:09,DUMMY-99,-6.2146,106.8451,11.0
2026-05-07 15:58:11,DUMMY-99,-6.2146,106.8451,7.0
2026-05-07 15:58:12,DUMMY-99,-6.2146,106.8451,1.0
2026-05-07 15:58:15,DUMMY-99,-6.2146,106.8451,17.0
2026-05-07 15:58:15,SENS-JAKPUS,-6.1754,106.8272,4.0
2026-05-07 15:58:17,DUMMY-99,-6.2146,106.8451,16.0
2026-05-07 15:58:17,SENS-JAKSEL,-6.2615,106.8106,1.0
2026-05-07 15:58:18,DUMMY-99,-6.2146,106.8451,28.0
2026-05-07 15:58:21,DUMMY-99,-6.2146,106.8451,68.0
2026-05-07 15:58:22,DUMMY-99,-6.2146,106.8451,7.0
2026-05-07 15:58:24,SENS-JAKPUS,-6.1754,106.8272,86.0
2026-05-07 15:58:25,DUMMY-99,-6.2146,106.8451,17.0
2026-05-07 15:58:26,SENS-JAKSEL,-6.2615,106.8106,7.0
2026-05-07 15:58:26,DUMMY-99,-6.2146,106.8451,95.0
2026-05-07 15:58:28,DUMMY-99,-6.2146,106.8451,26.0
2026-05-07 15:58:30,DUMMY-99,-6.2146,106.8451,24.0
2026-05-07 15:58:32,DUMMY-99,-6.2146,106.8451,6.0
2026-05-07 15:58:33,SENS-JAKPUS,-6.1754,106.8272,18.0
2026-05-07 15:58:34,DUMMY-99,-6.2146,106.8451,23.0
2026-05-07 15:58:35,SENS-JAKSEL,-6.2615,106.8106,3.0
2026-05-07 15:58:37,DUMMY-99,-6.2146,106.8451,22.0
2026-05-07 15:58:38,DUMMY-99,-6.2146,106.8451,6.0
2026-05-07 15:58:40,DUMMY-99,-6.2146,106.8451,10.0
2026-05-07 15:58:43,DUMMY-99,-6.2146,106.8451,60.0
2026-05-07 15:58:43,SENS-JAKPUS,-6.1754,106.8272,15.0
2026-05-07 15:58:45,SENS-JAKSEL,-6.2615,106.8106,5.0
2026-05-07 15:58:45,DUMMY-99,-6.2146,106.8451,23.0
2026-05-07 15:58:47,DUMMY-99,-6.2146,106.8451,7.0
2026-05-07 15:58:49,DUMMY-99,-6.2146,106.8451,8.0
2026-05-07 15:58:51,DUMMY-99,-6.2146,106.8451,21.0
2026-05-07 15:58:52,SENS-JAKPUS,-6.1754,106.8272,14.0
2026-05-07 15:58:53,DUMMY-99,-6.2146,106.8451,1.0
2026-05-07 15:58:54,SENS-JAKSEL,-6.2615,106.8106,72.0
2026-05-07 15:58:55,DUMMY-99,-6.2146,106.8451,0.0
2026-05-07 15:58:56,DUMMY-99,-6.2146,106.8451,20.0
2026-05-07 15:58:59,DUMMY-99,-6.2146,106.8451,27.0
2026-05-07 15:59:01,DUMMY-99,-6.2146,106.8451,23.0
2026-05-07 15:59:01,SENS-JAKPUS,-6.1754,106.8272,20.0
2026-05-07 15:59:02,DUMMY-99,-6.2146,106.8451,21.0
2026-05-07 15:59:03,SENS-JAKSEL,-6.2615,106.8106,7.0
2026-05-07 15:59:05,DUMMY-99,-6.2146,106.8451,27.0
2026-05-07 15:59:06,DUMMY-99,-6.2146,106.8451,75.0
2026-05-07 15:59:09,DUMMY-99,-6.2146,106.8451,76.0
2026-05-07 15:59:10,SENS-JAKPUS,-6.1754,106.8272,5.0
2026-05-07 15:59:11,DUMMY-99,-6.2146,106.8451,21.0
2026-05-07 15:59:12,SENS-JAKSEL,-6.2615,106.8106,9.0
2026-05-07 15:59:13,DUMMY-99,-6.2146,106.8451,4.0
2026-05-07 15:59:14,DUMMY-99,-6.2146,106.8451,15.0
2026-05-07 15:59:17,DUMMY-99,-6.2146,106.8451,25.0
2026-05-07 15:59:18,DUMMY-99,-6.2146,106.8451,9.0
2026-05-07 15:59:19,SENS-JAKPUS,-6.1754,106.8272,15.0
2026-05-07 15:59:20,DUMMY-99,-6.2146,106.8451,0.0
2026-05-07 15:59:21,SENS-JAKSEL,-6.2615,106.8106,14.0
2026-05-07 15:59:23,DUMMY-99,-6.2146,106.8451,15.0
2026-05-07 15:59:24,DUMMY-99,-6.2146,106.8451,69.0
2026-05-07 15:59:27,DUMMY-99,-6.2146,106.8451,8.0
2026-05-07 15:59:28,SENS-JAKPUS,-6.1754,106.8272,4.0
2026-05-07 15:59:28,DUMMY-99,-6.2146,106.8451,13.0
2026-05-07 15:59:30,SENS-JAKSEL,-6.2615,106.8106,16.0
2026-05-07 15:59:31,DUMMY-99,-6.2146,106.8451,11.0
2026-05-07 15:59:32,DUMMY-99,-6.2146,106.8451,14.0
2026-05-07 15:59:35,DUMMY-99,-6.2146,106.8451,20.0
2026-05-07 15:59:37,DUMMY-99,-6.2146,106.8451,21.0
2026-05-07 15:59:37,SENS-JAKPUS,-6.1754,106.8272,15.0
2026-05-07 15:59:39,DUMMY-99,-6.2146,106.8451,12.0
2026-05-07 15:59:39,SENS-JAKSEL,-6.2615,106.8106,2.0
2026-05-07 15:59:40,DUMMY-99,-6.2146,106.8451,7.0
2026-05-07 15:59:42,DUMMY-99,-6.2146,106.8451,8.0
2026-05-07 15:59:44,DUMMY-99,-6.2146,106.8451,9.0
2026-05-07 15:59:46,SENS-JAKPUS,-6.1754,106.8272,12.0
2026-05-07 15:59:47,DUMMY-99,-6.2146,106.8451,13.0
2026-05-07 15:59:48,SENS-JAKSEL,-6.2615,106.8106,87.0
2026-05-07 15:59:48,DUMMY-99,-6.2146,106.8451,27.0
2026-05-07 15:59:51,DUMMY-99,-6.2146,106.8451,26.0
2026-05-07 15:59:54,DUMMY-99,-6.2146,106.8451,24.0
2026-05-07 15:59:55,SENS-JAKPUS,-6.1754,106.8272,7.0
2026-05-07 15:59:56,DUMMY-99,-6.2146,106.8451,15.0
2026-05-07 15:59:57,SENS-JAKSEL,-6.2615,106.8106,9.0
2026-05-07 15:59:59,DUMMY-99,-6.2146,106.8451,92.0
2026-05-07 16:00:00,DUMMY-99,-6.2146,106.8451,24.0
2026-05-07 16:00:03,DUMMY-99,-6.2146,106.8451,1.0
2026-05-07 16:00:04,SENS-JAKPUS,-6.1754,106.8272,80.0
2026-05-07 16:00:05,DUMMY-99,-6.2146,106.8451,4.0
2026-05-07 16:00:06,SENS-JAKSEL,-6.2615,106.8106,0.0
2026-05-07 16:00:06,DUMMY-99,-6.2146,106.8451,4.0
2026-05-07 16:00:08,DUMMY-99,-6.2146,106.8451,22.0
2026-05-07 16:00:11,DUMMY-99,-6.2146,106.8451,12.0
2026-05-07 16:00:13,DUMMY-99,-6.2146,106.8451,27.0
2026-05-07 16:00:13,SENS-JAKPUS,-6.1754,106.8272,7.0
2026-05-07 16:00:14,DUMMY-99,-6.2146,106.8451,26.0
2026-05-07 16:00:15,SENS-JAKSEL,-6.2615,106.8106,13.0
2026-05-07 16:00:17,DUMMY-99,-6.2146,106.8451,6.0
2026-05-07 16:00:18,DUMMY-99,-6.2146,106.8451,18.0
2026-05-07 16:00:21,DUMMY-99,-6.2146,106.8451,9.0
2026-05-07 16:00:22,SENS-JAKPUS,-6.1754,106.8272,86.0
2026-05-07 16:00:22,DUMMY-99,-6.2146,106.8451,8.0
2026-05-07 16:00:24,SENS-JAKSEL,-6.2615,106.8106,17.0
2026-05-07 16:00:24,DUMMY-99,-6.2146,106.8451,21.0
2026-05-07 16:00:26,DUMMY-99,-6.2146,106.8451,24.0
2026-05-07 16:00:28,DUMMY-99,-6.2146,106.8451,19.0
2026-05-07 16:00:30,DUMMY-99,-6.2146,106.8451,3.0
2026-05-07 16:00:31,SENS-JAKPUS,-6.1754,106.8272,5.0
2026-05-07 16:00:33,DUMMY-99,-6.2146,106.8451,7.0
2026-05-07 16:00:33,SENS-JAKSEL,-6.2615,106.8106,2.0
2026-05-07 16:00:34,DUMMY-99,-6.2146,106.8451,22.0
2026-05-07 16:00:36,DUMMY-99,-6.2146,106.8451,73.0
2026-05-07 16:00:40,SENS-JAKPUS,-6.1754,106.8272,18.0
2026-05-07 16:00:40,DUMMY-99,-6.2146,106.8451,20.0
2026-05-07 16:00:42,SENS-JAKSEL,-6.2615,106.8106,17.0
2026-05-07 16:00:43,DUMMY-99,-6.2146,106.8451,1.0
2026-05-07 16:00:44,DUMMY-99,-6.2146,106.8451,21.0
2026-05-07 16:00:47,DUMMY-99,-6.2146,106.8451,55.0
2026-05-07 16:00:48,DUMMY-99,-6.2146,106.8451,3.0
2026-05-07 16:00:49,SENS-JAKPUS,-6.1754,106.8272,0.0
2026-05-07 16:00:50,DUMMY-99,-6.2146,106.8451,29.0
2026-05-07 16:00:52,SENS-JAKSEL,-6.2615,106.8106,11.0
2026-05-07 16:00:52,DUMMY-99,-6.2146,106.8451,20.0
2026-05-07 16:00:55,DUMMY-99,-6.2146,106.8451,2.0
2026-05-07 16:00:56,DUMMY-99,-6.2146,106.8451,14.0
2026-05-07 16:00:59,DUMMY-99,-6.2146,106.8451,22.0
2026-05-07 16:00:59,SENS-JAKPUS,-6.1754,106.8272,71.0
2026-05-07 16:01:01,DUMMY-99,-6.2146,106.8451,13.0
2026-05-07 16:01:01,SENS-JAKSEL,-6.2615,106.8106,82.0
2026-05-07 16:01:02,DUMMY-99,-6.2146,106.8451,5.0
2026-05-07 16:01:05,DUMMY-99,-6.2146,106.8451,21.0
2026-05-07 16:01:07,DUMMY-99,-6.2146,106.8451,28.0
2026-05-07 16:01:08,SENS-JAKPUS,-6.1754,106.8272,7.0
2026-05-07 16:01:09,DUMMY-99,-6.2146,106.8451,26.0
2026-05-07 16:01:10,SENS-JAKSEL,-6.2615,106.8106,5.0
2026-05-07 16:01:10,DUMMY-99,-6.2146,106.8451,14.0
2026-05-07 16:01:12,DUMMY-99,-6.2146,106.8451,16.0
2026-05-07 16:01:14,DUMMY-99,-6.2146,106.8451,6.0
2026-05-07 16:01:16,DUMMY-99,-6.2146,106.8451,6.0
2026-05-07 16:01:17,SENS-JAKPUS,-6.1754,106.8272,7.0
2026-05-07 16:01:19,DUMMY-99,-6.2146,106.8451,21.0
2026-05-07 16:01:19,SENS-JAKSEL,-6.2615,106.8106,4.0
2026-05-07 16:01:21,DUMMY-99,-6.2146,106.8451,28.0
2026-05-07 16:01:22,DUMMY-99,-6.2146,106.8451,25.0
2026-05-07 16:01:25,DUMMY-99,-6.2146,106.8451,0.0
2026-05-07 16:01:26,SENS-JAKPUS,-6.1754,106.8272,12.0
2026-05-07 16:01:27,DUMMY-99,-6.2146,106.8451,19.0
2026-05-07 16:01:28,SENS-JAKSEL,-6.2615,106.8106,6.0
2026-05-07 16:01:28,DUMMY-99,-6.2146,106.8451,26.0
2026-05-07 16:01:30,DUMMY-99,-6.2146,106.8451,4.0
2026-05-07 16:01:32,DUMMY-99,-6.2146,106.8451,4.0
2026-05-07 16:01:35,DUMMY-99,-6.2146,106.8451,16.0
2026-05-07 16:01:35,SENS-JAKPUS,-6.1754,106.8272,5.0
2026-05-07 16:01:37,DUMMY-99,-6.2146,106.8451,28.0
2026-05-07 16:01:37,SENS-JAKSEL,-6.2615,106.8106,67.0
2026-05-07 16:01:39,DUMMY-99,-6.2146,106.8451,19.0
2026-05-07 16:01:40,DUMMY-99,-6.2146,106.8451,14.0
2026-05-07 16:01:42,DUMMY-99,-6.2146,106.8451,29.0
2026-05-07 16:01:44,SENS-JAKPUS,-6.1754,106.8272,97.0
2026-05-07 16:01:44,DUMMY-99,-6.2146,106.8451,15.0
2026-05-07 16:01:46,SENS-JAKSEL,-6.2615,106.8106,20.0
2026-05-07 16:01:46,DUMMY-99,-6.2146,106.8451,3.0
2026-05-07 16:01:48,DUMMY-99,-6.2146,106.8451,24.0
2026-05-07 16:01:51,DUMMY-99,-6.2146,106.8451,12.0
2026-05-07 16:01:53,DUMMY-99,-6.2146,106.8451,91.0
2026-05-07 16:01:53,SENS-JAKPUS,-6.1754,106.8272,76.0
2026-05-07 16:01:54,DUMMY-99,-6.2146,106.8451,75.0
2026-05-07 16:01:55,SENS-JAKSEL,-6.2615,106.8106,14.0
2026-05-07 16:01:57,DUMMY-99,-6.2146,106.8451,10.0
2026-05-07 16:01:59,DUMMY-99,-6.2146,106.8451,27.0
2026-05-07 16:02:00,DUMMY-99,-6.2146,106.8451,23.0
2026-05-07 16:02:02,SENS-JAKPUS,-6.1754,106.8272,7.0
2026-05-07 16:02:03,DUMMY-99,-6.2146,106.8451,59.0
2026-05-07 16:02:04,SENS-JAKSEL,-6.2615,106.8106,4.0
2026-05-07 16:02:04,DUMMY-99,-6.2146,106.8451,99.0
2026-05-07 16:02:06,DUMMY-99,-6.2146,106.8451,25.0
2026-05-07 16:02:08,DUMMY-99,-6.2146,106.8451,83.0
2026-05-07 16:02:11,DUMMY-99,-6.2146,106.8451,20.0
2026-05-07 16:02:11,SENS-JAKPUS,-6.1754,106.8272,13.0
2026-05-07 16:02:13,DUMMY-99,-6.2146,106.8451,12.0
2026-05-07 16:02:13,SENS-JAKSEL,-6.2615,106.8106,7.0
2026-05-07 16:02:14,DUMMY-99,-6.2146,106.8451,21.0
2026-05-07 16:02:17,DUMMY-99,-6.2146,106.8451,17.0
2026-05-07 16:02:19,DUMMY-99,-6.2146,106.8451,9.0
2026-05-07 16:02:20,SENS-JAKPUS,-6.1754,106.8272,20.0
2026-05-07 16:02:21,DUMMY-99,-6.2146,106.8451,1.0
2026-05-07 16:02:22,SENS-JAKSEL,-6.2615,106.8106,2.0
2026-05-07 16:02:22,DUMMY-99,-6.2146,106.8451,13.0
2026-05-07 16:02:24,DUMMY-99,-6.2146,106.8451,2.0
2026-05-07 16:02:26,DUMMY-99,-6.2146,106.8451,23.0
2026-05-07 16:02:28,DUMMY-99,-6.2146,106.8451,8.0
2026-05-07 16:02:29,SENS-JAKPUS,-6.1754,106.8272,78.0
2026-05-07 16:02:31,DUMMY-99,-6.2146,106.8451,19.0
2026-05-07 16:02:31,SENS-JAKSEL,-6.2615,106.8106,8.0
2026-05-07 16:02:32,DUMMY-99,-6.2146,106.8451,9.0
2026-05-07 16:02:34,DUMMY-99,-6.2146,106.8451,25.0
2026-05-07 16:02:37,DUMMY-99,-6.2146,106.8451,9.0
2026-05-07 16:02:38,SENS-JAKPUS,-6.1754,106.8272,84.0
2026-05-07 16:02:39,DUMMY-99,-6.2146,106.8451,26.0
2026-05-07 16:02:40,SENS-JAKSEL,-6.2615,106.8106,18.0
2026-05-07 16:02:40,DUMMY-99,-6.2146,106.8451,85.0
2026-05-07 16:02:42,DUMMY-99,-6.2146,106.8451,4.0
2026-05-07 16:02:45,DUMMY-99,-6.2146,106.8451,82.0
2026-05-07 16:02:46,DUMMY-99,-6.2146,106.8451,16.0
2026-05-07 16:02:47,SENS-JAKPUS,-6.1754,106.8272,12.0
2026-05-07 16:02:48,DUMMY-99,-6.2146,106.8451,5.0
2026-05-07 16:02:49,SENS-JAKSEL,-6.2615,106.8106,18.0
2026-05-07 16:02:50,DUMMY-99,-6.2146,106.8451,3.0
2026-05-07 16:02:52,DUMMY-99,-6.2146,106.8451,60.0
2026-05-07 16:02:54,DUMMY-99,-6.2146,106.8451,26.0
2026-05-07 16:02:56,DUMMY-99,-6.2146,106.8451,19.0
2026-05-07 16:02:57,SENS-JAKPUS,-6.1754,106.8272,16.0
2026-05-07 16:02:59,DUMMY-99,-6.2146,106.8451,22.0
2026-05-07 16:02:59,SENS-JAKSEL,-6.2615,106.8106,100.0
2026-05-07 16:03:00,DUMMY-99,-6.2146,106.8451,27.0
2026-05-07 16:03:03,DUMMY-99,-6.2146,106.8451,6.0
2026-05-07 16:03:04,DUMMY-99,-6.2146,106.8451,5.0
2026-05-07 16:03:06,SENS-JAKPUS,-6.1754,106.8272,18.0
2026-05-07 16:03:07,DUMMY-99,-6.2146,106.8451,13.0
2026-05-07 16:03:08,SENS-JAKSEL,-6.2615,106.8106,92.0
2026-05-07 16:03:09,DUMMY-99,-6.2146,106.8451,16.0
2026-05-07 16:03:11,DUMMY-99,-6.2146,106.8451,20.0
2026-05-07 16:03:12,DUMMY-99,-6.2146,106.8451,55.0
2026-05-07 16:03:14,DUMMY-99,-6.2146,106.8451,27.0
2026-05-07 16:03:15,SENS-JAKPUS,-6.1754,106.8272,18.0
2026-05-07 16:03:17,DUMMY-99,-6.2146,106.8451,15.0
2026-05-07 16:03:17,SENS-JAKSEL,-6.2615,106.8106,10.0
2026-05-07 16:03:19,DUMMY-99,-6.2146,106.8451,10.0
2026-05-07 16:03:20,DUMMY-99,-6.2146,106.8451,7.0
2026-05-07 16:03:22,DUMMY-99,-6.2146,106.8451,25.0
2026-05-07 16:03:24,SENS-JAKPUS,-6.1754,106.8272,14.0
2026-05-07 16:03:25,DUMMY-99,-6.2146,106.8451,21.0
2026-05-07 16:03:26,SENS-JAKSEL,-6.2615,106.8106,16.0
2026-05-07 16:03:27,DUMMY-99,-6.2146,106.8451,20.0
2026-05-07 16:03:29,DUMMY-99,-6.2146,106.8451,2.0
2026-05-07 16:03:30,DUMMY-99,-6.2146,106.8451,18.0
2026-05-07 16:03:32,DUMMY-99,-6.2146,106.8451,1.0
2026-05-07 16:03:33,SENS-JAKPUS,-6.1754,106.8272,2.0
2026-05-07 16:03:34,DUMMY-99,-6.2146,106.8451,95.0
2026-05-07 16:03:35,SENS-JAKSEL,-6.2615,106.8106,18.0
2026-05-07 16:03:37,DUMMY-99,-6.2146,106.8451,16.0
2026-05-07 16:03:38,DUMMY-99,-6.2146,106.8451,6.0
2026-05-07 16:03:41,DUMMY-99,-6.2146,106.8451,9.0
2026-05-07 16:03:42,SENS-JAKPUS,-6.1754,106.8272,11.0
2026-05-07 16:03:43,DUMMY-99,-6.2146,106.8451,15.0
2026-05-07 16:03:44,SENS-JAKSEL,-6.2615,106.8106,98.0
2026-05-07 16:03:44,DUMMY-99,-6.2146,106.8451,21.0
2026-05-07 16:03:47,DUMMY-99,-6.2146,106.8451,6.0
2026-05-07 16:03:48,DUMMY-99,-6.2146,106.8451,24.0
2026-05-07 16:03:51,DUMMY-99,-6.2146,106.8451,2.0
2026-05-07 16:03:51,SENS-JAKPUS,-6.1754,106.8272,3.0
2026-05-07 16:03:53,DUMMY-99,-6.2146,106.8451,8.0
2026-05-07 16:03:53,SENS-JAKSEL,-6.2615,106.8106,14.0
2026-05-07 16:03:55,DUMMY-99,-6.2146,106.8451,11.0
2026-05-07 16:03:56,DUMMY-99,-6.2146,106.8451,7.0
2026-05-07 16:03:58,DUMMY-99,-6.2146,106.8451,81.0
2026-05-07 16:04:00,SENS-JAKPUS,-6.1754,106.8272,15.0
2026-05-07 16:04:01,DUMMY-99,-6.2146,106.8451,8.0
2026-05-07 16:04:02,SENS-JAKSEL,-6.2615,106.8106,6.0
2026-05-07 16:04:03,DUMMY-99,-6.2146,106.8451,6.0
2026-05-07 16:04:04,DUMMY-99,-6.2146,106.8451,14.0
2026-05-07 16:04:07,DUMMY-99,-6.2146,106.8451,23.0
2026-05-07 16:04:09,DUMMY-99,-6.2146,106.8451,4.0
2026-05-07 16:04:09,SENS-JAKPUS,-6.1754,106.8272,3.0
2026-05-07 16:04:11,DUMMY-99,-6.2146,106.8451,9.0
2026-05-07 16:04:11,SENS-JAKSEL,-6.2615,106.8106,11.0
2026-05-07 16:04:12,DUMMY-99,-6.2146,106.8451,5.0
2026-05-07 16:04:15,DUMMY-99,-6.2146,106.8451,24.0
2026-05-07 16:04:17,DUMMY-99,-6.2146,106.8451,67.0
2026-05-07 16:04:18,SENS-JAKPUS,-6.1754,106.8272,11.0
2026-05-07 16:04:19,DUMMY-99,-6.2146,106.8451,9.0
2026-05-07 16:04:20,SENS-JAKSEL,-6.2615,106.8106,10.0
2026-05-07 16:04:20,DUMMY-99,-6.2146,106.8451,5.0
2026-05-07 16:04:22,DUMMY-99,-6.2146,106.8451,18.0
2026-05-07 16:04:24,DUMMY-99,-6.2146,106.8451,22.0
2026-05-07 16:04:26,DUMMY-99,-6.2146,106.8451,2.0
2026-05-07 16:04:27,SENS-JAKPUS,-6.1754,106.8272,15.0
2026-05-07 16:04:29,DUMMY-99,-6.2146,106.8451,57.0
2026-05-07 16:04:29,SENS-JAKSEL,-6.2615,106.8106,10.0
2026-05-07 16:04:30,DUMMY-99,-6.2146,106.8451,15.0
2026-05-07 16:04:32,DUMMY-99,-6.2146,106.8451,23.0
2026-05-07 16:04:34,DUMMY-99,-6.2146,106.8451,2.0
2026-05-07 16:04:36,SENS-JAKPUS,-6.1754,106.8272,7.0
2026-05-07 16:04:37,DUMMY-99,-6.2146,106.8451,27.0
2026-05-07 16:04:38,SENS-JAKSEL,-6.2615,106.8106,61.0
2026-05-07 16:04:39,DUMMY-99,-6.2146,106.8451,21.0
2026-05-07 16:04:40,DUMMY-99,-6.2146,106.8451,15.0
2026-05-07 16:04:43,DUMMY-99,-6.2146,106.8451,90.0
2026-05-07 16:04:45,DUMMY-99,-6.2146,106.8451,4.0
2026-05-07 16:04:45,SENS-JAKPUS,-6.1754,106.8272,20.0
2026-05-07 16:04:47,DUMMY-99,-6.2146,106.8451,24.0
2026-05-07 16:04:47,SENS-JAKSEL,-6.2615,106.8106,5.0
2026-05-07 16:04:48,DUMMY-99,-6.2146,106.8451,17.0
2026-05-07 16:04:51,DUMMY-99,-6.2146,106.8451,13.0
2026-05-07 16:04:52,DUMMY-99,-6.2146,106.8451,11.0
2026-05-07 16:04:54,SENS-JAKPUS,-6.1754,106.8272,1.0
2026-05-07 16:04:55,DUMMY-99,-6.2146,106.8451,19.0
2026-05-07 16:04:56,SENS-JAKSEL,-6.2615,106.8106,11.0
2026-05-07 16:04:56,DUMMY-99,-6.2146,106.8451,5.0
2026-05-07 16:04:59,DUMMY-99,-6.2146,106.8451,22.0
2026-05-07 16:05:01,DUMMY-99,-6.2146,106.8451,90.0
2026-05-07 16:05:02,DUMMY-99,-6.2146,106.8451,11.0
2026-05-07 16:05:03,SENS-JAKPUS,-6.1754,106.8272,12.0
2026-05-07 16:05:04,DUMMY-99,-6.2146,106.8451,27.0
2026-05-07 16:05:05,SENS-JAKSEL,-6.2615,106.8106,8.0
2026-05-07 16:05:06,DUMMY-99,-6.2146,106.8451,3.0
2026-05-07 16:05:09,DUMMY-99,-6.2146,106.8451,13.0
2026-05-07 16:05:11,DUMMY-99,-6.2146,106.8451,10.0
2026-05-07 16:05:12,SENS-JAKPUS,-6.1754,106.8272,14.0
2026-05-07 16:05:12,DUMMY-99,-6.2146,106.8451,13.0
2026-05-07 16:05:14,SENS-JAKSEL,-6.2615,106.8106,0.0
2026-05-07 16:05:15,DUMMY-99,-6.2146,106.8451,19.0
2026-05-07 16:05:16,DUMMY-99,-6.2146,106.8451,29.0
2026-05-07 16:05:18,DUMMY-99,-6.2146,106.8451,12.0
2026-05-07 16:05:21,DUMMY-99,-6.2146,106.8451,13.0
2026-05-07 16:05:22,SENS-JAKPUS,-6.1754,106.8272,3.0
2026-05-07 16:05:22,DUMMY-99,-6.2146,106.8451,8.0
2026-05-07 16:05:24,SENS-JAKSEL,-6.2615,106.8106,5.0
2026-05-07 16:05:25,DUMMY-99,-6.2146,106.8451,13.0
2026-05-07 16:05:26,DUMMY-99,-6.2146,106.8451,20.0
2026-05-07 16:05:29,DUMMY-99,-6.2146,106.8451,10.0
2026-05-07 16:05:30,DUMMY-99,-6.2146,106.8451,8.0
2026-05-07 16:05:31,SENS-JAKPUS,-6.1754,106.8272,14.0
2026-05-07 16:05:32,DUMMY-99,-6.2146,106.8451,84.0
2026-05-07 16:05:33,SENS-JAKSEL,-6.2615,106.8106,67.0
2026-05-07 16:05:35,DUMMY-99,-6.2146,106.8451,27.0
2026-05-07 16:05:36,DUMMY-99,-6.2146,106.8451,7.0
2026-05-07 16:05:38,DUMMY-99,-6.2146,106.8451,25.0
2026-05-07 16:05:40,SENS-JAKPUS,-6.1754,106.8272,87.0
2026-05-07 16:05:41,DUMMY-99,-6.2146,106.8451,11.0
2026-05-07 16:05:42,SENS-JAKSEL,-6.2615,106.8106,0.0
2026-05-07 16:05:42,DUMMY-99,-6.2146,106.8451,25.0
2026-05-07 16:05:45,DUMMY-99,-6.2146,106.8451,0.0
2026-05-07 16:05:47,DUMMY-99,-6.2146,106.8451,15.0
2026-05-07 16:05:49,DUMMY-99,-6.2146,106.8451,13.0
2026-05-07 16:05:49,SENS-JAKPUS,-6.1754,106.8272,10.0
2026-05-07 16:05:50,DUMMY-99,-6.2146,106.8451,26.0
2026-05-07 16:05:51,SENS-JAKSEL,-6.2615,106.8106,6.0
2026-05-07 16:05:52,DUMMY-99,-6.2146,106.8451,21.0
2026-05-07 16:05:55,DUMMY-99,-6.2146,106.8451,29.0
2026-05-07 16:05:56,DUMMY-99,-6.2146,106.8451,9.0
2026-05-07 16:05:58,SENS-JAKPUS,-6.1754,106.8272,4.0
2026-05-07 16:05:59,DUMMY-99,-6.2146,106.8451,25.0
2026-05-07 16:06:00,SENS-JAKSEL,-6.2615,106.8106,10.0
2026-05-07 16:06:00,DUMMY-99,-6.2146,106.8451,10.0
2026-05-07 16:06:02,DUMMY-99,-6.2146,106.8451,17.0
2026-05-07 16:06:04,DUMMY-99,-6.2146,106.8451,0.0
2026-05-07 16:06:06,DUMMY-99,-6.2146,106.8451,5.0
2026-05-07 16:06:07,SENS-JAKPUS,-6.1754,106.8272,11.0
2026-05-07 16:06:08,DUMMY-99,-6.2146,106.8451,21.0
2026-05-07 16:06:09,SENS-JAKSEL,-6.2615,106.8106,14.0
2026-05-07 16:06:10,DUMMY-99,-6.2146,106.8451,8.0
2026-05-07 16:06:12,DUMMY-99,-6.2146,106.8451,23.0
2026-05-07 16:06:15,DUMMY-99,-6.2146,106.8451,20.0
2026-05-07 16:06:16,SENS-JAKPUS,-6.1754,106.8272,7.0
2026-05-07 16:06:16,DUMMY-99,-6.2146,106.8451,19.0
2026-05-07 16:06:18,SENS-JAKSEL,-6.2615,106.8106,17.0
2026-05-07 16:06:18,DUMMY-99,-6.2146,106.8451,56.0
2026-05-07 16:06:20,DUMMY-99,-6.2146,106.8451,2.0
2026-05-07 16:06:22,DUMMY-99,-6.2146,106.8451,11.0
2026-05-07 16:06:25,DUMMY-99,-6.2146,106.8451,21.0
2026-05-07 16:06:25,SENS-JAKPUS,-6.1754,106.8272,14.0
2026-05-07 16:06:27,DUMMY-99,-6.2146,106.8451,14.0
2026-05-07 16:06:27,SENS-JAKSEL,-6.2615,106.8106,10.0
2026-05-07 16:06:29,DUMMY-99,-6.2146,106.8451,11.0
2026-05-07 16:06:30,DUMMY-99,-6.2146,106.8451,15.0
2026-05-07 16:06:33,DUMMY-99,-6.2146,106.8451,5.0
2026-05-07 16:06:34,SENS-JAKPUS,-6.1754,106.8272,14.0
2026-05-07 16:06:35,DUMMY-99,-6.2146,106.8451,15.0
2026-05-07 16:06:36,SENS-JAKSEL,-6.2615,106.8106,17.0
2026-05-07 16:06:37,DUMMY-99,-6.2146,106.8451,28.0
2026-05-07 16:06:38,DUMMY-99,-6.2146,106.8451,4.0
2026-05-07 16:06:41,DUMMY-99,-6.2146,106.8451,11.0
2026-05-07 16:06:43,DUMMY-99,-6.2146,106.8451,4.0
2026-05-07 16:06:43,SENS-JAKPUS,-6.1754,106.8272,12.0
2026-05-07 16:06:44,DUMMY-99,-6.2146,106.8451,18.0
2026-05-07 16:06:45,SENS-JAKSEL,-6.2615,106.8106,8.0
2026-05-07 16:06:46,DUMMY-99,-6.2146,106.8451,9.0
2026-05-07 16:06:49,DUMMY-99,-6.2146,106.8451,6.0
2026-05-07 16:06:51,DUMMY-99,-6.2146,106.8451,9.0
2026-05-07 16:06:52,SENS-JAKPUS,-6.1754,106.8272,4.0
2026-05-07 16:06:53,DUMMY-99,-6.2146,106.8451,29.0
2026-05-07 16:06:54,SENS-JAKSEL,-6.2615,106.8106,18.0
2026-05-07 16:06:55,DUMMY-99,-6.2146,106.8451,20.0
2026-05-07 16:06:57,DUMMY-99,-6.2146,106.8451,87.0
2026-05-07 16:06:58,DUMMY-99,-6.2146,106.8451,89.0
2026-05-07 16:07:01,DUMMY-99,-6.2146,106.8451,25.0
2026-05-07 16:07:01,SENS-JAKPUS,-6.1754,106.8272,20.0
2026-05-07 16:07:03,DUMMY-99,-6.2146,106.8451,7.0
2026-05-07 16:07:03,SENS-JAKSEL,-6.2615,106.8106,12.0
2026-05-07 16:07:04,DUMMY-99,-6.2146,106.8451,67.0
2026-05-07 16:07:06,DUMMY-99,-6.2146,106.8451,3.0
2026-05-07 16:07:09,DUMMY-99,-6.2146,106.8451,3.0
2026-05-07 16:07:10,DUMMY-99,-6.2146,106.8451,22.0
2026-05-07 16:07:10,SENS-JAKPUS,-6.1754,106.8272,10.0
2026-05-07 16:07:12,DUMMY-99,-6.2146,106.8451,19.0
2026-05-07 16:07:13,SENS-JAKSEL,-6.2615,106.8106,1.0
2026-05-07 16:07:14,DUMMY-99,-6.2146,106.8451,29.0
2026-05-07 16:07:17,DUMMY-99,-6.2146,106.8451,6.0
2026-05-07 16:07:19,DUMMY-99,-6.2146,106.8451,6.0
2026-05-07 16:07:20,SENS-JAKPUS,-6.1754,106.8272,7.0
2026-05-07 16:07:21,DUMMY-99,-6.2146,106.8451,19.0
2026-05-07 16:07:22,SENS-JAKSEL,-6.2615,106.8106,14.0
2026-05-07 16:07:22,DUMMY-99,-6.2146,106.8451,11.0
2026-05-07 16:07:25,DUMMY-99,-6.2146,106.8451,25.0
2026-05-07 16:07:26,DUMMY-99,-6.2146,106.8451,3.0
2026-05-07 16:07:29,SENS-JAKPUS,-6.1754,106.8272,10.0
2026-05-07 16:07:29,DUMMY-99,-6.2146,106.8451,7.0
2026-05-07 16:07:30,DUMMY-99,-6.2146,106.8451,12.0
2026-05-07 16:07:31,SENS-JAKSEL,-6.2615,106.8106,13.0
2026-05-07 16:07:33,DUMMY-99,-6.2146,106.8451,22.0
2026-05-07 16:07:34,DUMMY-99,-6.2146,106.8451,21.0
2026-05-07 16:07:36,DUMMY-99,-6.2146,106.8451,21.0
2026-05-07 16:07:38,SENS-JAKPUS,-6.1754,106.8272,7.0
2026-05-07 16:07:38,DUMMY-99,-6.2146,106.8451,28.0
2026-05-07 16:07:40,SENS-JAKSEL,-6.2615,106.8106,12.0
2026-05-07 16:07:40,DUMMY-99,-6.2146,106.8451,28.0
2026-05-07 16:07:43,DUMMY-99,-6.2146,106.8451,20.0
2026-05-07 16:07:45,DUMMY-99,-6.2146,106.8451,26.0
2026-05-07 16:07:46,DUMMY-99,-6.2146,106.8451,65.0
2026-05-07 16:07:47,SENS-JAKPUS,-6.1754,106.8272,7.0
2026-05-07 16:07:49,DUMMY-99,-6.2146,106.8451,25.0
2026-05-07 16:07:49,SENS-JAKSEL,-6.2615,106.8106,6.0
2026-05-07 16:07:50,DUMMY-99,-6.2146,106.8451,23.0
2026-05-07 16:07:52,DUMMY-99,-6.2146,106.8451,91.0
2026-05-07 16:07:55,DUMMY-99,-6.2146,106.8451,29.0
2026-05-07 16:07:56,SENS-JAKPUS,-6.1754,106.8272,9.0
2026-05-07 16:07:56,DUMMY-99,-6.2146,106.8451,25.0
2026-05-07 16:07:58,SENS-JAKSEL,-6.2615,106.8106,12.0
2026-05-07 16:07:59,DUMMY-99,-6.2146,106.8451,0.0
2026-05-07 16:08:00,DUMMY-99,-6.2146,106.8451,10.0
2026-05-07 16:08:03,DUMMY-99,-6.2146,106.8451,82.0
2026-05-07 16:08:04,DUMMY-99,-6.2146,106.8451,72.0
2026-05-07 16:08:05,SENS-JAKPUS,-6.1754,106.8272,11.0
2026-05-07 16:08:07,DUMMY-99,-6.2146,106.8451,25.0
2026-05-07 16:08:07,SENS-JAKSEL,-6.2615,106.8106,7.0
2026-05-07 16:08:09,DUMMY-99,-6.2146,106.8451,0.0
2026-05-07 16:08:10,DUMMY-99,-6.2146,106.8451,29.0
2026-05-07 16:08:12,DUMMY-99,-6.2146,106.8451,13.0
2026-05-07 16:08:14,SENS-JAKPUS,-6.1754,106.8272,11.0
2026-05-07 16:08:14,DUMMY-99,-6.2146,106.8451,28.0
2026-05-07 16:08:16,SENS-JAKSEL,-6.2615,106.8106,13.0
2026-05-07 16:08:16,DUMMY-99,-6.2146,106.8451,96.0
2026-05-07 16:08:18,DUMMY-99,-6.2146,106.8451,26.0
2026-05-07 16:08:20,DUMMY-99,-6.2146,106.8451,0.0
2026-05-07 16:08:22,DUMMY-99,-6.2146,106.8451,29.0
2026-05-07 16:08:23,SENS-JAKPUS,-6.1754,106.8272,18.0
2026-05-07 16:08:25,DUMMY-99,-6.2146,106.8451,26.0
2026-05-07 16:08:25,SENS-JAKSEL,-6.2615,106.8106,90.0
2026-05-07 16:08:27,DUMMY-99,-6.2146,106.8451,88.0
2026-05-07 16:08:28,DUMMY-99,-6.2146,106.8451,4.0
2026-05-07 16:08:31,DUMMY-99,-6.2146,106.8451,22.0
2026-05-07 16:08:32,SENS-JAKPUS,-6.1754,106.8272,20.0
2026-05-07 16:08:32,DUMMY-99,-6.2146,106.8451,14.0
2026-05-07 16:08:34,SENS-JAKSEL,-6.2615,106.8106,14.0
2026-05-07 16:08:35,DUMMY-99,-6.2146,106.8451,70.0
2026-05-07 16:08:36,DUMMY-99,-6.2146,106.8451,29.0
2026-05-07 16:08:38,DUMMY-99,-6.2146,106.8451,13.0
2026-05-07 16:08:40,DUMMY-99,-6.2146,106.8451,17.0
2026-05-07 16:08:41,SENS-JAKPUS,-6.1754,106.8272,63.0
2026-05-07 16:08:43,DUMMY-99,-6.2146,106.8451,24.0
2026-05-07 16:08:43,SENS-JAKSEL,-6.2615,106.8106,1.0
2026-05-07 16:08:45,DUMMY-99,-6.2146,106.8451,28.0
2026-05-07 16:08:46,DUMMY-99,-6.2146,106.8451,11.0
2026-05-07 16:08:48,DUMMY-99,-6.2146,106.8451,17.0
2026-05-07 16:08:50,SENS-JAKPUS,-6.1754,106.8272,82.0
2026-05-07 16:08:51,DUMMY-99,-6.2146,106.8451,28.0
2026-05-07 16:08:52,SENS-JAKSEL,-6.2615,106.8106,1.0
2026-05-07 16:08:53,DUMMY-99,-6.2146,106.8451,3.0
2026-05-07 16:08:54,DUMMY-99,-6.2146,106.8451,2.0
2026-05-07 16:08:57,DUMMY-99,-6.2146,106.8451,26.0
2026-05-07 16:08:58,DUMMY-99,-6.2146,106.8451,13.0
2026-05-07 16:09:00,SENS-JAKPUS,-6.1754,106.8272,15.0
2026-05-07 16:09:01,DUMMY-99,-6.2146,106.8451,1.0
2026-05-07 16:09:02,SENS-JAKSEL,-6.2615,106.8106,0.0
2026-05-07 16:09:02,DUMMY-99,-6.2146,106.8451,6.0
2026-05-07 16:09:05,DUMMY-99,-6.2146,106.8451,3.0
2026-05-07 16:09:06,DUMMY-99,-6.2146,106.8451,17.0
2026-05-07 16:09:09,DUMMY-99,-6.2146,106.8451,9.0
2026-05-07 16:09:09,SENS-JAKPUS,-6.1754,106.8272,6.0
2026-05-07 16:09:10,DUMMY-99,-6.2146,106.8451,55.0
2026-05-07 16:09:11,SENS-JAKSEL,-6.2615,106.8106,20.0
2026-05-07 16:09:12,DUMMY-99,-6.2146,106.8451,21.0
2026-05-07 16:09:14,DUMMY-99,-6.2146,106.8451,14.0
2026-05-07 16:09:16,DUMMY-99,-6.2146,106.8451,1.0
2026-05-07 16:09:18,SENS-JAKPUS,-6.1754,106.8272,9.0
2026-05-07 16:09:18,DUMMY-99,-6.2146,106.8451,27.0
2026-05-07 16:09:20,SENS-JAKSEL,-6.2615,106.8106,5.0
2026-05-07 16:09:20,DUMMY-99,-6.2146,106.8451,28.0
2026-05-07 16:09:23,DUMMY-99,-6.2146,106.8451,21.0
2026-05-07 16:09:24,DUMMY-99,-6.2146,106.8451,3.0
2026-05-07 16:09:27,DUMMY-99,-6.2146,106.8451,4.0
2026-05-07 16:09:27,SENS-JAKPUS,-6.1754,106.8272,2.0
2026-05-07 16:09:28,DUMMY-99,-6.2146,106.8451,4.0
2026-05-07 16:09:29,SENS-JAKSEL,-6.2615,106.8106,13.0
2026-05-07 16:09:30,DUMMY-99,-6.2146,106.8451,9.0
2026-05-07 16:09:33,DUMMY-99,-6.2146,106.8451,58.0
2026-05-07 16:09:35,DUMMY-99,-6.2146,106.8451,18.0
2026-05-07 16:09:36,SENS-JAKPUS,-6.1754,106.8272,9.0
2026-05-07 16:09:37,DUMMY-99,-6.2146,106.8451,22.0
2026-05-07 16:09:38,SENS-JAKSEL,-6.2615,106.8106,9.0
2026-05-07 16:09:38,DUMMY-99,-6.2146,106.8451,17.0
2026-05-07 16:09:40,DUMMY-99,-6.2146,106.8451,14.0
2026-05-07 16:09:42,DUMMY-99,-6.2146,106.8451,79.0
2026-05-07 16:09:45,DUMMY-99,-6.2146,106.8451,13.0
2026-05-07 16:09:45,SENS-JAKPUS,-6.1754,106.8272,66.0
2026-05-07 16:09:46,DUMMY-99,-6.2146,106.8451,5.0
2026-05-07 16:09:47,SENS-JAKSEL,-6.2615,106.8106,0.0
2026-05-07 16:09:48,DUMMY-99,-6.2146,106.8451,24.0
2026-05-07 16:09:51,DUMMY-99,-6.2146,106.8451,1.0
2026-05-07 16:09:53,DUMMY-99,-6.2146,106.8451,2.0
2026-05-07 16:09:54,SENS-JAKPUS,-6.1754,106.8272,6.0
2026-05-07 16:09:54,DUMMY-99,-6.2146,106.8451,16.0
2026-05-07 16:09:56,SENS-JAKSEL,-6.2615,106.8106,13.0
2026-05-07 16:09:56,DUMMY-99,-6.2146,106.8451,22.0
2026-05-07 16:09:59,DUMMY-99,-6.2146,106.8451,12.0
2026-05-07 16:10:00,DUMMY-99,-6.2146,106.8451,7.0
2026-05-07 16:10:02,DUMMY-99,-6.2146,106.8451,75.0
2026-05-07 16:10:03,SENS-JAKPUS,-6.1754,106.8272,1.0
2026-05-07 16:10:04,DUMMY-99,-6.2146,106.8451,9.0
2026-05-07 16:10:05,SENS-JAKSEL,-6.2615,106.8106,18.0
2026-05-07 16:10:07,DUMMY-99,-6.2146,106.8451,9.0
2026-05-07 16:10:09,DUMMY-99,-6.2146,106.8451,7.0
2026-05-07 16:10:10,DUMMY-99,-6.2146,106.8451,28.0
2026-05-07 16:10:12,SENS-JAKPUS,-6.1754,106.8272,12.0
2026-05-07 16:10:12,DUMMY-99,-6.2146,106.8451,8.0
2026-05-07 16:10:14,SENS-JAKSEL,-6.2615,106.8106,15.0
2026-05-07 16:10:15,DUMMY-99,-6.2146,106.8451,25.0
2026-05-07 16:10:16,DUMMY-99,-6.2146,106.8451,72.0
2026-05-07 16:10:18,DUMMY-99,-6.2146,106.8451,1.0
2026-05-07 16:10:20,DUMMY-99,-6.2146,106.8451,89.0
2026-05-07 16:10:21,SENS-JAKPUS,-6.1754,106.8272,17.0
2026-05-07 16:10:22,DUMMY-99,-6.2146,106.8451,5.0
2026-05-07 16:10:23,SENS-JAKSEL,-6.2615,106.8106,11.0
2026-05-07 16:10:25,DUMMY-99,-6.2146,106.8451,13.0
2026-05-07 16:10:27,DUMMY-99,-6.2146,106.8451,0.0
2026-05-07 16:10:29,DUMMY-99,-6.2146,106.8451,14.0
2026-05-07 16:10:30,SENS-JAKPUS,-6.1754,106.8272,4.0
2026-05-07 16:10:30,DUMMY-99,-6.2146,106.8451,16.0
2026-05-07 16:10:32,SENS-JAKSEL,-6.2615,106.8106,0.0
2026-05-07 16:10:33,DUMMY-99,-6.2146,106.8451,57.0
2026-05-07 16:10:34,DUMMY-99,-6.2146,106.8451,23.0
2026-05-07 16:10:37,DUMMY-99,-6.2146,106.8451,1.0
2026-05-07 16:10:38,DUMMY-99,-6.2146,106.8451,2.0
2026-05-07 16:10:39,SENS-JAKPUS,-6.1754,106.8272,5.0
2026-05-07 16:10:41,DUMMY-99,-6.2146,106.8451,13.0
2026-05-07 16:10:41,SENS-JAKSEL,-6.2615,106.8106,70.0
2026-05-07 16:10:43,DUMMY-99,-6.2146,106.8451,19.0
2026-05-07 16:10:44,DUMMY-99,-6.2146,106.8451,27.0
2026-05-07 16:10:46,DUMMY-99,-6.2146,106.8451,1.0
2026-05-07 16:10:48,DUMMY-99,-6.2146,106.8451,12.0
2026-05-07 16:10:48,SENS-JAKPUS,-6.1754,106.8272,9.0
2026-05-07 16:10:50,DUMMY-99,-6.2146,106.8451,6.0
2026-05-07 16:10:51,SENS-JAKSEL,-6.2615,106.8106,0.0
2026-05-07 16:10:53,DUMMY-99,-6.2146,106.8451,91.0
2026-05-07 16:10:54,DUMMY-99,-6.2146,106.8451,15.0
2026-05-07 16:10:56,DUMMY-99,-6.2146,106.8451,11.0
2026-05-07 16:10:58,SENS-JAKPUS,-6.1754,106.8272,5.0
2026-05-07 16:10:58,DUMMY-99,-6.2146,106.8451,8.0
2026-05-07 16:11:00,SENS-JAKSEL,-6.2615,106.8106,5.0
2026-05-07 16:11:01,DUMMY-99,-6.2146,106.8451,18.0
2026-05-07 16:11:03,DUMMY-99,-6.2146,106.8451,29.0
2026-05-07 16:11:05,DUMMY-99,-6.2146,106.8451,5.0
2026-05-07 16:11:07,DUMMY-99,-6.2146,106.8451,26.0
2026-05-07 16:11:07,SENS-JAKPUS,-6.1754,106.8272,7.0
2026-05-07 16:11:08,DUMMY-99,-6.2146,106.8451,21.0
2026-05-07 16:11:09,SENS-JAKSEL,-6.2615,106.8106,12.0
2026-05-07 16:11:10,DUMMY-99,-6.2146,106.8451,0.0
2026-05-07 16:11:12,DUMMY-99,-6.2146,106.8451,1.0
2026-05-07 16:11:14,DUMMY-99,-6.2146,106.8451,14.0
2026-05-07 16:11:16,SENS-JAKPUS,-6.1754,106.8272,12.0
2026-05-07 16:11:16,DUMMY-99,-6.2146,106.8451,16.0
2026-05-07 16:11:18,SENS-JAKSEL,-6.2615,106.8106,16.0
2026-05-07 16:11:19,DUMMY-99,-6.2146,106.8451,1.0
2026-05-07 16:11:20,DUMMY-99,-6.2146,106.8451,6.0
2026-05-07 16:11:22,DUMMY-99,-6.2146,106.8451,22.0
2026-05-07 16:11:24,DUMMY-99,-6.2146,106.8451,5.0
2026-05-07 16:11:25,SENS-JAKPUS,-6.1754,106.8272,20.0
2026-05-07 16:11:26,DUMMY-99,-6.2146,106.8451,3.0
2026-05-07 16:11:27,SENS-JAKSEL,-6.2615,106.8106,15.0
2026-05-07 16:11:28,DUMMY-99,-6.2146,106.8451,23.0
2026-05-07 16:11:30,DUMMY-99,-6.2146,106.8451,15.0
2026-05-07 16:11:32,DUMMY-99,-6.2146,106.8451,14.0
2026-05-07 16:11:34,SENS-JAKPUS,-6.1754,106.8272,12.0
2026-05-07 16:11:35,DUMMY-99,-6.2146,106.8451,9.0
2026-05-07 16:11:36,SENS-JAKSEL,-6.2615,106.8106,19.0
2026-05-07 16:11:36,DUMMY-99,-6.2146,106.8451,5.0
2026-05-07 16:11:38,DUMMY-99,-6.2146,106.8451,0.0
2026-05-07 16:11:41,DUMMY-99,-6.2146,106.8451,2.0
2026-05-07 16:11:43,DUMMY-99,-6.2146,106.8451,69.0
2026-05-07 16:11:43,SENS-JAKPUS,-6.1754,106.8272,0.0
2026-05-07 16:11:44,DUMMY-99,-6.2146,106.8451,27.0
2026-05-07 16:11:45,SENS-JAKSEL,-6.2615,106.8106,93.0
2026-05-07 16:11:46,DUMMY-99,-6.2146,106.8451,20.0
2026-05-07 16:11:48,DUMMY-99,-6.2146,106.8451,26.0
2026-05-07 16:11:50,DUMMY-99,-6.2146,106.8451,13.0
2026-05-07 16:11:52,SENS-JAKPUS,-6.1754,106.8272,2.0
2026-05-07 16:11:53,DUMMY-99,-6.2146,106.8451,77.0
2026-05-07 16:11:54,SENS-JAKSEL,-6.2615,106.8106,7.0
2026-05-07 16:11:54,DUMMY-99,-6.2146,106.8451,25.0
2026-05-07 16:11:56,DUMMY-99,-6.2146,106.8451,16.0
2026-05-07 16:12:00,DUMMY-99,-6.2146,106.8451,23.0
2026-05-07 16:12:01,SENS-JAKPUS,-6.1754,106.8272,9.0
2026-05-07 16:12:02,DUMMY-99,-6.2146,106.8451,1.0
2026-05-07 16:12:03,SENS-JAKSEL,-6.2615,106.8106,9.0
2026-05-07 16:12:05,DUMMY-99,-6.2146,106.8451,29.0
2026-05-07 16:12:07,DUMMY-99,-6.2146,106.8451,22.0
2026-05-07 16:12:08,DUMMY-99,-6.2146,106.8451,21.0
2026-05-07 16:12:10,SENS-JAKPUS,-6.1754,106.8272,16.0
2026-05-07 16:12:10,DUMMY-99,-6.2146,106.8451,75.0
2026-05-07 16:12:12,SENS-JAKSEL,-6.2615,106.8106,12.0
2026-05-07 16:12:12,DUMMY-99,-6.2146,106.8451,3.0
2026-05-07 16:12:15,DUMMY-99,-6.2146,106.8451,29.0
2026-05-07 16:12:16,DUMMY-99,-6.2146,106.8451,8.0
2026-05-07 16:12:19,DUMMY-99,-6.2146,106.8451,7.0
2026-05-07 16:12:19,SENS-JAKPUS,-6.1754,106.8272,18.0
2026-05-07 16:12:20,DUMMY-99,-6.2146,106.8451,57.0
2026-05-07 16:12:21,SENS-JAKSEL,-6.2615,106.8106,99.0
2026-05-07 16:12:22,DUMMY-99,-6.2146,106.8451,6.0
2026-05-07 16:12:24,DUMMY-99,-6.2146,106.8451,16.0
2026-05-07 16:12:27,DUMMY-99,-6.2146,106.8451,15.0
2026-05-07 16:12:28,SENS-JAKPUS,-6.1754,106.8272,2.0
2026-05-07 16:12:28,DUMMY-99,-6.2146,106.8451,23.0
2026-05-07 16:12:30,SENS-JAKSEL,-6.2615,106.8106,2.0
2026-05-07 16:12:30,DUMMY-99,-6.2146,106.8451,3.0
2026-05-07 16:12:33,DUMMY-99,-6.2146,106.8451,19.0
2026-05-07 16:12:34,DUMMY-99,-6.2146,106.8451,1.0
2026-05-07 16:12:36,DUMMY-99,-6.2146,106.8451,8.0
2026-05-07 16:12:37,SENS-JAKPUS,-6.1754,106.8272,14.0
2026-05-07 16:12:38,DUMMY-99,-6.2146,106.8451,19.0
2026-05-07 16:12:40,SENS-JAKSEL,-6.2615,106.8106,0.0
2026-05-07 16:12:40,DUMMY-99,-6.2146,106.8451,9.0
2026-05-07 16:12:43,DUMMY-99,-6.2146,106.8451,29.0
2026-05-07 16:12:45,DUMMY-99,-6.2146,106.8451,29.0
2026-05-07 16:12:47,DUMMY-99,-6.2146,106.8451,28.0
2026-05-07 16:12:47,SENS-JAKPUS,-6.1754,106.8272,17.0
2026-05-07 16:12:49,DUMMY-99,-6.2146,106.8451,25.0
2026-05-07 16:12:49,SENS-JAKSEL,-6.2615,106.8106,20.0
2026-05-07 16:12:50,DUMMY-99,-6.2146,106.8451,14.0
2026-05-07 16:12:53,DUMMY-99,-6.2146,106.8451,19.0
2026-05-07 16:12:54,DUMMY-99,-6.2146,106.8451,12.0
2026-05-07 16:12:56,SENS-JAKPUS,-6.1754,106.8272,1.0
2026-05-07 16:12:57,DUMMY-99,-6.2146,106.8451,24.0
2026-05-07 16:12:58,SENS-JAKSEL,-6.2615,106.8106,20.0
2026-05-07 16:12:59,DUMMY-99,-6.2146,106.8451,14.0
2026-05-07 16:13:01,DUMMY-99,-6.2146,106.8451,15.0
2026-05-07 16:13:02,DUMMY-99,-6.2146,106.8451,14.0
2026-05-07 16:13:05,DUMMY-99,-6.2146,106.8451,26.0
2026-05-07 16:13:05,SENS-JAKPUS,-6.1754,106.8272,11.0
2026-05-07 16:13:07,SENS-JAKSEL,-6.2615,106.8106,16.0
2026-05-07 16:13:08,DUMMY-99,-6.2146,106.8451,57.0
2026-05-07 16:13:10,DUMMY-99,-6.2146,106.8451,28.0
2026-05-07 16:13:13,DUMMY-99,-6.2146,106.8451,25.0
2026-05-07 16:13:14,SENS-JAKPUS,-6.1754,106.8272,10.0
2026-05-07 16:13:14,DUMMY-99,-6.2146,106.8451,9.0
2026-05-07 16:13:16,SENS-JAKSEL,-6.2615,106.8106,13.0
2026-05-07 16:13:16,DUMMY-99,-6.2146,106.8451,25.0
2026-05-07 16:13:19,DUMMY-99,-6.2146,106.8451,6.0
2026-05-07 16:13:20,DUMMY-99,-6.2146,106.8451,77.0
2026-05-07 16:13:22,DUMMY-99,-6.2146,106.8451,14.0
2026-05-07 16:13:23,SENS-JAKPUS,-6.1754,106.8272,9.0
2026-05-07 16:13:24,DUMMY-99,-6.2146,106.8451,2.0
2026-05-07 16:13:25,SENS-JAKSEL,-6.2615,106.8106,19.0
2026-05-07 16:13:27,DUMMY-99,-6.2146,106.8451,2.0
2026-05-07 16:13:28,DUMMY-99,-6.2146,106.8451,23.0
2026-05-07 16:13:31,DUMMY-99,-6.2146,106.8451,29.0
2026-05-07 16:13:32,SENS-JAKPUS,-6.1754,106.8272,3.0
2026-05-07 16:13:33,DUMMY-99,-6.2146,106.8451,21.0
2026-05-07 16:13:34,SENS-JAKSEL,-6.2615,106.8106,5.0
2026-05-07 16:13:35,DUMMY-99,-6.2146,106.8451,28.0
2026-05-07 16:13:36,DUMMY-99,-6.2146,106.8451,28.0
2026-05-07 16:13:39,DUMMY-99,-6.2146,106.8451,6.0
2026-05-07 16:13:41,DUMMY-99,-6.2146,106.8451,23.0
2026-05-07 16:13:41,SENS-JAKPUS,-6.1754,106.8272,11.0
2026-05-07 16:13:42,DUMMY-99,-6.2146,106.8451,0.0
2026-05-07 16:13:43,SENS-JAKSEL,-6.2615,106.8106,18.0
2026-05-07 16:13:45,DUMMY-99,-6.2146,106.8451,21.0
2026-05-07 16:13:47,DUMMY-99,-6.2146,106.8451,6.0
2026-05-07 16:13:48,DUMMY-99,-6.2146,106.8451,14.0
2026-05-07 16:13:50,SENS-JAKPUS,-6.1754,106.8272,17.0
2026-05-07 16:13:50,DUMMY-99,-6.2146,106.8451,3.0
2026-05-07 16:13:52,SENS-JAKSEL,-6.2615,106.8106,75.0
2026-05-07 16:13:53,DUMMY-99,-6.2146,106.8451,15.0
2026-05-07 16:13:54,DUMMY-99,-6.2146,106.8451,11.0
2026-05-07 16:13:56,DUMMY-99,-6.2146,106.8451,0.0
2026-05-07 16:13:59,DUMMY-99,-6.2146,106.8451,2.0
2026-05-07 16:13:59,SENS-JAKPUS,-6.1754,106.8272,14.0
2026-05-07 16:14:00,DUMMY-99,-6.2146,106.8451,11.0
2026-05-07 16:14:01,SENS-JAKSEL,-6.2615,106.8106,14.0
2026-05-07 16:14:02,DUMMY-99,-6.2146,106.8451,7.0
2026-05-07 16:14:05,DUMMY-99,-6.2146,106.8451,3.0
2026-05-07 16:14:07,DUMMY-99,-6.2146,106.8451,28.0
2026-05-07 16:14:08,SENS-JAKPUS,-6.1754,106.8272,7.0
2026-05-07 16:14:09,DUMMY-99,-6.2146,106.8451,4.0
2026-05-07 16:14:10,SENS-JAKSEL,-6.2615,106.8106,8.0
2026-05-07 16:14:10,DUMMY-99,-6.2146,106.8451,25.0
2026-05-07 16:14:13,DUMMY-99,-6.2146,106.8451,7.0
2026-05-07 16:14:14,DUMMY-99,-6.2146,106.8451,1.0
2026-05-07 16:14:16,DUMMY-99,-6.2146,106.8451,21.0
2026-05-07 16:14:17,SENS-JAKPUS,-6.1754,106.8272,11.0
2026-05-07 16:14:19,DUMMY-99,-6.2146,106.8451,19.0
2026-05-07 16:14:19,SENS-JAKSEL,-6.2615,106.8106,14.0
2026-05-07 16:14:20,DUMMY-99,-6.2146,106.8451,12.0
2026-05-07 16:14:23,DUMMY-99,-6.2146,106.8451,81.0
2026-05-07 16:14:25,DUMMY-99,-6.2146,106.8451,3.0
2026-05-07 16:14:26,SENS-JAKPUS,-6.1754,106.8272,3.0
2026-05-07 16:14:26,DUMMY-99,-6.2146,106.8451,5.0
2026-05-07 16:14:28,SENS-JAKSEL,-6.2615,106.8106,16.0
2026-05-07 16:14:28,DUMMY-99,-6.2146,106.8451,80.0
2026-05-07 16:14:30,DUMMY-99,-6.2146,106.8451,12.0
2026-05-07 16:14:33,DUMMY-99,-6.2146,106.8451,23.0
2026-05-07 16:14:34,DUMMY-99,-6.2146,106.8451,21.0
2026-05-07 16:14:35,SENS-JAKPUS,-6.1754,106.8272,12.0
2026-05-07 16:14:36,DUMMY-99,-6.2146,106.8451,12.0
2026-05-07 16:14:38,SENS-JAKSEL,-6.2615,106.8106,16.0
2026-05-07 16:14:38,DUMMY-99,-6.2146,106.8451,25.0
2026-05-07 16:14:41,DUMMY-99,-6.2146,106.8451,70.0
2026-05-07 16:14:42,DUMMY-99,-6.2146,106.8451,28.0
2026-05-07 16:14:44,DUMMY-99,-6.2146,106.8451,18.0
2026-05-07 16:14:45,SENS-JAKPUS,-6.1754,106.8272,15.0
2026-05-07 16:14:47,DUMMY-99,-6.2146,106.8451,6.0
2026-05-07 16:14:47,SENS-JAKSEL,-6.2615,106.8106,4.0
2026-05-07 16:14:49,DUMMY-99,-6.2146,106.8451,5.0
2026-05-07 16:14:51,DUMMY-99,-6.2146,106.8451,29.0
2026-05-07 16:14:53,DUMMY-99,-6.2146,106.8451,16.0
2026-05-07 16:14:54,SENS-JAKPUS,-6.1754,106.8272,16.0
2026-05-07 16:14:55,DUMMY-99,-6.2146,106.8451,12.0
2026-05-07 16:14:56,SENS-JAKSEL,-6.2615,106.8106,12.0
2026-05-07 16:14:57,DUMMY-99,-6.2146,106.8451,25.0
2026-05-07 16:14:58,DUMMY-99,-6.2146,106.8451,81.0
2026-05-07 16:15:00,DUMMY-99,-6.2146,106.8451,6.0
2026-05-07 16:15:02,DUMMY-99,-6.2146,106.8451,2.0
2026-05-07 16:15:03,SENS-JAKPUS,-6.1754,106.8272,20.0
2026-05-07 16:15:04,DUMMY-99,-6.2146,106.8451,22.0
2026-05-07 16:15:05,SENS-JAKSEL,-6.2615,106.8106,14.0
2026-05-07 16:15:06,DUMMY-99,-6.2146,106.8451,10.0
2026-05-07 16:15:09,DUMMY-99,-6.2146,106.8451,2.0
2026-05-07 16:15:10,DUMMY-99,-6.2146,106.8451,6.0
2026-05-07 16:15:12,SENS-JAKPUS,-6.1754,106.8272,20.0
2026-05-07 16:15:12,DUMMY-99,-6.2146,106.8451,19.0
2026-05-07 16:15:14,SENS-JAKSEL,-6.2615,106.8106,1.0
2026-05-07 16:15:14,DUMMY-99,-6.2146,106.8451,72.0
2026-05-07 16:15:17,DUMMY-99,-6.2146,106.8451,3.0
2026-05-07 16:15:18,DUMMY-99,-6.2146,106.8451,22.0
2026-05-07 16:15:20,DUMMY-99,-6.2146,106.8451,4.0
2026-05-07 16:15:21,SENS-JAKPUS,-6.1754,106.8272,4.0
2026-05-07 16:15:22,DUMMY-99,-6.2146,106.8451,11.0
2026-05-07 16:15:23,SENS-JAKSEL,-6.2615,106.8106,7.0
2026-05-07 16:15:25,DUMMY-99,-6.2146,106.8451,18.0
2026-05-07 16:15:27,DUMMY-99,-6.2146,106.8451,24.0
2026-05-07 16:15:28,DUMMY-99,-6.2146,106.8451,85.0
2026-05-07 16:15:30,SENS-JAKPUS,-6.1754,106.8272,5.0
2026-05-07 16:15:30,DUMMY-99,-6.2146,106.8451,13.0
2026-05-07 16:15:32,SENS-JAKSEL,-6.2615,106.8106,97.0
2026-05-07 16:15:32,DUMMY-99,-6.2146,106.8451,73.0
2026-05-07 16:15:34,DUMMY-99,-6.2146,106.8451,5.0
2026-05-07 16:15:36,DUMMY-99,-6.2146,106.8451,2.0
2026-05-07 16:15:39,DUMMY-99,-6.2146,106.8451,69.0
2026-05-07 16:15:39,SENS-JAKPUS,-6.1754,106.8272,19.0
2026-05-07 16:15:41,DUMMY-99,-6.2146,106.8451,9.0
2026-05-07 16:15:41,SENS-JAKSEL,-6.2615,106.8106,10.0
2026-05-07 16:15:42,DUMMY-99,-6.2146,106.8451,3.0
2026-05-07 16:15:44,DUMMY-99,-6.2146,106.8451,11.0
2026-05-07 16:15:47,DUMMY-99,-6.2146,106.8451,71.0
2026-05-07 16:15:48,SENS-JAKPUS,-6.1754,106.8272,0.0
2026-05-07 16:15:49,DUMMY-99,-6.2146,106.8451,19.0
2026-05-07 16:15:50,SENS-JAKSEL,-6.2615,106.8106,4.0
2026-05-07 16:15:51,DUMMY-99,-6.2146,106.8451,9.0
2026-05-07 16:15:52,DUMMY-99,-6.2146,106.8451,19.0
2026-05-07 16:15:55,DUMMY-99,-6.2146,106.8451,16.0
2026-05-07 16:15:57,DUMMY-99,-6.2146,106.8451,16.0
2026-05-07 16:15:57,SENS-JAKPUS,-6.1754,106.8272,11.0
2026-05-07 16:15:58,DUMMY-99,-6.2146,106.8451,25.0
2026-05-07 16:15:59,SENS-JAKSEL,-6.2615,106.8106,13.0
2026-05-07 16:16:01,DUMMY-99,-6.2146,106.8451,19.0
2026-05-07 16:16:02,DUMMY-99,-6.2146,106.8451,15.0
2026-05-07 16:16:04,DUMMY-99,-6.2146,106.8451,67.0
2026-05-07 16:16:06,SENS-JAKPUS,-6.1754,106.8272,12.0
2026-05-07 16:16:06,DUMMY-99,-6.2146,106.8451,24.0
2026-05-07 16:16:08,SENS-JAKSEL,-6.2615,106.8106,2.0
2026-05-07 16:16:08,DUMMY-99,-6.2146,106.8451,1.0
2026-05-07 16:16:10,DUMMY-99,-6.2146,106.8451,25.0
2026-05-07 16:16:12,DUMMY-99,-6.2146,106.8451,2.0
2026-05-07 16:16:15,DUMMY-99,-6.2146,106.8451,0.0
2026-05-07 16:16:15,SENS-JAKPUS,-6.1754,106.8272,1.0
2026-05-07 16:16:17,DUMMY-99,-6.2146,106.8451,3.0
2026-05-07 16:16:17,SENS-JAKSEL,-6.2615,106.8106,5.0
2026-05-07 16:16:18,DUMMY-99,-6.2146,106.8451,10.0
2026-05-07 16:16:20,DUMMY-99,-6.2146,106.8451,16.0
2026-05-07 16:16:23,DUMMY-99,-6.2146,106.8451,9.0
2026-05-07 16:16:24,SENS-JAKPUS,-6.1754,106.8272,11.0
2026-05-07 16:16:24,DUMMY-99,-6.2146,106.8451,28.0
2026-05-07 16:16:26,SENS-JAKSEL,-6.2615,106.8106,3.0
2026-05-07 16:16:27,DUMMY-99,-6.2146,106.8451,10.0
2026-05-07 16:16:29,DUMMY-99,-6.2146,106.8451,92.0
2026-05-07 16:16:31,DUMMY-99,-6.2146,106.8451,11.0
2026-05-07 16:16:32,DUMMY-99,-6.2146,106.8451,74.0
2026-05-07 16:16:33,SENS-JAKPUS,-6.1754,106.8272,8.0
2026-05-07 16:16:35,DUMMY-99,-6.2146,106.8451,19.0
2026-05-07 16:16:35,SENS-JAKSEL,-6.2615,106.8106,6.0
2026-05-07 16:16:36,DUMMY-99,-6.2146,106.8451,20.0
2026-05-07 16:16:38,DUMMY-99,-6.2146,106.8451,29.0
2026-05-07 16:16:41,DUMMY-99,-6.2146,106.8451,16.0
2026-05-07 16:16:43,SENS-JAKPUS,-6.1754,106.8272,18.0
2026-05-07 16:16:43,DUMMY-99,-6.2146,106.8451,26.0
2026-05-07 16:16:44,DUMMY-99,-6.2146,106.8451,7.0
2026-05-07 16:16:45,SENS-JAKSEL,-6.2615,106.8106,13.0
2026-05-07 16:16:47,DUMMY-99,-6.2146,106.8451,11.0
2026-05-07 16:16:48,DUMMY-99,-6.2146,106.8451,15.0
2026-05-07 16:16:51,DUMMY-99,-6.2146,106.8451,18.0
2026-05-07 16:16:52,SENS-JAKPUS,-6.1754,106.8272,12.0
2026-05-07 16:16:52,DUMMY-99,-6.2146,106.8451,17.0
2026-05-07 16:16:54,SENS-JAKSEL,-6.2615,106.8106,8.0
2026-05-07 16:16:54,DUMMY-99,-6.2146,106.8451,12.0
2026-05-07 16:16:56,DUMMY-99,-6.2146,106.8451,14.0
2026-05-07 16:16:58,DUMMY-99,-6.2146,106.8451,25.0
2026-05-07 16:17:01,SENS-JAKPUS,-6.1754,106.8272,18.0
2026-05-07 16:17:01,DUMMY-99,-6.2146,106.8451,29.0
2026-05-07 16:17:03,DUMMY-99,-6.2146,106.8451,9.0
2026-05-07 16:17:03,SENS-JAKSEL,-6.2615,106.8106,70.0
2026-05-07 16:17:04,DUMMY-99,-6.2146,106.8451,23.0
2026-05-07 16:17:07,DUMMY-99,-6.2146,106.8451,20.0
2026-05-07 16:17:09,DUMMY-99,-6.2146,106.8451,21.0
2026-05-07 16:17:10,SENS-JAKPUS,-6.1754,106.8272,11.0
2026-05-07 16:17:10,DUMMY-99,-6.2146,106.8451,27.0
2026-05-07 16:17:12,SENS-JAKSEL,-6.2615,106.8106,10.0
2026-05-07 16:17:12,DUMMY-99,-6.2146,106.8451,16.0
2026-05-07 16:17:14,DUMMY-99,-6.2146,106.8451,18.0
2026-05-07 16:17:17,DUMMY-99,-6.2146,106.8451,10.0
2026-05-07 16:17:18,DUMMY-99,-6.2146,106.8451,19.0
2026-05-07 16:17:19,SENS-JAKPUS,-6.1754,106.8272,8.0
2026-05-07 16:17:20,DUMMY-99,-6.2146,106.8451,4.0
2026-05-07 16:17:21,SENS-JAKSEL,-6.2615,106.8106,10.0
2026-05-07 16:17:23,DUMMY-99,-6.2146,106.8451,25.0
2026-05-07 16:17:24,DUMMY-99,-6.2146,106.8451,3.0
2026-05-07 16:17:26,DUMMY-99,-6.2146,106.8451,91.0
2026-05-07 16:17:28,SENS-JAKPUS,-6.1754,106.8272,6.0
2026-05-07 16:17:29,DUMMY-99,-6.2146,106.8451,11.0
2026-05-07 16:17:30,SENS-JAKSEL,-6.2615,106.8106,71.0
2026-05-07 16:17:30,DUMMY-99,-6.2146,106.8451,5.0
2026-05-07 16:17:32,DUMMY-99,-6.2146,106.8451,6.0
2026-05-07 16:17:35,DUMMY-99,-6.2146,106.8451,27.0
2026-05-07 16:17:36,DUMMY-99,-6.2146,106.8451,24.0
2026-05-07 16:17:37,SENS-JAKPUS,-6.1754,106.8272,15.0
2026-05-07 16:17:38,DUMMY-99,-6.2146,106.8451,15.0
2026-05-07 16:17:39,SENS-JAKSEL,-6.2615,106.8106,0.0
2026-05-07 16:17:40,DUMMY-99,-6.2146,106.8451,11.0
2026-05-07 16:17:43,DUMMY-99,-6.2146,106.8451,15.0
2026-05-07 16:17:44,DUMMY-99,-6.2146,106.8451,25.0
2026-05-07 16:17:46,SENS-JAKPUS,-6.1754,106.8272,8.0
2026-05-07 16:17:47,DUMMY-99,-6.2146,106.8451,13.0
2026-05-07 16:17:48,SENS-JAKSEL,-6.2615,106.8106,6.0
2026-05-07 16:17:49,DUMMY-99,-6.2146,106.8451,23.0
2026-05-07 16:17:50,DUMMY-99,-6.2146,106.8451,2.0
2026-05-07 16:17:52,DUMMY-99,-6.2146,106.8451,9.0
2026-05-07 16:17:54,DUMMY-99,-6.2146,106.8451,0.0
2026-05-07 16:17:55,SENS-JAKPUS,-6.1754,106.8272,13.0
2026-05-07 16:17:56,DUMMY-99,-6.2146,106.8451,17.0
2026-05-07 16:17:57,SENS-JAKSEL,-6.2615,106.8106,16.0
2026-05-07 16:17:59,DUMMY-99,-6.2146,106.8451,16.0
2026-05-07 16:18:01,DUMMY-99,-6.2146,106.8451,24.0
2026-05-07 16:18:03,DUMMY-99,-6.2146,106.8451,8.0
2026-05-07 16:18:04,SENS-JAKPUS,-6.1754,106.8272,13.0
2026-05-07 16:18:05,DUMMY-99,-6.2146,106.8451,29.0
2026-05-07 16:18:06,SENS-JAKSEL,-6.2615,106.8106,2.0
2026-05-07 16:18:07,DUMMY-99,-6.2146,106.8451,20.0
2026-05-07 16:18:09,DUMMY-99,-6.2146,106.8451,99.0
2026-05-07 16:18:10,DUMMY-99,-6.2146,106.8451,17.0
2026-05-07 16:18:12,DUMMY-99,-6.2146,106.8451,9.0
2026-05-07 16:18:13,SENS-JAKPUS,-6.1754,106.8272,1.0
2026-05-07 16:18:15,DUMMY-99,-6.2146,106.8451,23.0
2026-05-07 16:18:15,SENS-JAKSEL,-6.2615,106.8106,5.0
2026-05-07 16:18:16,DUMMY-99,-6.2146,106.8451,4.0
2026-05-07 16:18:18,DUMMY-99,-6.2146,106.8451,27.0
2026-05-07 16:18:20,DUMMY-99,-6.2146,106.8451,1.0
2026-05-07 16:18:22,SENS-JAKPUS,-6.1754,106.8272,14.0
2026-05-07 16:18:23,DUMMY-99,-6.2146,106.8451,6.0
2026-05-07 16:18:24,SENS-JAKSEL,-6.2615,106.8106,15.0
2026-05-07 16:18:25,DUMMY-99,-6.2146,106.8451,26.0
2026-05-07 16:18:26,DUMMY-99,-6.2146,106.8451,21.0
2026-05-07 16:18:29,DUMMY-99,-6.2146,106.8451,9.0
2026-05-07 16:18:31,DUMMY-99,-6.2146,106.8451,28.0
2026-05-07 16:18:31,SENS-JAKPUS,-6.1754,106.8272,1.0
2026-05-07 16:18:32,DUMMY-99,-6.2146,106.8451,18.0
2026-05-07 16:18:33,SENS-JAKSEL,-6.2615,106.8106,1.0
2026-05-07 16:18:35,DUMMY-99,-6.2146,106.8451,24.0
2026-05-07 16:18:36,DUMMY-99,-6.2146,106.8451,27.0
2026-05-07 16:18:39,DUMMY-99,-6.2146,106.8451,27.0
2026-05-07 16:18:40,SENS-JAKPUS,-6.1754,106.8272,2.0
2026-05-07 16:18:40,DUMMY-99,-6.2146,106.8451,10.0
2026-05-07 16:18:42,SENS-JAKSEL,-6.2615,106.8106,11.0
2026-05-07 16:18:42,DUMMY-99,-6.2146,106.8451,79.0
2026-05-07 16:18:44,DUMMY-99,-6.2146,106.8451,58.0
2026-05-07 16:18:47,DUMMY-99,-6.2146,106.8451,3.0
2026-05-07 16:18:49,DUMMY-99,-6.2146,106.8451,12.0
2026-05-07 16:18:49,SENS-JAKPUS,-6.1754,106.8272,14.0
2026-05-07 16:18:50,DUMMY-99,-6.2146,106.8451,66.0
2026-05-07 16:18:52,SENS-JAKSEL,-6.2615,106.8106,20.0
2026-05-07 16:18:52,DUMMY-99,-6.2146,106.8451,28.0
2026-05-07 16:18:55,DUMMY-99,-6.2146,106.8451,14.0
2026-05-07 16:18:57,DUMMY-99,-6.2146,106.8451,18.0
2026-05-07 16:18:59,SENS-JAKPUS,-6.1754,106.8272,19.0
2026-05-07 16:18:59,DUMMY-99,-6.2146,106.8451,26.0
2026-05-07 16:19:00,DUMMY-99,-6.2146,106.8451,15.0
2026-05-07 16:19:01,SENS-JAKSEL,-6.2615,106.8106,17.0
2026-05-07 16:19:03,DUMMY-99,-6.2146,106.8451,11.0
2026-05-07 16:19:04,DUMMY-99,-6.2146,106.8451,13.0
2026-05-07 16:19:07,DUMMY-99,-6.2146,106.8451,95.0
2026-05-07 16:19:08,SENS-JAKPUS,-6.1754,106.8272,1.0
2026-05-07 16:19:08,DUMMY-99,-6.2146,106.8451,5.0
2026-05-07 16:19:10,SENS-JAKSEL,-6.2615,106.8106,11.0
2026-05-07 16:19:10,DUMMY-99,-6.2146,106.8451,29.0
2026-05-07 16:19:13,DUMMY-99,-6.2146,106.8451,25.0
2026-05-07 16:19:15,DUMMY-99,-6.2146,106.8451,18.0
2026-05-07 16:19:16,DUMMY-99,-6.2146,106.8451,24.0
2026-05-07 16:19:17,SENS-JAKPUS,-6.1754,106.8272,86.0
2026-05-07 16:19:18,DUMMY-99,-6.2146,106.8451,13.0
2026-05-07 16:19:19,SENS-JAKSEL,-6.2615,106.8106,71.0
2026-05-07 16:19:21,DUMMY-99,-6.2146,106.8451,84.0
2026-05-07 16:19:22,DUMMY-99,-6.2146,106.8451,5.0
2026-05-07 16:19:24,DUMMY-99,-6.2146,106.8451,24.0
2026-05-07 16:19:26,SENS-JAKPUS,-6.1754,106.8272,9.0
2026-05-07 16:19:26,DUMMY-99,-6.2146,106.8451,3.0
2026-05-07 16:19:28,SENS-JAKSEL,-6.2615,106.8106,82.0
2026-05-07 16:19:28,DUMMY-99,-6.2146,106.8451,66.0
2026-05-07 16:19:30,DUMMY-99,-6.2146,106.8451,21.0
2026-05-07 16:19:32,DUMMY-99,-6.2146,106.8451,11.0
2026-05-07 16:19:35,DUMMY-99,-6.2146,106.8451,20.0
2026-05-07 16:19:35,SENS-JAKPUS,-6.1754,106.8272,4.0
2026-05-07 16:19:37,DUMMY-99,-6.2146,106.8451,2.0
2026-05-07 16:19:37,SENS-JAKSEL,-6.2615,106.8106,5.0
2026-05-07 16:19:39,DUMMY-99,-6.2146,106.8451,97.0
2026-05-07 16:19:40,DUMMY-99,-6.2146,106.8451,12.0
2026-05-07 16:19:43,DUMMY-99,-6.2146,106.8451,28.0
2026-05-07 16:19:44,SENS-JAKPUS,-6.1754,106.8272,16.0
2026-05-07 16:19:45,DUMMY-99,-6.2146,106.8451,66.0
2026-05-07 16:19:46,SENS-JAKSEL,-6.2615,106.8106,15.0
2026-05-07 16:19:46,DUMMY-99,-6.2146,106.8451,11.0
2026-05-07 16:19:48,DUMMY-99,-6.2146,106.8451,24.0
2026-05-07 16:19:51,DUMMY-99,-6.2146,106.8451,1.0
2026-05-07 16:19:52,DUMMY-99,-6.2146,106.8451,2.0
2026-05-07 16:19:53,SENS-JAKPUS,-6.1754,106.8272,18.0
2026-05-07 16:19:55,DUMMY-99,-6.2146,106.8451,14.0
2026-05-07 16:19:55,SENS-JAKSEL,-6.2615,106.8106,20.0
2026-05-07 16:19:56,DUMMY-99,-6.2146,106.8451,21.0
2026-05-07 16:19:59,DUMMY-99,-6.2146,106.8451,0.0
2026-05-07 16:20:00,DUMMY-99,-6.2146,106.8451,14.0
2026-05-07 16:20:02,SENS-JAKPUS,-6.1754,106.8272,12.0
2026-05-07 16:20:02,DUMMY-99,-6.2146,106.8451,10.0
2026-05-07 16:20:04,SENS-JAKSEL,-6.2615,106.8106,7.0
2026-05-07 16:20:04,DUMMY-99,-6.2146,106.8451,19.0
2026-05-07 16:20:06,DUMMY-99,-6.2146,106.8451,69.0
2026-05-07 16:20:08,DUMMY-99,-6.2146,106.8451,5.0
2026-05-07 16:20:10,DUMMY-99,-6.2146,106.8451,12.0
2026-05-07 16:20:11,SENS-JAKPUS,-6.1754,106.8272,6.0
2026-05-07 16:20:13,DUMMY-99,-6.2146,106.8451,26.0
2026-05-07 16:20:13,SENS-JAKSEL,-6.2615,106.8106,6.0
2026-05-07 16:20:14,DUMMY-99,-6.2146,106.8451,6.0
2026-05-07 16:20:17,DUMMY-99,-6.2146,106.8451,0.0
2026-05-07 16:20:18,DUMMY-99,-6.2146,106.8451,0.0
2026-05-07 16:20:20,SENS-JAKPUS,-6.1754,106.8272,2.0
2026-05-07 16:20:21,DUMMY-99,-6.2146,106.8451,63.0
2026-05-07 16:20:22,SENS-JAKSEL,-6.2615,106.8106,17.0
2026-05-07 16:20:23,DUMMY-99,-6.2146,106.8451,2.0
2026-05-07 16:20:25,DUMMY-99,-6.2146,106.8451,5.0
2026-05-07 16:20:26,DUMMY-99,-6.2146,106.8451,14.0
2026-05-07 16:20:28,DUMMY-99,-6.2146,106.8451,19.0
2026-05-07 16:20:29,SENS-JAKPUS,-6.1754,106.8272,18.0
2026-05-07 16:20:31,DUMMY-99,-6.2146,106.8451,21.0
2026-05-07 16:20:31,SENS-JAKSEL,-6.2615,106.8106,10.0
2026-05-07 16:20:33,DUMMY-99,-6.2146,106.8451,13.0
2026-05-07 16:20:34,DUMMY-99,-6.2146,106.8451,21.0
2026-05-07 16:20:37,DUMMY-99,-6.2146,106.8451,22.0
2026-05-07 16:20:38,SENS-JAKPUS,-6.1754,106.8272,20.0
2026-05-07 16:20:39,DUMMY-99,-6.2146,106.8451,15.0
2026-05-07 16:20:40,SENS-JAKSEL,-6.2615,106.8106,3.0
2026-05-07 16:20:40,DUMMY-99,-6.2146,106.8451,21.0
2026-05-07 16:20:42,DUMMY-99,-6.2146,106.8451,22.0
2026-05-07 16:20:45,DUMMY-99,-6.2146,106.8451,88.0
2026-05-07 16:20:46,DUMMY-99,-6.2146,106.8451,7.0
2026-05-07 16:20:47,SENS-JAKPUS,-6.1754,106.8272,2.0
2026-05-07 16:20:48,DUMMY-99,-6.2146,106.8451,20.0
2026-05-07 16:20:49,SENS-JAKSEL,-6.2615,106.8106,13.0
2026-05-07 16:20:51,DUMMY-99,-6.2146,106.8451,29.0
2026-05-07 16:20:52,DUMMY-99,-6.2146,106.8451,26.0
2026-05-07 16:20:54,DUMMY-99,-6.2146,106.8451,26.0
2026-05-07 16:20:56,SENS-JAKPUS,-6.1754,106.8272,11.0
2026-05-07 16:20:57,DUMMY-99,-6.2146,106.8451,9.0
2026-05-07 16:20:58,DUMMY-99,-6.2146,106.8451,14.0
2026-05-07 16:20:58,SENS-JAKSEL,-6.2615,106.8106,4.0
2026-05-07 16:21:00,DUMMY-99,-6.2146,106.8451,6.0
2026-05-07 16:21:02,DUMMY-99,-6.2146,106.8451,7.0
2026-05-07 16:21:05,DUMMY-99,-6.2146,106.8451,2.0
2026-05-07 16:21:06,SENS-JAKPUS,-6.1754,106.8272,13.0
2026-05-07 16:21:06,DUMMY-99,-6.2146,106.8451,10.0
2026-05-07 16:21:08,SENS-JAKSEL,-6.2615,106.8106,74.0
2026-05-07 16:21:08,DUMMY-99,-6.2146,106.8451,29.0
2026-05-07 16:21:11,DUMMY-99,-6.2146,106.8451,8.0
2026-05-07 16:21:12,DUMMY-99,-6.2146,106.8451,16.0
2026-05-07 16:21:15,DUMMY-99,-6.2146,106.8451,21.0
2026-05-07 16:21:15,SENS-JAKPUS,-6.1754,106.8272,20.0
2026-05-07 16:21:17,SENS-JAKSEL,-6.2615,106.8106,12.0
2026-05-07 16:21:17,DUMMY-99,-6.2146,106.8451,26.0
2026-05-07 16:21:19,DUMMY-99,-6.2146,106.8451,27.0
2026-05-07 16:21:20,DUMMY-99,-6.2146,106.8451,12.0
2026-05-07 16:21:23,DUMMY-99,-6.2146,106.8451,6.0
2026-05-07 16:21:24,SENS-JAKPUS,-6.1754,106.8272,1.0
2026-05-07 16:21:25,DUMMY-99,-6.2146,106.8451,10.0
2026-05-07 16:21:26,SENS-JAKSEL,-6.2615,106.8106,72.0
2026-05-07 16:21:26,DUMMY-99,-6.2146,106.8451,28.0
2026-05-07 16:21:29,DUMMY-99,-6.2146,106.8451,17.0
2026-05-07 16:21:31,DUMMY-99,-6.2146,106.8451,1.0
2026-05-07 16:21:32,DUMMY-99,-6.2146,106.8451,12.0
2026-05-07 16:21:33,SENS-JAKPUS,-6.1754,106.8272,11.0
2026-05-07 16:21:34,DUMMY-99,-6.2146,106.8451,1.0
2026-05-07 16:21:35,SENS-JAKSEL,-6.2615,106.8106,17.0
2026-05-07 16:21:37,DUMMY-99,-6.2146,106.8451,8.0
2026-05-07 16:21:39,DUMMY-99,-6.2146,106.8451,12.0
2026-05-07 16:21:40,DUMMY-99,-6.2146,106.8451,18.0
2026-05-07 16:21:42,SENS-JAKPUS,-6.1754,106.8272,8.0
2026-05-07 16:21:42,DUMMY-99,-6.2146,106.8451,10.0
2026-05-07 16:21:44,SENS-JAKSEL,-6.2615,106.8106,11.0
2026-05-07 16:21:45,DUMMY-99,-6.2146,106.8451,6.0
2026-05-07 16:21:47,DUMMY-99,-6.2146,106.8451,25.0
2026-05-07 16:21:48,DUMMY-99,-6.2146,106.8451,23.0
2026-05-07 16:21:51,DUMMY-99,-6.2146,106.8451,12.0
2026-05-07 16:21:51,SENS-JAKPUS,-6.1754,106.8272,1.0
2026-05-07 16:21:52,DUMMY-99,-6.2146,106.8451,13.0
2026-05-07 16:21:53,SENS-JAKSEL,-6.2615,106.8106,6.0
2026-05-07 16:21:54,DUMMY-99,-6.2146,106.8451,69.0
2026-05-07 16:21:56,DUMMY-99,-6.2146,106.8451,9.0
2026-05-07 16:21:58,DUMMY-99,-6.2146,106.8451,12.0
2026-05-07 16:22:00,SENS-JAKPUS,-6.1754,106.8272,18.0
2026-05-07 16:22:00,DUMMY-99,-6.2146,106.8451,10.0
2026-05-07 16:22:02,SENS-JAKSEL,-6.2615,106.8106,1.0
2026-05-07 16:22:02,DUMMY-99,-6.2146,106.8451,5.0
2026-05-07 16:22:05,DUMMY-99,-6.2146,106.8451,16.0
2026-05-07 16:22:07,DUMMY-99,-6.2146,106.8451,23.0
2026-05-07 16:22:08,DUMMY-99,-6.2146,106.8451,15.0
2026-05-07 16:22:09,SENS-JAKPUS,-6.1754,106.8272,17.0
2026-05-07 16:22:10,DUMMY-99,-6.2146,106.8451,55.0
2026-05-07 16:22:11,SENS-JAKSEL,-6.2615,106.8106,17.0
2026-05-07 16:22:12,DUMMY-99,-6.2146,106.8451,1.0
2026-05-07 16:22:15,DUMMY-99,-6.2146,106.8451,29.0
2026-05-07 16:22:16,DUMMY-99,-6.2146,106.8451,3.0
2026-05-07 16:22:18,SENS-JAKPUS,-6.1754,106.8272,19.0
2026-05-07 16:22:19,DUMMY-99,-6.2146,106.8451,27.0
2026-05-07 16:22:20,SENS-JAKSEL,-6.2615,106.8106,2.0
2026-05-07 16:22:21,DUMMY-99,-6.2146,106.8451,10.0
2026-05-07 16:22:23,DUMMY-99,-6.2146,106.8451,22.0
2026-05-07 16:22:25,DUMMY-99,-6.2146,106.8451,19.0
2026-05-07 16:22:26,DUMMY-99,-6.2146,106.8451,16.0
2026-05-07 16:22:27,SENS-JAKPUS,-6.1754,106.8272,0.0
2026-05-07 16:22:28,DUMMY-99,-6.2146,106.8451,28.0
2026-05-07 16:22:29,SENS-JAKSEL,-6.2615,106.8106,8.0
2026-05-07 16:22:31,DUMMY-99,-6.2146,106.8451,16.0
2026-05-07 16:22:32,DUMMY-99,-6.2146,106.8451,18.0
2026-05-07 16:22:34,DUMMY-99,-6.2146,106.8451,28.0
2026-05-07 16:22:36,SENS-JAKPUS,-6.1754,106.8272,2.0
2026-05-07 16:22:37,DUMMY-99,-6.2146,106.8451,14.0
2026-05-07 16:22:38,SENS-JAKSEL,-6.2615,106.8106,3.0
2026-05-07 16:22:38,DUMMY-99,-6.2146,106.8451,24.0
2026-05-07 16:22:40,DUMMY-99,-6.2146,106.8451,17.0
2026-05-07 16:22:42,DUMMY-99,-6.2146,106.8451,22.0
2026-05-07 16:22:45,DUMMY-99,-6.2146,106.8451,22.0
2026-05-07 16:22:45,SENS-JAKPUS,-6.1754,106.8272,69.0
2026-05-07 16:22:46,DUMMY-99,-6.2146,106.8451,90.0
2026-05-07 16:22:47,SENS-JAKSEL,-6.2615,106.8106,11.0
2026-05-07 16:22:48,DUMMY-99,-6.2146,106.8451,16.0
2026-05-07 16:22:51,DUMMY-99,-6.2146,106.8451,80.0
2026-05-07 16:22:52,DUMMY-99,-6.2146,106.8451,0.0
2026-05-07 16:22:54,SENS-JAKPUS,-6.1754,106.8272,8.0
2026-05-07 16:22:55,DUMMY-99,-6.2146,106.8451,10.0
2026-05-07 16:22:56,DUMMY-99,-6.2146,106.8451,91.0
2026-05-07 16:22:56,SENS-JAKSEL,-6.2615,106.8106,3.0
2026-05-07 16:22:58,DUMMY-99,-6.2146,106.8451,24.0
2026-05-07 16:23:00,DUMMY-99,-6.2146,106.8451,6.0
2026-05-07 16:23:03,DUMMY-99,-6.2146,106.8451,6.0
2026-05-07 16:23:04,SENS-JAKPUS,-6.1754,106.8272,7.0
2026-05-07 16:23:05,DUMMY-99,-6.2146,106.8451,98.0
2026-05-07 16:23:06,SENS-JAKSEL,-6.2615,106.8106,12.0
2026-05-07 16:23:07,DUMMY-99,-6.2146,106.8451,22.0
2026-05-07 16:23:08,DUMMY-99,-6.2146,106.8451,14.0
2026-05-07 16:23:11,DUMMY-99,-6.2146,106.8451,1.0
2026-05-07 16:23:12,DUMMY-99,-6.2146,106.8451,11.0
2026-05-07 16:23:13,SENS-JAKPUS,-6.1754,106.8272,65.0
2026-05-07 16:23:14,DUMMY-99,-6.2146,106.8451,3.0
2026-05-07 16:23:15,SENS-JAKSEL,-6.2615,106.8106,73.0
2026-05-07 16:23:16,DUMMY-99,-6.2146,106.8451,8.0
2026-05-07 16:23:19,DUMMY-99,-6.2146,106.8451,29.0
2026-05-07 16:23:20,DUMMY-99,-6.2146,106.8451,24.0
2026-05-07 16:23:22,SENS-JAKPUS,-6.1754,106.8272,17.0
2026-05-07 16:23:23,DUMMY-99,-6.2146,106.8451,23.0
2026-05-07 16:23:24,SENS-JAKSEL,-6.2615,106.8106,68.0
2026-05-07 16:23:25,DUMMY-99,-6.2146,106.8451,27.0
2026-05-07 16:23:26,DUMMY-99,-6.2146,106.8451,17.0
2026-05-07 16:23:28,DUMMY-99,-6.2146,106.8451,13.0
2026-05-07 16:23:31,DUMMY-99,-6.2146,106.8451,9.0
2026-05-07 16:23:31,SENS-JAKPUS,-6.1754,106.8272,13.0
2026-05-07 16:23:33,DUMMY-99,-6.2146,106.8451,92.0
2026-05-07 16:23:33,SENS-JAKSEL,-6.2615,106.8106,3.0
2026-05-07 16:23:34,DUMMY-99,-6.2146,106.8451,24.0
2026-05-07 16:23:37,DUMMY-99,-6.2146,106.8451,3.0
2026-05-07 16:23:39,DUMMY-99,-6.2146,106.8451,26.0
2026-05-07 16:23:40,SENS-JAKPUS,-6.1754,106.8272,10.0
2026-05-07 16:23:41,DUMMY-99,-6.2146,106.8451,0.0
2026-05-07 16:23:42,SENS-JAKSEL,-6.2615,106.8106,7.0
2026-05-07 16:23:42,DUMMY-99,-6.2146,106.8451,24.0
2026-05-07 16:23:45,DUMMY-99,-6.2146,106.8451,1.0
2026-05-07 16:23:47,DUMMY-99,-6.2146,106.8451,24.0
2026-05-07 16:23:49,DUMMY-99,-6.2146,106.8451,29.0
2026-05-07 16:23:49,SENS-JAKPUS,-6.1754,106.8272,17.0
2026-05-07 16:23:50,DUMMY-99,-6.2146,106.8451,22.0
2026-05-07 16:23:51,SENS-JAKSEL,-6.2615,106.8106,19.0
2026-05-07 16:23:53,DUMMY-99,-6.2146,106.8451,89.0
2026-05-07 16:23:55,DUMMY-99,-6.2146,106.8451,19.0
2026-05-07 16:23:56,DUMMY-99,-6.2146,106.8451,25.0
2026-05-07 16:23:58,SENS-JAKPUS,-6.1754,106.8272,10.0
2026-05-07 16:23:59,DUMMY-99,-6.2146,106.8451,23.0
2026-05-07 16:24:00,SENS-JAKSEL,-6.2615,106.8106,79.0
2026-05-07 16:24:00,DUMMY-99,-6.2146,106.8451,1.0
2026-05-07 16:24:03,DUMMY-99,-6.2146,106.8451,2.0
2026-05-07 16:24:04,DUMMY-99,-6.2146,106.8451,1.0
2026-05-07 16:24:06,DUMMY-99,-6.2146,106.8451,0.0
2026-05-07 16:24:07,SENS-JAKPUS,-6.1754,106.8272,2.0
2026-05-07 16:24:08,DUMMY-99,-6.2146,106.8451,23.0
2026-05-07 16:24:09,SENS-JAKSEL,-6.2615,106.8106,7.0
2026-05-07 16:24:10,DUMMY-99,-6.2146,106.8451,25.0
2026-05-07 16:24:13,DUMMY-99,-6.2146,106.8451,10.0
2026-05-07 16:24:15,DUMMY-99,-6.2146,106.8451,7.0
2026-05-07 16:24:16,SENS-JAKPUS,-6.1754,106.8272,10.0
2026-05-07 16:24:16,DUMMY-99,-6.2146,106.8451,14.0
2026-05-07 16:24:18,SENS-JAKSEL,-6.2615,106.8106,13.0
2026-05-07 16:24:19,DUMMY-99,-6.2146,106.8451,29.0
2026-05-07 16:24:20,DUMMY-99,-6.2146,106.8451,0.0
2026-05-07 16:24:22,DUMMY-99,-6.2146,106.8451,28.0
2026-05-07 16:24:24,DUMMY-99,-6.2146,106.8451,20.0
2026-05-07 16:24:25,SENS-JAKPUS,-6.1754,106.8272,9.0
2026-05-07 16:24:27,DUMMY-99,-6.2146,106.8451,29.0
2026-05-07 16:24:27,SENS-JAKSEL,-6.2615,106.8106,86.0
2026-05-07 16:24:28,DUMMY-99,-6.2146,106.8451,5.0
2026-05-07 16:24:30,DUMMY-99,-6.2146,106.8451,17.0
2026-05-07 16:24:33,DUMMY-99,-6.2146,106.8451,6.0
2026-05-07 16:24:34,SENS-JAKPUS,-6.1754,106.8272,12.0
2026-05-07 16:24:34,DUMMY-99,-6.2146,106.8451,56.0
2026-05-07 16:24:36,SENS-JAKSEL,-6.2615,106.8106,15.0
2026-05-07 16:24:36,DUMMY-99,-6.2146,106.8451,0.0
2026-05-07 16:24:39,DUMMY-99,-6.2146,106.8451,24.0
2026-05-07 16:24:40,DUMMY-99,-6.2146,106.8451,98.0
2026-05-07 16:24:42,DUMMY-99,-6.2146,106.8451,15.0
2026-05-07 16:24:43,SENS-JAKPUS,-6.1754,106.8272,2.0
2026-05-07 16:24:45,DUMMY-99,-6.2146,106.8451,76.0
2026-05-07 16:24:45,SENS-JAKSEL,-6.2615,106.8106,20.0
2026-05-07 16:24:46,DUMMY-99,-6.2146,106.8451,7.0
2026-05-07 16:24:49,DUMMY-99,-6.2146,106.8451,10.0
2026-05-07 16:24:50,DUMMY-99,-6.2146,106.8451,12.0
2026-05-07 16:24:52,SENS-JAKPUS,-6.1754,106.8272,5.0
2026-05-07 16:24:53,DUMMY-99,-6.2146,106.8451,6.0
2026-05-07 16:24:54,SENS-JAKSEL,-6.2615,106.8106,3.0
2026-05-07 16:24:54,DUMMY-99,-6.2146,106.8451,29.0
2026-05-07 16:24:56,DUMMY-99,-6.2146,106.8451,26.0
2026-05-07 16:24:58,DUMMY-99,-6.2146,106.8451,2.0
2026-05-07 16:25:01,DUMMY-99,-6.2146,106.8451,23.0
2026-05-07 16:25:01,SENS-JAKPUS,-6.1754,106.8272,19.0
2026-05-07 16:25:03,DUMMY-99,-6.2146,106.8451,28.0
2026-05-07 16:25:03,SENS-JAKSEL,-6.2615,106.8106,4.0
2026-05-07 16:25:04,DUMMY-99,-6.2146,106.8451,62.0
2026-05-07 16:25:07,DUMMY-99,-6.2146,106.8451,5.0
2026-05-07 16:25:08,DUMMY-99,-6.2146,106.8451,24.0
2026-05-07 16:25:10,DUMMY-99,-6.2146,106.8451,24.0
2026-05-07 16:25:10,SENS-JAKPUS,-6.1754,106.8272,20.0
2026-05-07 16:25:12,DUMMY-99,-6.2146,106.8451,26.0
2026-05-07 16:25:13,SENS-JAKSEL,-6.2615,106.8106,7.0
2026-05-07 16:25:15,DUMMY-99,-6.2146,106.8451,11.0
2026-05-07 16:25:16,DUMMY-99,-6.2146,106.8451,12.0
2026-05-07 16:25:18,DUMMY-99,-6.2146,106.8451,6.0
2026-05-07 16:25:20,SENS-JAKPUS,-6.1754,106.8272,6.0
2026-05-07 16:25:20,DUMMY-99,-6.2146,106.8451,22.0
2026-05-07 16:25:22,SENS-JAKSEL,-6.2615,106.8106,11.0
2026-05-07 16:25:22,DUMMY-99,-6.2146,106.8451,14.0
2026-05-07 16:25:24,DUMMY-99,-6.2146,106.8451,22.0
2026-05-07 16:25:27,DUMMY-99,-6.2146,106.8451,7.0
2026-05-07 16:25:28,DUMMY-99,-6.2146,106.8451,14.0
2026-05-07 16:25:29,SENS-JAKPUS,-6.1754,106.8272,18.0
2026-05-07 16:25:30,DUMMY-99,-6.2146,106.8451,23.0
2026-05-07 16:25:31,SENS-JAKSEL,-6.2615,106.8106,20.0
2026-05-07 16:25:33,DUMMY-99,-6.2146,106.8451,11.0
2026-05-07 16:25:34,DUMMY-99,-6.2146,106.8451,21.0
2026-05-07 16:25:37,DUMMY-99,-6.2146,106.8451,67.0
2026-05-07 16:25:38,SENS-JAKPUS,-6.1754,106.8272,13.0
2026-05-07 16:25:39,DUMMY-99,-6.2146,106.8451,15.0
2026-05-07 16:25:40,SENS-JAKSEL,-6.2615,106.8106,11.0
2026-05-07 16:25:40,DUMMY-99,-6.2146,106.8451,16.0
2026-05-07 16:25:42,DUMMY-99,-6.2146,106.8451,17.0
2026-05-07 16:25:45,DUMMY-99,-6.2146,106.8451,27.0
2026-05-07 16:25:47,DUMMY-99,-6.2146,106.8451,22.0
2026-05-07 16:25:47,SENS-JAKPUS,-6.1754,106.8272,4.0
2026-05-07 16:25:49,DUMMY-99,-6.2146,106.8451,79.0
2026-05-07 16:25:49,SENS-JAKSEL,-6.2615,106.8106,11.0
2026-05-07 16:25:50,DUMMY-99,-6.2146,106.8451,9.0
2026-05-07 16:25:52,DUMMY-99,-6.2146,106.8451,15.0
2026-05-07 16:25:54,DUMMY-99,-6.2146,106.8451,1.0
2026-05-07 16:25:56,SENS-JAKPUS,-6.1754,106.8272,7.0
2026-05-07 16:25:56,DUMMY-99,-6.2146,106.8451,27.0
2026-05-07 16:25:58,SENS-JAKSEL,-6.2615,106.8106,3.0
2026-05-07 16:25:58,DUMMY-99,-6.2146,106.8451,5.0
2026-05-07 16:26:01,DUMMY-99,-6.2146,106.8451,3.0
2026-05-07 16:26:03,DUMMY-99,-6.2146,106.8451,25.0
2026-05-07 16:26:04,DUMMY-99,-6.2146,106.8451,3.0
2026-05-07 16:26:05,SENS-JAKPUS,-6.1754,106.8272,70.0
2026-05-07 16:26:07,DUMMY-99,-6.2146,106.8451,8.0
2026-05-07 16:26:07,SENS-JAKSEL,-6.2615,106.8106,8.0
2026-05-07 16:26:09,DUMMY-99,-6.2146,106.8451,23.0
2026-05-07 16:26:11,DUMMY-99,-6.2146,106.8451,8.0
2026-05-07 16:26:13,DUMMY-99,-6.2146,106.8451,15.0
2026-05-07 16:26:14,SENS-JAKPUS,-6.1754,106.8272,18.0
2026-05-07 16:26:15,DUMMY-99,-6.2146,106.8451,10.0
2026-05-07 16:26:16,SENS-JAKSEL,-6.2615,106.8106,4.0
2026-05-07 16:26:16,DUMMY-99,-6.2146,106.8451,13.0
2026-05-07 16:26:19,DUMMY-99,-6.2146,106.8451,84.0
2026-05-07 16:26:20,DUMMY-99,-6.2146,106.8451,4.0
2026-05-07 16:26:22,DUMMY-99,-6.2146,106.8451,6.0
2026-05-07 16:26:23,SENS-JAKPUS,-6.1754,106.8272,2.0
2026-05-07 16:26:24,DUMMY-99,-6.2146,106.8451,15.0
2026-05-07 16:26:25,SENS-JAKSEL,-6.2615,106.8106,16.0
2026-05-07 16:26:26,DUMMY-99,-6.2146,106.8451,27.0
2026-05-07 16:26:29,DUMMY-99,-6.2146,106.8451,8.0
2026-05-07 16:26:31,DUMMY-99,-6.2146,106.8451,3.0
2026-05-07 16:26:32,SENS-JAKPUS,-6.1754,106.8272,0.0
2026-05-07 16:26:33,DUMMY-99,-6.2146,106.8451,1.0
2026-05-07 16:26:34,SENS-JAKSEL,-6.2615,106.8106,0.0
2026-05-07 16:26:35,DUMMY-99,-6.2146,106.8451,27.0
2026-05-07 16:26:37,DUMMY-99,-6.2146,106.8451,24.0
2026-05-07 16:26:39,DUMMY-99,-6.2146,106.8451,29.0
2026-05-07 16:26:40,DUMMY-99,-6.2146,106.8451,23.0
2026-05-07 16:26:41,SENS-JAKPUS,-6.1754,106.8272,2.0
2026-05-07 16:26:42,DUMMY-99,-6.2146,106.8451,7.0
2026-05-07 16:26:43,SENS-JAKSEL,-6.2615,106.8106,8.0
2026-05-07 16:26:45,DUMMY-99,-6.2146,106.8451,25.0
2026-05-07 16:26:47,DUMMY-99,-6.2146,106.8451,6.0
2026-05-07 16:26:49,DUMMY-99,-6.2146,106.8451,13.0
2026-05-07 16:26:50,SENS-JAKPUS,-6.1754,106.8272,7.0
2026-05-07 16:26:50,DUMMY-99,-6.2146,106.8451,6.0
2026-05-07 16:26:52,SENS-JAKSEL,-6.2615,106.8106,16.0
2026-05-07 16:26:53,DUMMY-99,-6.2146,106.8451,2.0
2026-05-07 16:26:54,DUMMY-99,-6.2146,106.8451,17.0
2026-05-07 16:26:56,DUMMY-99,-6.2146,106.8451,14.0
2026-05-07 16:26:58,DUMMY-99,-6.2146,106.8451,22.0
2026-05-07 16:26:59,SENS-JAKPUS,-6.1754,106.8272,6.0
2026-05-07 16:27:01,DUMMY-99,-6.2146,106.8451,28.0
2026-05-07 16:27:01,SENS-JAKSEL,-6.2615,106.8106,60.0
2026-05-07 16:27:03,DUMMY-99,-6.2146,106.8451,21.0
2026-05-07 16:27:04,DUMMY-99,-6.2146,106.8451,13.0
2026-05-07 16:27:06,DUMMY-99,-6.2146,106.8451,0.0
2026-05-07 16:27:08,DUMMY-99,-6.2146,106.8451,21.0
2026-05-07 16:27:09,SENS-JAKPUS,-6.1754,106.8272,14.0
2026-05-07 16:27:10,DUMMY-99,-6.2146,106.8451,7.0
2026-05-07 16:27:11,SENS-JAKSEL,-6.2615,106.8106,1.0
2026-05-07 16:27:13,DUMMY-99,-6.2146,106.8451,9.0
2026-05-07 16:27:14,DUMMY-99,-6.2146,106.8451,19.0
2026-05-07 16:27:16,DUMMY-99,-6.2146,106.8451,25.0
2026-05-07 16:27:18,SENS-JAKPUS,-6.1754,106.8272,4.0
2026-05-07 16:27:18,DUMMY-99,-6.2146,106.8451,0.0
2026-05-07 16:27:20,SENS-JAKSEL,-6.2615,106.8106,12.0
2026-05-07 16:27:20,DUMMY-99,-6.2146,106.8451,24.0
2026-05-07 16:27:22,DUMMY-99,-6.2146,106.8451,0.0
2026-05-07 16:27:24,DUMMY-99,-6.2146,106.8451,12.0
2026-05-07 16:27:26,DUMMY-99,-6.2146,106.8451,14.0
2026-05-07 16:27:27,SENS-JAKPUS,-6.1754,106.8272,15.0
2026-05-07 16:27:29,DUMMY-99,-6.2146,106.8451,0.0
2026-05-07 16:27:29,SENS-JAKSEL,-6.2615,106.8106,19.0
2026-05-07 16:27:30,DUMMY-99,-6.2146,106.8451,12.0
2026-05-07 16:27:32,DUMMY-99,-6.2146,106.8451,25.0
2026-05-07 16:27:34,DUMMY-99,-6.2146,106.8451,29.0
2026-05-07 16:27:36,SENS-JAKPUS,-6.1754,106.8272,11.0
2026-05-07 16:27:36,DUMMY-99,-6.2146,106.8451,20.0
2026-05-07 16:27:38,SENS-JAKSEL,-6.2615,106.8106,64.0
2026-05-07 16:27:38,DUMMY-99,-6.2146,106.8451,15.0
2026-05-07 16:27:41,DUMMY-99,-6.2146,106.8451,9.0
2026-05-07 16:27:42,DUMMY-99,-6.2146,106.8451,20.0
2026-05-07 16:27:45,DUMMY-99,-6.2146,106.8451,7.0
2026-05-07 16:27:45,SENS-JAKPUS,-6.1754,106.8272,4.0
2026-05-07 16:27:46,DUMMY-99,-6.2146,106.8451,22.0
2026-05-07 16:27:47,SENS-JAKSEL,-6.2615,106.8106,14.0
2026-05-07 16:27:48,DUMMY-99,-6.2146,106.8451,14.0
2026-05-07 16:27:50,DUMMY-99,-6.2146,106.8451,8.0
2026-05-07 16:27:53,DUMMY-99,-6.2146,106.8451,2.0
2026-05-07 16:27:54,SENS-JAKPUS,-6.1754,106.8272,5.0
2026-05-07 16:27:54,DUMMY-99,-6.2146,106.8451,26.0
2026-05-07 16:27:56,SENS-JAKSEL,-6.2615,106.8106,60.0
2026-05-07 16:27:57,DUMMY-99,-6.2146,106.8451,22.0
2026-05-07 16:27:58,DUMMY-99,-6.2146,106.8451,15.0
2026-05-07 16:28:00,DUMMY-99,-6.2146,106.8451,9.0
2026-05-07 16:28:02,DUMMY-99,-6.2146,106.8451,96.0
2026-05-07 16:28:03,SENS-JAKPUS,-6.1754,106.8272,76.0
2026-05-07 16:28:05,DUMMY-99,-6.2146,106.8451,97.0
2026-05-07 16:28:05,SENS-JAKSEL,-6.2615,106.8106,20.0
2026-05-07 16:28:06,DUMMY-99,-6.2146,106.8451,12.0
2026-05-07 16:28:09,DUMMY-99,-6.2146,106.8451,14.0
2026-05-07 16:28:11,DUMMY-99,-6.2146,106.8451,14.0
2026-05-07 16:28:12,SENS-JAKPUS,-6.1754,106.8272,14.0
2026-05-07 16:28:13,DUMMY-99,-6.2146,106.8451,2.0
2026-05-07 16:28:14,SENS-JAKSEL,-6.2615,106.8106,19.0
2026-05-07 16:28:15,DUMMY-99,-6.2146,106.8451,26.0
2026-05-07 16:28:16,DUMMY-99,-6.2146,106.8451,6.0
2026-05-07 16:28:18,DUMMY-99,-6.2146,106.8451,56.0
2026-05-07 16:28:21,DUMMY-99,-6.2146,106.8451,3.0
2026-05-07 16:28:21,SENS-JAKPUS,-6.1754,106.8272,13.0
2026-05-07 16:28:23,DUMMY-99,-6.2146,106.8451,16.0
2026-05-07 16:28:23,SENS-JAKSEL,-6.2615,106.8106,1.0
2026-05-07 16:28:24,DUMMY-99,-6.2146,106.8451,24.0
2026-05-07 16:28:27,DUMMY-99,-6.2146,106.8451,29.0
2026-05-07 16:28:29,DUMMY-99,-6.2146,106.8451,17.0
2026-05-07 16:28:30,SENS-JAKPUS,-6.1754,106.8272,3.0
2026-05-07 16:28:31,DUMMY-99,-6.2146,106.8451,14.0
2026-05-07 16:28:32,SENS-JAKSEL,-6.2615,106.8106,15.0
2026-05-07 16:28:32,DUMMY-99,-6.2146,106.8451,15.0
2026-05-07 16:28:35,DUMMY-99,-6.2146,106.8451,93.0
2026-05-07 16:28:36,DUMMY-99,-6.2146,106.8451,8.0
2026-05-07 16:28:39,DUMMY-99,-6.2146,106.8451,26.0
2026-05-07 16:28:39,SENS-JAKPUS,-6.1754,106.8272,15.0
2026-05-07 16:28:41,DUMMY-99,-6.2146,106.8451,29.0
2026-05-07 16:28:41,SENS-JAKSEL,-6.2615,106.8106,15.0
2026-05-07 16:28:42,DUMMY-99,-6.2146,106.8451,60.0
2026-05-07 16:28:44,DUMMY-99,-6.2146,106.8451,27.0
2026-05-07 16:28:47,DUMMY-99,-6.2146,106.8451,2.0
2026-05-07 16:28:48,SENS-JAKPUS,-6.1754,106.8272,10.0
2026-05-07 16:28:49,DUMMY-99,-6.2146,106.8451,29.0
2026-05-07 16:28:50,SENS-JAKSEL,-6.2615,106.8106,18.0
2026-05-07 16:28:50,DUMMY-99,-6.2146,106.8451,14.0
2026-05-07 16:28:53,DUMMY-99,-6.2146,106.8451,6.0
2026-05-07 16:28:55,DUMMY-99,-6.2146,106.8451,20.0
2026-05-07 16:28:57,DUMMY-99,-6.2146,106.8451,6.0
2026-05-07 16:28:57,SENS-JAKPUS,-6.1754,106.8272,4.0
2026-05-07 16:28:58,DUMMY-99,-6.2146,106.8451,99.0
2026-05-07 16:28:59,SENS-JAKSEL,-6.2615,106.8106,10.0
2026-05-07 16:29:00,DUMMY-99,-6.2146,106.8451,7.0
2026-05-07 16:29:03,DUMMY-99,-6.2146,106.8451,0.0
2026-05-07 16:29:04,DUMMY-99,-6.2146,106.8451,7.0
2026-05-07 16:29:06,DUMMY-99,-6.2146,106.8451,27.0
2026-05-07 16:29:06,SENS-JAKPUS,-6.1754,106.8272,7.0
2026-05-07 16:29:08,DUMMY-99,-6.2146,106.8451,29.0
2026-05-07 16:29:09,SENS-JAKSEL,-6.2615,106.8106,1.0
2026-05-07 16:29:11,DUMMY-99,-6.2146,106.8451,13.0
2026-05-07 16:29:12,DUMMY-99,-6.2146,106.8451,27.0
2026-05-07 16:29:14,DUMMY-99,-6.2146,106.8451,17.0
2026-05-07 16:29:16,SENS-JAKPUS,-6.1754,106.8272,4.0
2026-05-07 16:29:16,DUMMY-99,-6.2146,106.8451,5.0
2026-05-07 16:29:18,SENS-JAKSEL,-6.2615,106.8106,2.0
2026-05-07 16:29:19,DUMMY-99,-6.2146,106.8451,5.0
2026-05-07 16:29:20,DUMMY-99,-6.2146,106.8451,0.0
2026-05-07 16:29:23,DUMMY-99,-6.2146,106.8451,0.0
2026-05-07 16:29:24,DUMMY-99,-6.2146,106.8451,4.0
2026-05-07 16:29:25,SENS-JAKPUS,-6.1754,106.8272,12.0
2026-05-07 16:29:27,DUMMY-99,-6.2146,106.8451,15.0
2026-05-07 16:29:27,SENS-JAKSEL,-6.2615,106.8106,14.0
2026-05-07 16:29:29,DUMMY-99,-6.2146,106.8451,21.0
2026-05-07 16:29:31,DUMMY-99,-6.2146,106.8451,3.0
2026-05-07 16:29:32,DUMMY-99,-6.2146,106.8451,25.0
2026-05-07 16:29:34,SENS-JAKPUS,-6.1754,106.8272,13.0
2026-05-07 16:29:35,DUMMY-99,-6.2146,106.8451,5.0
2026-05-07 16:29:36,SENS-JAKSEL,-6.2615,106.8106,2.0
2026-05-07 16:29:36,DUMMY-99,-6.2146,106.8451,27.0
2026-05-07 16:29:38,DUMMY-99,-6.2146,106.8451,83.0
2026-05-07 16:29:40,DUMMY-99,-6.2146,106.8451,12.0
2026-05-07 16:29:43,DUMMY-99,-6.2146,106.8451,27.0
2026-05-07 16:29:43,SENS-JAKPUS,-6.1754,106.8272,17.0
2026-05-07 16:29:45,DUMMY-99,-6.2146,106.8451,23.0
2026-05-07 16:29:45,SENS-JAKSEL,-6.2615,106.8106,17.0
2026-05-07 16:29:46,DUMMY-99,-6.2146,106.8451,6.0
2026-05-07 16:29:49,DUMMY-99,-6.2146,106.8451,6.0
2026-05-07 16:29:51,DUMMY-99,-6.2146,106.8451,17.0
2026-05-07 16:29:52,SENS-JAKPUS,-6.1754,106.8272,5.0
2026-05-07 16:29:53,DUMMY-99,-6.2146,106.8451,23.0
2026-05-07 16:29:54,SENS-JAKSEL,-6.2615,106.8106,20.0
2026-05-07 16:29:54,DUMMY-99,-6.2146,106.8451,25.0
2026-05-07 16:29:56,DUMMY-99,-6.2146,106.8451,24.0
2026-05-07 16:29:59,DUMMY-99,-6.2146,106.8451,70.0
2026-05-07 16:30:00,DUMMY-99,-6.2146,106.8451,6.0
2026-05-07 16:30:01,SENS-JAKPUS,-6.1754,106.8272,4.0
2026-05-07 16:30:02,DUMMY-99,-6.2146,106.8451,1.0
2026-05-07 16:30:03,SENS-JAKSEL,-6.2615,106.8106,13.0
2026-05-07 16:30:10,SENS-JAKPUS,-6.1754,106.8272,8.0
2026-05-07 16:30:12,SENS-JAKSEL,-6.2615,106.8106,76.0
2026-05-07 16:30:19,SENS-JAKPUS,-6.1754,106.8272,18.0
2026-05-07 16:30:21,SENS-JAKSEL,-6.2615,106.8106,13.0
2026-05-07 16:30:28,SENS-JAKPUS,-6.1754,106.8272,2.0
2026-05-07 16:30:30,SENS-JAKSEL,-6.2615,106.8106,18.0
2026-05-07 16:30:37,SENS-JAKPUS,-6.1754,106.8272,18.0
2026-05-07 16:30:39,SENS-JAKSEL,-6.2615,106.8106,17.0
2026-05-07 16:30:46,SENS-JAKPUS,-6.1754,106.8272,93.0
2026-05-07 16:30:48,SENS-JAKSEL,-6.2615,106.8106,13.0
2026-05-07 16:30:55,SENS-JAKPUS,-6.1754,106.8272,16.0
2026-05-07 16:30:57,SENS-JAKSEL,-6.2615,106.8106,16.0
2026-05-07 16:31:05,SENS-JAKPUS,-6.1754,106.8272,18.0
2026-05-07 16:31:07,SENS-JAKSEL,-6.2615,106.8106,16.0
2026-05-07 16:31:14,SENS-JAKPUS,-6.1754,106.8272,2.0
2026-05-07 16:31:16,SENS-JAKSEL,-6.2615,106.8106,0.0
2026-05-07 16:31:23,SENS-JAKPUS,-6.1754,106.8272,74.0
2026-05-07 16:31:25,SENS-JAKSEL,-6.2615,106.8106,7.0
2026-05-07 16:31:32,SENS-JAKPUS,-6.1754,106.8272,8.0
2026-05-07 16:31:34,SENS-JAKSEL,-6.2615,106.8106,77.0
2026-05-07 16:31:41,SENS-JAKPUS,-6.1754,106.8272,20.0
2026-05-07 16:31:43,SENS-JAKSEL,-6.2615,106.8106,4.0
2026-05-07 16:31:50,SENS-JAKPUS,-6.1754,106.8272,17.0
2026-05-07 16:31:52,SENS-JAKSEL,-6.2615,106.8106,5.0
2026-05-07 16:31:59,SENS-JAKPUS,-6.1754,106.8272,0.0
2026-05-07 16:32:01,SENS-JAKSEL,-6.2615,106.8106,5.0
2026-05-07 16:32:08,SENS-JAKPUS,-6.1754,106.8272,15.0
2026-05-07 16:32:10,SENS-JAKSEL,-6.2615,106.8106,7.0
2026-05-07 16:32:17,SENS-JAKPUS,-6.1754,106.8272,15.0
2026-05-07 16:32:19,SENS-JAKSEL,-6.2615,106.8106,12.0
2026-05-07 16:32:26,SENS-JAKPUS,-6.1754,106.8272,4.0
2026-05-07 16:32:28,SENS-JAKSEL,-6.2615,106.8106,7.0
2026-05-07 16:32:35,SENS-JAKPUS,-6.1754,106.8272,17.0
2026-05-07 16:32:37,SENS-JAKSEL,-6.2615,106.8106,92.0
2026-05-07 16:32:44,SENS-JAKPUS,-6.1754,106.8272,4.0
2026-05-07 16:32:46,SENS-JAKSEL,-6.2615,106.8106,3.0
2026-05-07 16:32:53,SENS-JAKPUS,-6.1754,106.8272,20.0
2026-05-07 16:32:55,SENS-JAKSEL,-6.2615,106.8106,4.0
2026-05-07 16:33:03,SENS-JAKPUS,-6.1754,106.8272,5.0
2026-05-07 16:33:05,SENS-JAKSEL,-6.2615,106.8106,1.0
2026-05-07 16:33:12,SENS-JAKPUS,-6.1754,106.8272,12.0
2026-05-07 16:33:14,SENS-JAKSEL,-6.2615,106.8106,86.0
2026-05-07 16:33:21,SENS-JAKPUS,-6.1754,106.8272,75.0
2026-05-07 16:33:23,SENS-JAKSEL,-6.2615,106.8106,17.0
2026-05-07 16:33:30,SENS-JAKPUS,-6.1754,106.8272,3.0
2026-05-07 16:33:32,SENS-JAKSEL,-6.2615,106.8106,11.0
2026-05-07 16:33:39,SENS-JAKPUS,-6.1754,106.8272,2.0
2026-05-07 16:33:41,SENS-JAKSEL,-6.2615,106.8106,13.0
2026-05-07 16:33:48,SENS-JAKPUS,-6.1754,106.8272,20.0
2026-05-07 16:33:50,SENS-JAKSEL,-6.2615,106.8106,2.0
2026-05-07 16:33:57,SENS-JAKPUS,-6.1754,106.8272,4.0
2026-05-07 16:33:59,SENS-JAKSEL,-6.2615,106.8106,17.0
2026-05-07 16:34:06,SENS-JAKPUS,-6.1754,106.8272,5.0
2026-05-07 16:34:08,SENS-JAKSEL,-6.2615,106.8106,14.0
2026-05-07 16:34:15,SENS-JAKPUS,-6.1754,106.8272,18.0
2026-05-07 16:34:17,SENS-JAKSEL,-6.2615,106.8106,15.0
2026-05-07 16:34:24,SENS-JAKPUS,-6.1754,106.8272,67.0
2026-05-07 16:34:26,SENS-JAKSEL,-6.2615,106.8106,11.0
2026-05-07 16:34:33,SENS-JAKPUS,-6.1754,106.8272,13.0
2026-05-07 16:34:36,SENS-JAKSEL,-6.2615,106.8106,10.0
2026-05-07 16:34:43,SENS-JAKPUS,-6.1754,106.8272,6.0
2026-05-07 16:34:45,SENS-JAKSEL,-6.2615,106.8106,10.0
2026-05-07 16:34:52,SENS-JAKPUS,-6.1754,106.8272,1.0
2026-05-07 16:34:54,SENS-JAKSEL,-6.2615,106.8106,8.0
2026-05-07 16:35:01,SENS-JAKPUS,-6.1754,106.8272,20.0
2026-05-07 16:35:03,SENS-JAKSEL,-6.2615,106.8106,78.0
2026-05-07 16:35:10,SENS-JAKPUS,-6.1754,106.8272,15.0
2026-05-07 16:35:12,SENS-JAKSEL,-6.2615,106.8106,20.0
2026-05-07 16:35:19,SENS-JAKPUS,-6.1754,106.8272,12.0
2026-05-07 16:35:21,SENS-JAKSEL,-6.2615,106.8106,6.0
2026-05-07 16:35:28,SENS-JAKPUS,-6.1754,106.8272,0.0
2026-05-07 16:35:30,SENS-JAKSEL,-6.2615,106.8106,1.0
2026-05-07 16:35:37,SENS-JAKPUS,-6.1754,106.8272,17.0
2026-05-07 16:35:39,SENS-JAKSEL,-6.2615,106.8106,3.0
2026-05-07 16:35:46,SENS-JAKPUS,-6.1754,106.8272,6.0
2026-05-07 16:35:48,SENS-JAKSEL,-6.2615,106.8106,60.0
2026-05-07 16:35:55,SENS-JAKPUS,-6.1754,106.8272,83.0
2026-05-07 16:35:57,SENS-JAKSEL,-6.2615,106.8106,5.0
2026-05-07 16:36:04,SENS-JAKPUS,-6.1754,106.8272,19.0
2026-05-07 16:36:06,SENS-JAKSEL,-6.2615,106.8106,0.0
2026-05-07 16:36:14,SENS-JAKPUS,-6.1754,106.8272,11.0
2026-05-07 16:36:16,SENS-JAKSEL,-6.2615,106.8106,7.0
2026-05-07 16:36:23,SENS-JAKPUS,-6.1754,106.8272,14.0
2026-05-07 16:36:25,SENS-JAKSEL,-6.2615,106.8106,20.0
2026-05-07 16:36:32,SENS-JAKPUS,-6.1754,106.8272,20.0
2026-05-07 16:36:34,SENS-JAKSEL,-6.2615,106.8106,93.0
2026-05-07 16:36:41,SENS-JAKPUS,-6.1754,106.8272,16.0
2026-05-07 16:36:43,SENS-JAKSEL,-6.2615,106.8106,17.0
2026-05-07 16:36:50,SENS-JAKPUS,-6.1754,106.8272,11.0
2026-05-07 16:36:52,SENS-JAKSEL,-6.2615,106.8106,4.0
2026-05-07 16:36:59,SENS-JAKPUS,-6.1754,106.8272,66.0
2026-05-07 16:37:01,SENS-JAKSEL,-6.2615,106.8106,12.0
2026-05-07 16:37:08,SENS-JAKPUS,-6.1754,106.8272,9.0
2026-05-07 16:37:11,SENS-JAKSEL,-6.2615,106.8106,2.0
2026-05-07 16:37:18,SENS-JAKPUS,-6.1754,106.8272,16.0
2026-05-07 16:37:20,SENS-JAKSEL,-6.2615,106.8106,17.0
2026-05-07 16:37:27,SENS-JAKPUS,-6.1754,106.8272,7.0
2026-05-07 16:37:29,SENS-JAKSEL,-6.2615,106.8106,20.0
2026-05-07 16:37:36,SENS-JAKPUS,-6.1754,106.8272,2.0
2026-05-07 16:37:38,SENS-JAKSEL,-6.2615,106.8106,18.0
2026-05-07 16:37:45,SENS-JAKPUS,-6.1754,106.8272,6.0
2026-05-07 16:37:47,SENS-JAKSEL,-6.2615,106.8106,12.0
2026-05-07 16:37:54,SENS-JAKPUS,-6.1754,106.8272,9.0
2026-05-07 16:37:56,SENS-JAKSEL,-6.2615,106.8106,14.0
2026-05-07 16:38:03,SENS-JAKPUS,-6.1754,106.8272,14.0
2026-05-07 16:38:05,SENS-JAKSEL,-6.2615,106.8106,0.0
2026-05-07 16:38:12,SENS-JAKPUS,-6.1754,106.8272,3.0
2026-05-07 16:38:14,SENS-JAKSEL,-6.2615,106.8106,9.0
2026-05-07 16:38:21,SENS-JAKPUS,-6.1754,106.8272,7.0
2026-05-07 16:38:23,SENS-JAKSEL,-6.2615,106.8106,17.0
2026-05-07 16:38:30,SENS-JAKPUS,-6.1754,106.8272,18.0
2026-05-07 16:38:32,SENS-JAKSEL,-6.2615,106.8106,11.0
2026-05-07 16:38:39,SENS-JAKPUS,-6.1754,106.8272,16.0
2026-05-07 16:38:41,SENS-JAKSEL,-6.2615,106.8106,10.0
2026-05-07 16:38:49,SENS-JAKPUS,-6.1754,106.8272,0.0
2026-05-07 16:38:51,SENS-JAKSEL,-6.2615,106.8106,10.0
2026-05-07 16:38:58,SENS-JAKPUS,-6.1754,106.8272,13.0
2026-05-07 16:39:00,SENS-JAKSEL,-6.2615,106.8106,16.0
2026-05-07 16:39:07,SENS-JAKPUS,-6.1754,106.8272,8.0
2026-05-07 16:39:09,SENS-JAKSEL,-6.2615,106.8106,68.0
2026-05-07 16:39:16,SENS-JAKPUS,-6.1754,106.8272,5.0
2026-05-07 16:39:18,SENS-JAKSEL,-6.2615,106.8106,6.0
2026-05-07 16:39:25,SENS-JAKPUS,-6.1754,106.8272,10.0
2026-05-07 16:39:27,SENS-JAKSEL,-6.2615,106.8106,18.0
2026-05-07 16:39:34,SENS-JAKPUS,-6.1754,106.8272,16.0
2026-05-07 16:39:36,SENS-JAKSEL,-6.2615,106.8106,95.0
2026-05-07 16:39:43,SENS-JAKPUS,-6.1754,106.8272,9.0
2026-05-07 16:39:45,SENS-JAKSEL,-6.2615,106.8106,1.0
2026-05-07 16:39:52,SENS-JAKPUS,-6.1754,106.8272,4.0
2026-05-07 16:39:54,SENS-JAKSEL,-6.2615,106.8106,2.0
2026-05-07 16:40:01,SENS-JAKPUS,-6.1754,106.8272,17.0
2026-05-07 16:40:03,SENS-JAKSEL,-6.2615,106.8106,95.0
2026-05-07 16:40:10,SENS-JAKPUS,-6.1754,106.8272,17.0
2026-05-07 16:40:12,SENS-JAKSEL,-6.2615,106.8106,18.0
2026-05-07 16:40:19,SENS-JAKPUS,-6.1754,106.8272,12.0
2026-05-07 16:40:21,SENS-JAKSEL,-6.2615,106.8106,4.0
2026-05-07 16:40:28,SENS-JAKPUS,-6.1754,106.8272,6.0
2026-05-07 16:40:30,SENS-JAKSEL,-6.2615,106.8106,92.0
2026-05-07 16:40:37,SENS-JAKPUS,-6.1754,106.8272,1.0
2026-05-07 16:40:39,SENS-JAKSEL,-6.2615,106.8106,4.0
2026-05-07 16:40:47,SENS-JAKPUS,-6.1754,106.8272,8.0
2026-05-07 16:40:49,SENS-JAKSEL,-6.2615,106.8106,7.0
2026-05-07 16:40:56,SENS-JAKPUS,-6.1754,106.8272,1.0
2026-05-07 16:40:58,SENS-JAKSEL,-6.2615,106.8106,1.0
2026-05-07 16:41:05,SENS-JAKPUS,-6.1754,106.8272,6.0
2026-05-07 16:41:07,SENS-JAKSEL,-6.2615,106.8106,3.0
2026-05-07 16:41:14,SENS-JAKPUS,-6.1754,106.8272,11.0
2026-05-07 16:41:16,SENS-JAKSEL,-6.2615,106.8106,15.0
2026-05-07 16:41:23,SENS-JAKPUS,-6.1754,106.8272,12.0
2026-05-07 16:41:25,SENS-JAKSEL,-6.2615,106.8106,8.0
2026-05-07 16:41:32,SENS-JAKPUS,-6.1754,106.8272,14.0
2026-05-07 16:41:34,SENS-JAKSEL,-6.2615,106.8106,5.0
2026-05-07 16:41:41,SENS-JAKPUS,-6.1754,106.8272,16.0
2026-05-07 16:41:43,SENS-JAKSEL,-6.2615,106.8106,8.0
2026-05-07 16:41:50,SENS-JAKPUS,-6.1754,106.8272,4.0
2026-05-07 16:41:52,SENS-JAKSEL,-6.2615,106.8106,19.0
2026-05-07 16:41:59,SENS-JAKPUS,-6.1754,106.8272,19.0
2026-05-07 16:42:01,SENS-JAKSEL,-6.2615,106.8106,20.0
2026-05-07 16:42:08,SENS-JAKPUS,-6.1754,106.8272,1.0
2026-05-07 16:42:10,SENS-JAKSEL,-6.2615,106.8106,17.0
2026-05-07 16:42:17,SENS-JAKPUS,-6.1754,106.8272,20.0
2026-05-07 16:42:19,SENS-JAKSEL,-6.2615,106.8106,7.0
2026-05-07 16:42:26,SENS-JAKPUS,-6.1754,106.8272,0.0
2026-05-07 16:42:28,SENS-JAKSEL,-6.2615,106.8106,6.0
2026-05-07 16:42:35,SENS-JAKPUS,-6.1754,106.8272,10.0
2026-05-07 16:42:37,SENS-JAKSEL,-6.2615,106.8106,10.0
2026-05-07 16:42:44,SENS-JAKPUS,-6.1754,106.8272,18.0
2026-05-07 16:42:46,SENS-JAKSEL,-6.2615,106.8106,5.0
2026-05-07 16:42:53,SENS-JAKPUS,-6.1754,106.8272,15.0
2026-05-07 16:42:55,SENS-JAKSEL,-6.2615,106.8106,17.0
2026-05-07 16:43:02,SENS-JAKPUS,-6.1754,106.8272,15.0
2026-05-07 16:43:05,SENS-JAKSEL,-6.2615,106.8106,18.0
2026-05-07 16:43:12,SENS-JAKPUS,-6.1754,106.8272,8.0
2026-05-07 16:43:14,SENS-JAKSEL,-6.2615,106.8106,19.0
2026-05-07 16:43:21,SENS-JAKPUS,-6.1754,106.8272,18.0
2026-05-07 16:43:23,SENS-JAKSEL,-6.2615,106.8106,63.0
2026-05-07 16:43:30,SENS-JAKPUS,-6.1754,106.8272,6.0
2026-05-07 16:43:32,SENS-JAKSEL,-6.2615,106.8106,5.0
2026-05-07 16:43:39,SENS-JAKPUS,-6.1754,106.8272,0.0
2026-05-07 16:43:41,SENS-JAKSEL,-6.2615,106.8106,5.0
2026-05-07 16:43:48,SENS-JAKPUS,-6.1754,106.8272,6.0
2026-05-07 16:43:50,SENS-JAKSEL,-6.2615,106.8106,6.0
2026-05-07 16:43:57,SENS-JAKPUS,-6.1754,106.8272,2.0
2026-05-07 16:43:59,SENS-JAKSEL,-6.2615,106.8106,7.0
2026-05-07 16:44:06,SENS-JAKPUS,-6.1754,106.8272,15.0
2026-05-07 16:44:08,SENS-JAKSEL,-6.2615,106.8106,1.0
2026-05-07 16:44:15,SENS-JAKPUS,-6.1754,106.8272,15.0
2026-05-07 16:44:17,SENS-JAKSEL,-6.2615,106.8106,15.0
2026-05-07 16:44:24,SENS-JAKPUS,-6.1754,106.8272,5.0
2026-05-07 16:44:26,SENS-JAKSEL,-6.2615,106.8106,0.0
2026-05-07 16:44:33,SENS-JAKPUS,-6.1754,106.8272,2.0
2026-05-07 16:44:35,SENS-JAKSEL,-6.2615,106.8106,13.0
2026-05-07 16:44:42,SENS-JAKPUS,-6.1754,106.8272,15.0
2026-05-07 16:44:44,SENS-JAKSEL,-6.2615,106.8106,14.0
2026-05-07 16:44:51,SENS-JAKPUS,-6.1754,106.8272,9.0
2026-05-07 16:44:53,SENS-JAKSEL,-6.2615,106.8106,8.0
2026-05-07 16:45:00,SENS-JAKPUS,-6.1754,106.8272,17.0
2026-05-07 16:45:02,SENS-JAKSEL,-6.2615,106.8106,12.0
2026-05-07 16:45:09,SENS-JAKPUS,-6.1754,106.8272,3.0
2026-05-07 16:45:12,SENS-JAKSEL,-6.2615,106.8106,2.0
2026-05-07 16:45:19,SENS-JAKPUS,-6.1754,106.8272,18.0
2026-05-07 16:45:21,SENS-JAKSEL,-6.2615,106.8106,13.0
2026-05-07 16:45:28,SENS-JAKPUS,-6.1754,106.8272,10.0
2026-05-07 16:45:30,SENS-JAKSEL,-6.2615,106.8106,14.0
2026-05-07 16:45:37,SENS-JAKPUS,-6.1754,106.8272,16.0
2026-05-07 16:45:39,SENS-JAKSEL,-6.2615,106.8106,3.0
2026-05-07 16:45:46,SENS-JAKPUS,-6.1754,106.8272,19.0
2026-05-07 16:45:48,SENS-JAKSEL,-6.2615,106.8106,10.0
2026-05-07 16:45:55,SENS-JAKPUS,-6.1754,106.8272,2.0
2026-05-07 16:45:57,SENS-JAKSEL,-6.2615,106.8106,14.0
2026-05-07 16:46:04,SENS-JAKPUS,-6.1754,106.8272,13.0
2026-05-07 16:46:06,SENS-JAKSEL,-6.2615,106.8106,16.0
2026-05-07 16:46:13,SENS-JAKPUS,-6.1754,106.8272,17.0
2026-05-07 16:46:15,SENS-JAKSEL,-6.2615,106.8106,3.0
2026-05-07 16:46:22,SENS-JAKPUS,-6.1754,106.8272,14.0
2026-05-07 16:46:24,SENS-JAKSEL,-6.2615,106.8106,93.0
2026-05-07 16:46:31,SENS-JAKPUS,-6.1754,106.8272,13.0
2026-05-07 16:46:33,SENS-JAKSEL,-6.2615,106.8106,10.0
2026-05-07 16:46:40,SENS-JAKPUS,-6.1754,106.8272,2.0
2026-05-07 16:46:42,SENS-JAKSEL,-6.2615,106.8106,12.0
2026-05-07 16:46:49,SENS-JAKPUS,-6.1754,106.8272,4.0
2026-05-07 16:46:51,SENS-JAKSEL,-6.2615,106.8106,11.0
2026-05-07 16:46:58,SENS-JAKPUS,-6.1754,106.8272,4.0
2026-05-07 16:47:00,SENS-JAKSEL,-6.2615,106.8106,17.0
2026-05-07 16:47:07,SENS-JAKPUS,-6.1754,106.8272,4.0
2026-05-07 16:47:10,SENS-JAKSEL,-6.2615,106.8106,8.0
2026-05-07 16:47:17,SENS-JAKPUS,-6.1754,106.8272,4.0
2026-05-07 16:47:19,SENS-JAKSEL,-6.2615,106.8106,17.0
2026-05-07 16:47:26,SENS-JAKPUS,-6.1754,106.8272,3.0
2026-05-07 16:47:28,SENS-JAKSEL,-6.2615,106.8106,19.0
2026-05-07 16:47:35,SENS-JAKPUS,-6.1754,106.8272,2.0
2026-05-07 16:47:37,SENS-JAKSEL,-6.2615,106.8106,13.0
2026-05-07 16:47:44,SENS-JAKPUS,-6.1754,106.8272,7.0
2026-05-07 16:47:46,SENS-JAKSEL,-6.2615,106.8106,5.0
2026-05-07 16:47:53,SENS-JAKPUS,-6.1754,106.8272,14.0
2026-05-07 16:47:55,SENS-JAKSEL,-6.2615,106.8106,12.0
2026-05-07 16:48:02,SENS-JAKPUS,-6.1754,106.8272,9.0
2026-05-07 16:48:04,SENS-JAKSEL,-6.2615,106.8106,66.0
2026-05-07 16:48:11,SENS-JAKPUS,-6.1754,106.8272,20.0
2026-05-07 16:48:13,SENS-JAKSEL,-6.2615,106.8106,8.0
2026-05-07 16:48:20,SENS-JAKPUS,-6.1754,106.8272,19.0
2026-05-07 16:48:22,SENS-JAKSEL,-6.2615,106.8106,16.0
2026-05-07 16:48:29,SENS-JAKPUS,-6.1754,106.8272,87.0
2026-05-07 16:48:31,SENS-JAKSEL,-6.2615,106.8106,18.0
2026-05-07 16:48:38,SENS-JAKPUS,-6.1754,106.8272,15.0
2026-05-07 16:48:40,SENS-JAKSEL,-6.2615,106.8106,2.0
2026-05-07 16:48:47,SENS-JAKPUS,-6.1754,106.8272,90.0
2026-05-07 16:48:49,SENS-JAKSEL,-6.2615,106.8106,8.0
2026-05-07 16:48:57,SENS-JAKPUS,-6.1754,106.8272,7.0
2026-05-07 16:48:59,SENS-JAKSEL,-6.2615,106.8106,20.0
2026-05-07 16:49:06,SENS-JAKPUS,-6.1754,106.8272,18.0
2026-05-07 16:49:08,SENS-JAKSEL,-6.2615,106.8106,96.0
2026-05-07 16:49:15,SENS-JAKPUS,-6.1754,106.8272,8.0
2026-05-07 16:49:17,SENS-JAKSEL,-6.2615,106.8106,15.0
2026-05-07 16:49:24,SENS-JAKPUS,-6.1754,106.8272,14.0
2026-05-07 16:49:26,SENS-JAKSEL,-6.2615,106.8106,3.0
2026-05-07 16:49:33,SENS-JAKPUS,-6.1754,106.8272,20.0
2026-05-07 16:49:35,SENS-JAKSEL,-6.2615,106.8106,5.0
2026-05-07 16:49:42,SENS-JAKPUS,-6.1754,106.8272,4.0
2026-05-07 16:49:44,SENS-JAKSEL,-6.2615,106.8106,11.0
2026-05-07 16:49:51,SENS-JAKPUS,-6.1754,106.8272,81.0
2026-05-07 16:49:53,SENS-JAKSEL,-6.2615,106.8106,0.0
2026-05-07 16:50:00,SENS-JAKPUS,-6.1754,106.8272,83.0
2026-05-07 16:50:02,SENS-JAKSEL,-6.2615,106.8106,66.0
2026-05-07 16:50:09,SENS-JAKPUS,-6.1754,106.8272,11.0
2026-05-07 16:50:11,SENS-JAKSEL,-6.2615,106.8106,1.0
2026-05-07 16:50:18,SENS-JAKPUS,-6.1754,106.8272,3.0
2026-05-07 16:50:20,SENS-JAKSEL,-6.2615,106.8106,19.0
2026-05-07 16:50:27,SENS-JAKPUS,-6.1754,106.8272,17.0
2026-05-07 16:50:29,SENS-JAKSEL,-6.2615,106.8106,1.0
2026-05-07 16:50:36,SENS-JAKPUS,-6.1754,106.8272,4.0
2026-05-07 16:50:38,SENS-JAKSEL,-6.2615,106.8106,4.0
2026-05-07 16:50:45,SENS-JAKPUS,-6.1754,106.8272,74.0
2026-05-07 16:50:47,SENS-JAKSEL,-6.2615,106.8106,15.0
2026-05-07 16:50:54,SENS-JAKPUS,-6.1754,106.8272,15.0
2026-05-07 16:50:57,SENS-JAKSEL,-6.2615,106.8106,15.0
2026-05-07 16:51:04,SENS-JAKPUS,-6.1754,106.8272,18.0
2026-05-07 16:51:06,SENS-JAKSEL,-6.2615,106.8106,13.0
2026-05-07 16:51:13,SENS-JAKPUS,-6.1754,106.8272,9.0
2026-05-07 16:51:15,SENS-JAKSEL,-6.2615,106.8106,85.0
2026-05-07 16:51:22,SENS-JAKPUS,-6.1754,106.8272,8.0
2026-05-07 16:51:24,SENS-JAKSEL,-6.2615,106.8106,12.0
2026-05-07 16:51:31,SENS-JAKPUS,-6.1754,106.8272,12.0
2026-05-07 16:51:33,SENS-JAKSEL,-6.2615,106.8106,17.0
2026-05-07 16:51:40,SENS-JAKPUS,-6.1754,106.8272,12.0
2026-05-07 16:51:42,SENS-JAKSEL,-6.2615,106.8106,2.0
2026-05-07 16:51:49,SENS-JAKPUS,-6.1754,106.8272,1.0
2026-05-07 16:51:51,SENS-JAKSEL,-6.2615,106.8106,14.0
2026-05-07 16:51:58,SENS-JAKPUS,-6.1754,106.8272,16.0
2026-05-07 16:52:00,SENS-JAKSEL,-6.2615,106.8106,6.0
2026-05-07 16:52:07,SENS-JAKPUS,-6.1754,106.8272,18.0
2026-05-07 16:52:09,SENS-JAKSEL,-6.2615,106.8106,6.0
2026-05-07 16:52:16,SENS-JAKPUS,-6.1754,106.8272,7.0
2026-05-07 16:52:18,SENS-JAKSEL,-6.2615,106.8106,84.0
2026-05-07 16:52:25,SENS-JAKPUS,-6.1754,106.8272,8.0
2026-05-07 16:52:27,SENS-JAKSEL,-6.2615,106.8106,5.0
2026-05-07 16:52:34,SENS-JAKPUS,-6.1754,106.8272,19.0
2026-05-07 16:52:36,SENS-JAKSEL,-6.2615,106.8106,11.0
2026-05-07 16:52:43,SENS-JAKPUS,-6.1754,106.8272,8.0
2026-05-07 16:52:45,SENS-JAKSEL,-6.2615,106.8106,5.0
2026-05-07 16:52:52,SENS-JAKPUS,-6.1754,106.8272,2.0
2026-05-07 16:52:55,SENS-JAKSEL,-6.2615,106.8106,13.0
2026-05-07 16:53:02,SENS-JAKPUS,-6.1754,106.8272,16.0
2026-05-07 16:53:04,SENS-JAKSEL,-6.2615,106.8106,15.0
2026-05-07 16:53:11,SENS-JAKPUS,-6.1754,106.8272,6.0
2026-05-07 16:53:11,DUMMY-99,-6.2146,106.8451,20.0
2026-05-07 16:53:13,DUMMY-99,-6.2146,106.8451,11.0
2026-05-07 16:53:13,SENS-JAKSEL,-6.2615,106.8106,14.0
2026-05-07 16:53:15,DUMMY-99,-6.2146,106.8451,29.0
2026-05-07 16:53:17,DUMMY-99,-6.2146,106.8451,29.0
2026-05-07 16:53:18,DUMMY-99,-6.2146,106.8451,7.0
2026-05-07 16:53:20,SENS-JAKPUS,-6.1754,106.8272,93.0
2026-05-07 16:53:21,DUMMY-99,-6.2146,106.8451,23.0
2026-05-07 16:53:22,SENS-JAKSEL,-6.2615,106.8106,7.0
2026-05-07 16:53:22,DUMMY-99,-6.2146,106.8451,3.0
2026-05-07 16:53:25,DUMMY-99,-6.2146,106.8451,27.0
2026-05-07 16:53:26,DUMMY-99,-6.2146,106.8451,16.0
2026-05-07 16:53:29,DUMMY-99,-6.2146,106.8451,0.0
2026-05-07 16:53:29,SENS-JAKPUS,-6.1754,106.8272,13.0
2026-05-07 16:53:31,DUMMY-99,-6.2146,106.8451,83.0
2026-05-07 16:53:31,SENS-JAKSEL,-6.2615,106.8106,3.0
2026-05-07 16:53:33,DUMMY-99,-6.2146,106.8451,8.0
2026-05-07 16:53:34,DUMMY-99,-6.2146,106.8451,9.0
2026-05-07 16:53:37,DUMMY-99,-6.2146,106.8451,10.0
2026-05-07 16:53:38,SENS-JAKPUS,-6.1754,106.8272,18.0
2026-05-07 16:53:39,DUMMY-99,-6.2146,106.8451,24.0
2026-05-07 16:53:40,SENS-JAKSEL,-6.2615,106.8106,15.0
2026-05-07 16:53:41,DUMMY-99,-6.2146,106.8451,12.0
2026-05-07 16:53:42,DUMMY-99,-6.2146,106.8451,0.0
2026-05-07 16:53:45,DUMMY-99,-6.2146,106.8451,26.0
2026-05-07 16:53:47,DUMMY-99,-6.2146,106.8451,28.0
2026-05-07 16:53:47,SENS-JAKPUS,-6.1754,106.8272,64.0
2026-05-07 16:53:48,DUMMY-99,-6.2146,106.8451,1.0
2026-05-07 16:53:49,SENS-JAKSEL,-6.2615,106.8106,5.0
2026-05-07 16:53:51,DUMMY-99,-6.2146,106.8451,23.0
2026-05-07 16:53:52,DUMMY-99,-6.2146,106.8451,8.0
2026-05-07 16:53:55,DUMMY-99,-6.2146,106.8451,16.0
2026-05-07 16:53:56,SENS-JAKPUS,-6.1754,106.8272,5.0
2026-05-07 16:53:56,DUMMY-99,-6.2146,106.8451,18.0
2026-05-07 16:53:58,SENS-JAKSEL,-6.2615,106.8106,8.0
2026-05-07 16:53:58,DUMMY-99,-6.2146,106.8451,10.0
2026-05-07 16:54:00,DUMMY-99,-6.2146,106.8451,90.0
2026-05-07 16:54:03,DUMMY-99,-6.2146,106.8451,23.0
2026-05-07 16:54:05,DUMMY-99,-6.2146,106.8451,21.0
2026-05-07 16:54:05,SENS-JAKPUS,-6.1754,106.8272,19.0
2026-05-07 16:54:07,DUMMY-99,-6.2146,106.8451,65.0
2026-05-07 16:54:07,SENS-JAKSEL,-6.2615,106.8106,8.0
2026-05-07 16:54:08,DUMMY-99,-6.2146,106.8451,14.0
2026-05-07 16:54:10,DUMMY-99,-6.2146,106.8451,24.0
2026-05-07 16:54:13,DUMMY-99,-6.2146,106.8451,27.0
2026-05-07 16:54:14,SENS-JAKPUS,-6.1754,106.8272,14.0
2026-05-07 16:54:14,DUMMY-99,-6.2146,106.8451,20.0
2026-05-07 16:54:16,SENS-JAKSEL,-6.2615,106.8106,3.0
2026-05-07 16:54:17,DUMMY-99,-6.2146,106.8451,21.0
2026-05-07 16:54:18,DUMMY-99,-6.2146,106.8451,0.0
2026-05-07 16:54:21,DUMMY-99,-6.2146,106.8451,28.0
2026-05-07 16:54:23,DUMMY-99,-6.2146,106.8451,24.0
2026-05-07 16:54:23,SENS-JAKPUS,-6.1754,106.8272,12.0
2026-05-07 16:54:25,DUMMY-99,-6.2146,106.8451,4.0
2026-05-07 16:54:25,SENS-JAKSEL,-6.2615,106.8106,11.0
2026-05-07 16:54:26,DUMMY-99,-6.2146,106.8451,26.0
2026-05-07 16:54:29,DUMMY-99,-6.2146,106.8451,9.0
2026-05-07 16:54:31,DUMMY-99,-6.2146,106.8451,22.0
2026-05-07 16:54:32,SENS-JAKPUS,-6.1754,106.8272,63.0
2026-05-07 16:54:32,DUMMY-99,-6.2146,106.8451,14.0
2026-05-07 16:54:34,SENS-JAKSEL,-6.2615,106.8106,19.0
2026-05-07 16:54:34,DUMMY-99,-6.2146,106.8451,10.0
2026-05-07 16:54:37,DUMMY-99,-6.2146,106.8451,15.0
2026-05-07 16:54:39,DUMMY-99,-6.2146,106.8451,27.0
2026-05-07 16:54:41,DUMMY-99,-6.2146,106.8451,8.0
2026-05-07 16:54:41,SENS-JAKPUS,-6.1754,106.8272,16.0
2026-05-07 16:54:42,DUMMY-99,-6.2146,106.8451,3.0
2026-05-07 16:54:43,SENS-JAKSEL,-6.2615,106.8106,6.0
2026-05-07 16:54:44,DUMMY-99,-6.2146,106.8451,11.0
2026-05-07 16:54:46,DUMMY-99,-6.2146,106.8451,9.0
2026-05-07 16:54:49,DUMMY-99,-6.2146,106.8451,22.0
2026-05-07 16:54:50,SENS-JAKPUS,-6.1754,106.8272,5.0
2026-05-07 16:54:51,DUMMY-99,-6.2146,106.8451,17.0
2026-05-07 16:54:52,DUMMY-99,-6.2146,106.8451,12.0
2026-05-07 16:54:53,SENS-JAKSEL,-6.2615,106.8106,10.0
2026-05-07 16:54:54,DUMMY-99,-6.2146,106.8451,8.0
2026-05-07 16:54:56,DUMMY-99,-6.2146,106.8451,16.0
2026-05-07 16:54:59,DUMMY-99,-6.2146,106.8451,18.0
2026-05-07 16:55:00,SENS-JAKPUS,-6.1754,106.8272,9.0
2026-05-07 16:55:00,DUMMY-99,-6.2146,106.8451,9.0
2026-05-07 16:55:02,SENS-JAKSEL,-6.2615,106.8106,14.0
2026-05-07 16:55:02,DUMMY-99,-6.2146,106.8451,28.0
2026-05-07 16:55:04,DUMMY-99,-6.2146,106.8451,3.0
2026-05-07 16:55:06,DUMMY-99,-6.2146,106.8451,16.0
2026-05-07 16:55:08,DUMMY-99,-6.2146,106.8451,62.0
2026-05-07 16:55:09,SENS-JAKPUS,-6.1754,106.8272,16.0
2026-05-07 16:55:10,DUMMY-99,-6.2146,106.8451,23.0
2026-05-07 16:55:11,SENS-JAKSEL,-6.2615,106.8106,10.0
2026-05-07 16:55:12,DUMMY-99,-6.2146,106.8451,7.0
2026-05-07 16:55:15,DUMMY-99,-6.2146,106.8451,28.0
2026-05-07 16:55:16,DUMMY-99,-6.2146,106.8451,24.0
2026-05-07 16:55:18,SENS-JAKPUS,-6.1754,106.8272,78.0
2026-05-07 16:55:19,DUMMY-99,-6.2146,106.8451,8.0
2026-05-07 16:55:20,SENS-JAKSEL,-6.2615,106.8106,16.0
2026-05-07 16:55:20,DUMMY-99,-6.2146,106.8451,96.0
2026-05-07 16:55:23,DUMMY-99,-6.2146,106.8451,15.0
2026-05-07 16:55:24,DUMMY-99,-6.2146,106.8451,1.0
2026-05-07 16:55:26,DUMMY-99,-6.2146,106.8451,10.0
2026-05-07 16:55:27,SENS-JAKPUS,-6.1754,106.8272,12.0
2026-05-07 16:55:29,DUMMY-99,-6.2146,106.8451,23.0
2026-05-07 16:55:29,SENS-JAKSEL,-6.2615,106.8106,7.0
2026-05-07 16:55:31,DUMMY-99,-6.2146,106.8451,2.0
2026-05-07 16:55:33,DUMMY-99,-6.2146,106.8451,22.0
2026-05-07 16:55:34,DUMMY-99,-6.2146,106.8451,25.0
2026-05-07 16:55:36,SENS-JAKPUS,-6.1754,106.8272,2.0
2026-05-07 16:55:37,DUMMY-99,-6.2146,106.8451,27.0
2026-05-07 16:55:38,SENS-JAKSEL,-6.2615,106.8106,99.0
2026-05-07 16:55:39,DUMMY-99,-6.2146,106.8451,26.0
2026-05-07 16:55:40,DUMMY-99,-6.2146,106.8451,11.0
2026-05-07 16:55:42,DUMMY-99,-6.2146,106.8451,10.0
2026-05-07 16:55:44,DUMMY-99,-6.2146,106.8451,0.0
2026-05-07 16:55:45,SENS-JAKPUS,-6.1754,106.8272,3.0
2026-05-07 16:55:47,DUMMY-99,-6.2146,106.8451,7.0
2026-05-07 16:55:47,SENS-JAKSEL,-6.2615,106.8106,8.0
2026-05-07 16:55:48,DUMMY-99,-6.2146,106.8451,1.0
2026-05-07 16:55:51,DUMMY-99,-6.2146,106.8451,0.0
2026-05-07 16:55:52,DUMMY-99,-6.2146,106.8451,6.0
2026-05-07 16:55:54,SENS-JAKPUS,-6.1754,106.8272,1.0
2026-05-07 16:55:54,DUMMY-99,-6.2146,106.8451,12.0
2026-05-07 16:55:56,SENS-JAKSEL,-6.2615,106.8106,100.0
2026-05-07 16:55:56,DUMMY-99,-6.2146,106.8451,11.0
2026-05-07 16:55:59,DUMMY-99,-6.2146,106.8451,82.0
2026-05-07 16:56:00,DUMMY-99,-6.2146,106.8451,1.0
2026-05-07 16:56:03,DUMMY-99,-6.2146,106.8451,3.0
2026-05-07 16:56:03,SENS-JAKPUS,-6.1754,106.8272,9.0
2026-05-07 16:56:05,DUMMY-99,-6.2146,106.8451,87.0
2026-05-07 16:56:05,SENS-JAKSEL,-6.2615,106.8106,12.0
2026-05-07 16:56:07,DUMMY-99,-6.2146,106.8451,0.0
2026-05-07 16:56:08,DUMMY-99,-6.2146,106.8451,22.0
2026-05-07 16:56:10,DUMMY-99,-6.2146,106.8451,8.0
2026-05-07 16:56:12,SENS-JAKPUS,-6.1754,106.8272,7.0
2026-05-07 16:56:13,DUMMY-99,-6.2146,106.8451,15.0
2026-05-07 16:56:14,SENS-JAKSEL,-6.2615,106.8106,16.0
2026-05-07 16:56:14,DUMMY-99,-6.2146,106.8451,4.0
2026-05-07 16:56:16,DUMMY-99,-6.2146,106.8451,13.0
2026-05-07 16:56:18,DUMMY-99,-6.2146,106.8451,19.0
2026-05-07 16:56:20,DUMMY-99,-6.2146,106.8451,7.0
2026-05-07 16:56:21,SENS-JAKPUS,-6.1754,106.8272,4.0
2026-05-07 16:56:23,DUMMY-99,-6.2146,106.8451,2.0
2026-05-07 16:56:23,SENS-JAKSEL,-6.2615,106.8106,17.0
2026-05-07 16:56:24,DUMMY-99,-6.2146,106.8451,27.0
2026-05-07 16:56:26,DUMMY-99,-6.2146,106.8451,22.0
2026-05-07 16:56:29,DUMMY-99,-6.2146,106.8451,12.0
2026-05-07 16:56:30,SENS-JAKPUS,-6.1754,106.8272,18.0
2026-05-07 16:56:30,DUMMY-99,-6.2146,106.8451,10.0
2026-05-07 16:56:32,SENS-JAKSEL,-6.2615,106.8106,4.0
2026-05-07 16:56:33,DUMMY-99,-6.2146,106.8451,18.0
2026-05-07 16:56:34,DUMMY-99,-6.2146,106.8451,25.0
2026-05-07 16:56:37,DUMMY-99,-6.2146,106.8451,7.0
2026-05-07 16:56:39,DUMMY-99,-6.2146,106.8451,98.0
2026-05-07 16:56:39,SENS-JAKPUS,-6.1754,106.8272,9.0
2026-05-07 16:56:41,DUMMY-99,-6.2146,106.8451,24.0
2026-05-07 16:56:41,SENS-JAKSEL,-6.2615,106.8106,9.0
2026-05-07 16:56:42,DUMMY-99,-6.2146,106.8451,18.0
2026-05-07 16:56:44,DUMMY-99,-6.2146,106.8451,22.0
2026-05-07 16:56:46,DUMMY-99,-6.2146,106.8451,26.0
2026-05-07 16:56:48,DUMMY-99,-6.2146,106.8451,22.0
2026-05-07 16:56:48,SENS-JAKPUS,-6.1754,106.8272,7.0
2026-05-07 16:56:50,DUMMY-99,-6.2146,106.8451,27.0
2026-05-07 16:56:51,SENS-JAKSEL,-6.2615,106.8106,20.0
2026-05-07 16:56:53,DUMMY-99,-6.2146,106.8451,12.0
2026-05-07 16:56:57,DUMMY-99,-6.2146,106.8451,10.0
2026-05-07 16:56:58,SENS-JAKPUS,-6.1754,106.8272,9.0
2026-05-07 16:56:59,DUMMY-99,-6.2146,106.8451,56.0
2026-05-07 16:57:00,SENS-JAKSEL,-6.2615,106.8106,11.0
2026-05-07 16:57:00,DUMMY-99,-6.2146,106.8451,11.0
2026-05-07 16:57:03,DUMMY-99,-6.2146,106.8451,26.0
2026-05-07 16:57:04,DUMMY-99,-6.2146,106.8451,5.0
2026-05-07 16:57:07,SENS-JAKPUS,-6.1754,106.8272,10.0
2026-05-07 16:57:07,DUMMY-99,-6.2146,106.8451,73.0
2026-05-07 16:57:08,DUMMY-99,-6.2146,106.8451,0.0
2026-05-07 16:57:09,SENS-JAKSEL,-6.2615,106.8106,5.0
2026-05-07 16:57:10,DUMMY-99,-6.2146,106.8451,17.0
2026-05-07 16:57:12,DUMMY-99,-6.2146,106.8451,3.0
2026-05-07 16:57:14,DUMMY-99,-6.2146,106.8451,11.0
2026-05-07 16:57:16,SENS-JAKPUS,-6.1754,106.8272,9.0
2026-05-07 16:57:16,DUMMY-99,-6.2146,106.8451,12.0
2026-05-07 16:57:18,SENS-JAKSEL,-6.2615,106.8106,15.0
2026-05-07 16:57:18,DUMMY-99,-6.2146,106.8451,4.0
2026-05-07 16:57:20,DUMMY-99,-6.2146,106.8451,25.0
2026-05-07 16:57:22,DUMMY-99,-6.2146,106.8451,23.0
2026-05-07 16:57:24,DUMMY-99,-6.2146,106.8451,15.0
2026-05-07 16:57:25,SENS-JAKPUS,-6.1754,106.8272,3.0
2026-05-07 16:57:26,DUMMY-99,-6.2146,106.8451,24.0
2026-05-07 16:57:27,SENS-JAKSEL,-6.2615,106.8106,3.0
2026-05-07 16:57:29,DUMMY-99,-6.2146,106.8451,18.0
2026-05-07 16:57:31,DUMMY-99,-6.2146,106.8451,13.0
2026-05-07 16:57:33,DUMMY-99,-6.2146,106.8451,11.0
2026-05-07 16:57:34,SENS-JAKPUS,-6.1754,106.8272,16.0
2026-05-07 16:57:34,DUMMY-99,-6.2146,106.8451,85.0
2026-05-07 16:57:36,SENS-JAKSEL,-6.2615,106.8106,11.0
2026-05-07 16:57:37,DUMMY-99,-6.2146,106.8451,15.0
2026-05-07 16:57:38,DUMMY-99,-6.2146,106.8451,16.0
2026-05-07 16:57:40,DUMMY-99,-6.2146,106.8451,21.0
2026-05-07 16:57:42,DUMMY-99,-6.2146,106.8451,26.0
2026-05-07 16:57:43,SENS-JAKPUS,-6.1754,106.8272,2.0
2026-05-07 16:57:44,DUMMY-99,-6.2146,106.8451,22.0
2026-05-07 16:57:45,SENS-JAKSEL,-6.2615,106.8106,3.0
2026-05-07 16:57:46,DUMMY-99,-6.2146,106.8451,10.0
2026-05-07 16:57:48,DUMMY-99,-6.2146,106.8451,5.0
2026-05-07 16:57:50,DUMMY-99,-6.2146,106.8451,16.0
2026-05-07 16:57:52,SENS-JAKPUS,-6.1754,106.8272,8.0
2026-05-07 16:57:52,DUMMY-99,-6.2146,106.8451,19.0
2026-05-07 16:57:54,SENS-JAKSEL,-6.2615,106.8106,20.0
2026-05-07 16:57:55,DUMMY-99,-6.2146,106.8451,0.0
2026-05-07 16:57:57,DUMMY-99,-6.2146,106.8451,1.0
2026-05-07 16:57:58,DUMMY-99,-6.2146,106.8451,20.0
2026-05-07 16:58:00,DUMMY-99,-6.2146,106.8451,16.0
2026-05-07 16:58:01,SENS-JAKPUS,-6.1754,106.8272,20.0
2026-05-07 16:58:03,DUMMY-99,-6.2146,106.8451,14.0
2026-05-07 16:58:03,SENS-JAKSEL,-6.2615,106.8106,6.0
2026-05-07 16:58:05,DUMMY-99,-6.2146,106.8451,5.0
2026-05-07 16:58:07,DUMMY-99,-6.2146,106.8451,4.0
2026-05-07 16:58:08,DUMMY-99,-6.2146,106.8451,21.0
2026-05-07 16:58:10,SENS-JAKPUS,-6.1754,106.8272,17.0
2026-05-07 16:58:11,DUMMY-99,-6.2146,106.8451,11.0
2026-05-07 16:58:12,SENS-JAKSEL,-6.2615,106.8106,0.0
2026-05-07 16:58:13,DUMMY-99,-6.2146,106.8451,29.0
2026-05-07 16:58:15,DUMMY-99,-6.2146,106.8451,4.0
2026-05-07 16:58:16,DUMMY-99,-6.2146,106.8451,13.0
2026-05-07 16:58:18,DUMMY-99,-6.2146,106.8451,10.0
2026-05-07 16:58:19,SENS-JAKPUS,-6.1754,106.8272,11.0
2026-05-07 16:58:21,DUMMY-99,-6.2146,106.8451,8.0
2026-05-07 16:58:21,SENS-JAKSEL,-6.2615,106.8106,3.0
2026-05-07 16:58:23,DUMMY-99,-6.2146,106.8451,24.0
2026-05-07 16:58:25,DUMMY-99,-6.2146,106.8451,8.0
2026-05-07 16:58:27,DUMMY-99,-6.2146,106.8451,15.0
2026-05-07 16:58:28,SENS-JAKPUS,-6.1754,106.8272,88.0
2026-05-07 16:58:29,DUMMY-99,-6.2146,106.8451,28.0
2026-05-07 16:58:30,SENS-JAKSEL,-6.2615,106.8106,16.0
2026-05-07 16:58:31,DUMMY-99,-6.2146,106.8451,21.0
2026-05-07 16:58:33,DUMMY-99,-6.2146,106.8451,14.0
2026-05-07 16:58:35,DUMMY-99,-6.2146,106.8451,81.0
2026-05-07 16:58:37,DUMMY-99,-6.2146,106.8451,28.0
2026-05-07 16:58:37,SENS-JAKPUS,-6.1754,106.8272,4.0
2026-05-07 16:58:39,DUMMY-99,-6.2146,106.8451,29.0
2026-05-07 16:58:39,SENS-JAKSEL,-6.2615,106.8106,79.0
2026-05-07 16:58:41,DUMMY-99,-6.2146,106.8451,16.0
2026-05-07 16:58:42,DUMMY-99,-6.2146,106.8451,23.0
2026-05-07 16:58:45,DUMMY-99,-6.2146,106.8451,9.0
2026-05-07 16:58:47,SENS-JAKPUS,-6.1754,106.8272,5.0
2026-05-07 16:58:47,DUMMY-99,-6.2146,106.8451,5.0
2026-05-07 16:58:48,DUMMY-99,-6.2146,106.8451,15.0
2026-05-07 16:58:49,SENS-JAKSEL,-6.2615,106.8106,8.0
2026-05-07 16:58:50,DUMMY-99,-6.2146,106.8451,57.0
2026-05-07 16:58:53,DUMMY-99,-6.2146,106.8451,16.0
2026-05-07 16:58:55,DUMMY-99,-6.2146,106.8451,28.0
2026-05-07 16:58:56,SENS-JAKPUS,-6.1754,106.8272,3.0
2026-05-07 16:58:57,DUMMY-99,-6.2146,106.8451,15.0
2026-05-07 16:58:58,SENS-JAKSEL,-6.2615,106.8106,20.0
2026-05-07 16:58:58,DUMMY-99,-6.2146,106.8451,28.0
2026-05-07 16:59:01,DUMMY-99,-6.2146,106.8451,27.0
2026-05-07 16:59:04,DUMMY-99,-6.2146,106.8451,6.0
2026-05-07 16:59:05,SENS-JAKPUS,-6.1754,106.8272,14.0
2026-05-07 16:59:07,DUMMY-99,-6.2146,106.8451,81.0
2026-05-07 16:59:07,SENS-JAKSEL,-6.2615,106.8106,17.0
2026-05-07 16:59:08,DUMMY-99,-6.2146,106.8451,2.0
2026-05-07 16:59:11,DUMMY-99,-6.2146,106.8451,15.0
2026-05-07 16:59:13,DUMMY-99,-6.2146,106.8451,9.0
2026-05-07 16:59:14,SENS-JAKPUS,-6.1754,106.8272,12.0
2026-05-07 16:59:15,DUMMY-99,-6.2146,106.8451,22.0
2026-05-07 16:59:16,SENS-JAKSEL,-6.2615,106.8106,10.0
2026-05-07 16:59:16,DUMMY-99,-6.2146,106.8451,27.0
2026-05-07 16:59:18,DUMMY-99,-6.2146,106.8451,7.0
2026-05-07 16:59:21,DUMMY-99,-6.2146,106.8451,17.0
2026-05-07 16:59:23,DUMMY-99,-6.2146,106.8451,28.0
2026-05-07 16:59:23,SENS-JAKPUS,-6.1754,106.8272,3.0
2026-05-07 16:59:24,DUMMY-99,-6.2146,106.8451,12.0
2026-05-07 16:59:25,SENS-JAKSEL,-6.2615,106.8106,17.0
2026-05-07 16:59:27,DUMMY-99,-6.2146,106.8451,20.0
2026-05-07 16:59:28,DUMMY-99,-6.2146,106.8451,24.0
2026-05-07 16:59:31,DUMMY-99,-6.2146,106.8451,21.0
2026-05-07 16:59:32,SENS-JAKPUS,-6.1754,106.8272,18.0
2026-05-07 16:59:32,DUMMY-99,-6.2146,106.8451,24.0
2026-05-07 16:59:34,SENS-JAKSEL,-6.2615,106.8106,11.0
2026-05-07 16:59:35,DUMMY-99,-6.2146,106.8451,28.0
2026-05-07 16:59:36,DUMMY-99,-6.2146,106.8451,24.0
2026-05-07 16:59:38,DUMMY-99,-6.2146,106.8451,7.0
2026-05-07 16:59:40,DUMMY-99,-6.2146,106.8451,6.0
2026-05-07 16:59:41,SENS-JAKPUS,-6.1754,106.8272,13.0
2026-05-07 16:59:42,DUMMY-99,-6.2146,106.8451,4.0
2026-05-07 16:59:43,SENS-JAKSEL,-6.2615,106.8106,8.0
2026-05-07 16:59:45,DUMMY-99,-6.2146,106.8451,2.0
2026-05-07 16:59:47,DUMMY-99,-6.2146,106.8451,11.0
2026-05-07 16:59:49,DUMMY-99,-6.2146,106.8451,9.0
2026-05-07 16:59:50,SENS-JAKPUS,-6.1754,106.8272,91.0
2026-05-07 16:59:50,DUMMY-99,-6.2146,106.8451,23.0
2026-05-07 16:59:52,SENS-JAKSEL,-6.2615,106.8106,11.0
2026-05-07 16:59:53,DUMMY-99,-6.2146,106.8451,4.0
2026-05-07 16:59:55,DUMMY-99,-6.2146,106.8451,7.0
2026-05-07 16:59:57,DUMMY-99,-6.2146,106.8451,3.0
2026-05-07 16:59:58,DUMMY-99,-6.2146,106.8451,5.0
2026-05-07 16:59:59,SENS-JAKPUS,-6.1754,106.8272,16.0
2026-05-07 17:00:00,DUMMY-99,-6.2146,106.8451,10.0
2026-05-07 17:00:01,SENS-JAKSEL,-6.2615,106.8106,1.0
2026-05-07 17:00:03,DUMMY-99,-6.2146,106.8451,5.0
2026-05-07 17:00:05,DUMMY-99,-6.2146,106.8451,68.0
2026-05-07 17:00:06,DUMMY-99,-6.2146,106.8451,0.0
2026-05-07 17:00:08,SENS-JAKPUS,-6.1754,106.8272,14.0
2026-05-07 17:00:08,DUMMY-99,-6.2146,106.8451,20.0
2026-05-07 17:00:10,SENS-JAKSEL,-6.2615,106.8106,19.0
2026-05-07 17:00:10,DUMMY-99,-6.2146,106.8451,20.0
2026-05-07 17:00:12,DUMMY-99,-6.2146,106.8451,27.0
2026-05-07 17:00:15,DUMMY-99,-6.2146,106.8451,23.0
2026-05-07 17:00:16,DUMMY-99,-6.2146,106.8451,3.0
2026-05-07 17:00:17,SENS-JAKPUS,-6.1754,106.8272,2.0
2026-05-07 17:00:19,DUMMY-99,-6.2146,106.8451,11.0
2026-05-07 17:00:19,SENS-JAKSEL,-6.2615,106.8106,2.0
2026-05-07 17:00:21,DUMMY-99,-6.2146,106.8451,64.0
2026-05-07 17:00:23,DUMMY-99,-6.2146,106.8451,28.0
2026-05-07 17:00:24,DUMMY-99,-6.2146,106.8451,25.0
2026-05-07 17:00:26,SENS-JAKPUS,-6.1754,106.8272,6.0
2026-05-07 17:00:26,DUMMY-99,-6.2146,106.8451,0.0
2026-05-07 17:00:28,SENS-JAKSEL,-6.2615,106.8106,0.0
2026-05-07 17:00:28,DUMMY-99,-6.2146,106.8451,1.0
2026-05-07 17:00:30,DUMMY-99,-6.2146,106.8451,72.0
2026-05-07 17:00:32,DUMMY-99,-6.2146,106.8451,76.0
2026-05-07 17:00:35,DUMMY-99,-6.2146,106.8451,24.0
2026-05-07 17:00:35,SENS-JAKPUS,-6.1754,106.8272,98.0
2026-05-07 17:00:36,DUMMY-99,-6.2146,106.8451,16.0
2026-05-07 17:00:37,SENS-JAKSEL,-6.2615,106.8106,12.0
2026-05-07 17:00:39,DUMMY-99,-6.2146,106.8451,2.0
2026-05-07 17:00:40,DUMMY-99,-6.2146,106.8451,2.0
2026-05-07 17:00:42,DUMMY-99,-6.2146,106.8451,0.0
2026-05-07 17:00:44,SENS-JAKPUS,-6.1754,106.8272,2.0
2026-05-07 17:00:45,DUMMY-99,-6.2146,106.8451,29.0
2026-05-07 17:00:46,SENS-JAKSEL,-6.2615,106.8106,19.0
2026-05-07 17:00:47,DUMMY-99,-6.2146,106.8451,23.0
2026-05-07 17:00:49,DUMMY-99,-6.2146,106.8451,18.0
2026-05-07 17:00:50,DUMMY-99,-6.2146,106.8451,1.0
2026-05-07 17:00:53,DUMMY-99,-6.2146,106.8451,29.0
2026-05-07 17:00:54,SENS-JAKPUS,-6.1754,106.8272,18.0
2026-05-07 17:00:55,DUMMY-99,-6.2146,106.8451,63.0
2026-05-07 17:00:56,SENS-JAKSEL,-6.2615,106.8106,19.0
2026-05-07 17:00:56,DUMMY-99,-6.2146,106.8451,26.0
2026-05-07 17:00:58,DUMMY-99,-6.2146,106.8451,27.0
2026-05-07 17:01:01,DUMMY-99,-6.2146,106.8451,7.0
2026-05-07 17:01:02,DUMMY-99,-6.2146,106.8451,15.0
2026-05-07 17:01:03,SENS-JAKPUS,-6.1754,106.8272,13.0
2026-05-07 17:01:05,DUMMY-99,-6.2146,106.8451,29.0
2026-05-07 17:01:05,SENS-JAKSEL,-6.2615,106.8106,8.0
2026-05-07 17:01:06,DUMMY-99,-6.2146,106.8451,24.0
2026-05-07 17:01:08,DUMMY-99,-6.2146,106.8451,20.0
2026-05-07 17:01:11,DUMMY-99,-6.2146,106.8451,13.0
2026-05-07 17:01:12,SENS-JAKPUS,-6.1754,106.8272,12.0
2026-05-07 17:01:13,DUMMY-99,-6.2146,106.8451,9.0
2026-05-07 17:01:14,SENS-JAKSEL,-6.2615,106.8106,19.0
2026-05-07 17:01:15,DUMMY-99,-6.2146,106.8451,1.0
2026-05-07 17:01:16,DUMMY-99,-6.2146,106.8451,22.0
2026-05-07 17:01:19,DUMMY-99,-6.2146,106.8451,26.0
2026-05-07 17:01:21,DUMMY-99,-6.2146,106.8451,22.0
2026-05-07 17:01:21,SENS-JAKPUS,-6.1754,106.8272,2.0
2026-05-07 17:01:23,DUMMY-99,-6.2146,106.8451,23.0
2026-05-07 17:01:23,SENS-JAKSEL,-6.2615,106.8106,20.0
2026-05-07 17:01:24,DUMMY-99,-6.2146,106.8451,80.0
2026-05-07 17:01:27,DUMMY-99,-6.2146,106.8451,11.0
2026-05-07 17:01:29,DUMMY-99,-6.2146,106.8451,29.0
2026-05-07 17:01:30,SENS-JAKPUS,-6.1754,106.8272,9.0
2026-05-07 17:01:31,DUMMY-99,-6.2146,106.8451,18.0
2026-05-07 17:01:32,SENS-JAKSEL,-6.2615,106.8106,14.0
2026-05-07 17:01:32,DUMMY-99,-6.2146,106.8451,0.0
2026-05-07 17:01:34,DUMMY-99,-6.2146,106.8451,7.0
2026-05-07 17:01:37,DUMMY-99,-6.2146,106.8451,67.0
2026-05-07 17:01:38,DUMMY-99,-6.2146,106.8451,28.0
2026-05-07 17:01:39,SENS-JAKPUS,-6.1754,106.8272,72.0
2026-05-07 17:01:40,DUMMY-99,-6.2146,106.8451,4.0
2026-05-07 17:01:41,SENS-JAKSEL,-6.2615,106.8106,17.0
2026-05-07 17:01:42,DUMMY-99,-6.2146,106.8451,0.0
2026-05-07 17:01:44,DUMMY-99,-6.2146,106.8451,21.0
2026-05-07 17:01:47,DUMMY-99,-6.2146,106.8451,29.0
2026-05-07 17:01:48,SENS-JAKPUS,-6.1754,106.8272,16.0
2026-05-07 17:01:49,DUMMY-99,-6.2146,106.8451,25.0
2026-05-07 17:01:50,SENS-JAKSEL,-6.2615,106.8106,0.0
2026-05-07 17:01:50,DUMMY-99,-6.2146,106.8451,17.0
2026-05-07 17:01:53,DUMMY-99,-6.2146,106.8451,58.0
2026-05-07 17:01:55,DUMMY-99,-6.2146,106.8451,11.0
2026-05-07 17:01:57,DUMMY-99,-6.2146,106.8451,25.0
2026-05-07 17:01:57,SENS-JAKPUS,-6.1754,106.8272,1.0
2026-05-07 17:01:58,DUMMY-99,-6.2146,106.8451,29.0
2026-05-07 17:01:59,SENS-JAKSEL,-6.2615,106.8106,12.0
2026-05-07 17:02:00,DUMMY-99,-6.2146,106.8451,6.0
2026-05-07 17:02:03,DUMMY-99,-6.2146,106.8451,81.0
2026-05-07 17:02:04,DUMMY-99,-6.2146,106.8451,18.0
2026-05-07 17:02:06,SENS-JAKPUS,-6.1754,106.8272,95.0
2026-05-07 17:02:06,DUMMY-99,-6.2146,106.8451,13.0
2026-05-07 17:02:08,SENS-JAKSEL,-6.2615,106.8106,19.0
2026-05-07 17:02:09,DUMMY-99,-6.2146,106.8451,20.0
2026-05-07 17:02:10,DUMMY-99,-6.2146,106.8451,18.0
2026-05-07 17:02:13,DUMMY-99,-6.2146,106.8451,9.0
2026-05-07 17:02:14,DUMMY-99,-6.2146,106.8451,5.0
2026-05-07 17:02:15,SENS-JAKPUS,-6.1754,106.8272,7.0
2026-05-07 17:02:16,DUMMY-99,-6.2146,106.8451,22.0
2026-05-07 17:02:17,SENS-JAKSEL,-6.2615,106.8106,18.0
2026-05-07 17:02:18,DUMMY-99,-6.2146,106.8451,1.0
2026-05-07 17:02:20,DUMMY-99,-6.2146,106.8451,0.0
2026-05-07 17:02:23,DUMMY-99,-6.2146,106.8451,13.0
2026-05-07 17:02:24,SENS-JAKPUS,-6.1754,106.8272,3.0
2026-05-07 17:02:24,DUMMY-99,-6.2146,106.8451,13.0
2026-05-07 17:02:26,SENS-JAKSEL,-6.2615,106.8106,9.0
2026-05-07 17:02:26,DUMMY-99,-6.2146,106.8451,72.0
2026-05-07 17:02:28,DUMMY-99,-6.2146,106.8451,29.0
2026-05-07 17:02:30,DUMMY-99,-6.2146,106.8451,24.0
2026-05-07 17:02:32,DUMMY-99,-6.2146,106.8451,7.0
2026-05-07 17:02:33,SENS-JAKPUS,-6.1754,106.8272,10.0
2026-05-07 17:02:35,DUMMY-99,-6.2146,106.8451,25.0
2026-05-07 17:02:35,SENS-JAKSEL,-6.2615,106.8106,9.0
2026-05-07 17:02:36,DUMMY-99,-6.2146,106.8451,84.0
2026-05-07 17:02:39,DUMMY-99,-6.2146,106.8451,6.0
2026-05-07 17:02:40,DUMMY-99,-6.2146,106.8451,24.0
2026-05-07 17:02:42,DUMMY-99,-6.2146,106.8451,25.0
2026-05-07 17:02:43,SENS-JAKPUS,-6.1754,106.8272,17.0
2026-05-07 17:02:44,DUMMY-99,-6.2146,106.8451,10.0
2026-05-07 17:02:45,SENS-JAKSEL,-6.2615,106.8106,7.0
2026-05-07 17:02:47,DUMMY-99,-6.2146,106.8451,13.0
2026-05-07 17:02:48,DUMMY-99,-6.2146,106.8451,3.0
2026-05-07 17:02:50,DUMMY-99,-6.2146,106.8451,24.0
2026-05-07 17:02:52,SENS-JAKPUS,-6.1754,106.8272,6.0
2026-05-07 17:02:53,DUMMY-99,-6.2146,106.8451,11.0
2026-05-07 17:02:54,SENS-JAKSEL,-6.2615,106.8106,17.0
2026-05-07 17:02:55,DUMMY-99,-6.2146,106.8451,11.0
2026-05-07 17:02:57,DUMMY-99,-6.2146,106.8451,21.0
2026-05-07 17:02:58,DUMMY-99,-6.2146,106.8451,15.0
2026-05-07 17:03:01,DUMMY-99,-6.2146,106.8451,9.0
2026-05-07 17:03:01,SENS-JAKPUS,-6.1754,106.8272,74.0
2026-05-07 17:03:03,DUMMY-99,-6.2146,106.8451,10.0
2026-05-07 17:03:03,SENS-JAKSEL,-6.2615,106.8106,0.0
2026-05-07 17:03:05,DUMMY-99,-6.2146,106.8451,15.0
2026-05-07 17:03:06,DUMMY-99,-6.2146,106.8451,17.0
2026-05-07 17:03:09,DUMMY-99,-6.2146,106.8451,20.0
2026-05-07 17:03:10,SENS-JAKPUS,-6.1754,106.8272,17.0
2026-05-07 17:03:10,DUMMY-99,-6.2146,106.8451,27.0
2026-05-07 17:03:12,SENS-JAKSEL,-6.2615,106.8106,8.0
2026-05-07 17:03:13,DUMMY-99,-6.2146,106.8451,14.0
2026-05-07 17:03:14,DUMMY-99,-6.2146,106.8451,10.0
2026-05-07 17:03:16,DUMMY-99,-6.2146,106.8451,18.0
2026-05-07 17:03:19,DUMMY-99,-6.2146,106.8451,8.0
2026-05-07 17:03:19,SENS-JAKPUS,-6.1754,106.8272,12.0
2026-05-07 17:03:21,DUMMY-99,-6.2146,106.8451,2.0
2026-05-07 17:03:21,SENS-JAKSEL,-6.2615,106.8106,7.0
2026-05-07 17:03:23,DUMMY-99,-6.2146,106.8451,16.0
2026-05-07 17:03:24,DUMMY-99,-6.2146,106.8451,2.0
2026-05-07 17:03:27,DUMMY-99,-6.2146,106.8451,8.0
2026-05-07 17:03:28,SENS-JAKPUS,-6.1754,106.8272,65.0
2026-05-07 17:03:29,DUMMY-99,-6.2146,106.8451,4.0
2026-05-07 17:03:30,SENS-JAKSEL,-6.2615,106.8106,6.0
2026-05-07 17:03:30,DUMMY-99,-6.2146,106.8451,11.0
2026-05-07 17:03:32,DUMMY-99,-6.2146,106.8451,23.0
2026-05-07 17:03:35,DUMMY-99,-6.2146,106.8451,28.0
2026-05-07 17:03:37,DUMMY-99,-6.2146,106.8451,18.0
2026-05-07 17:03:37,SENS-JAKPUS,-6.1754,106.8272,14.0
2026-05-07 17:03:39,DUMMY-99,-6.2146,106.8451,29.0
2026-05-07 17:03:39,SENS-JAKSEL,-6.2615,106.8106,2.0
2026-05-07 17:03:40,DUMMY-99,-6.2146,106.8451,2.0
2026-05-07 17:03:42,DUMMY-99,-6.2146,106.8451,6.0
2026-05-07 17:03:45,DUMMY-99,-6.2146,106.8451,21.0
2026-05-07 17:03:46,SENS-JAKPUS,-6.1754,106.8272,16.0
2026-05-07 17:03:47,DUMMY-99,-6.2146,106.8451,11.0
2026-05-07 17:03:48,SENS-JAKSEL,-6.2615,106.8106,20.0
2026-05-07 17:03:48,DUMMY-99,-6.2146,106.8451,72.0
2026-05-07 17:03:51,DUMMY-99,-6.2146,106.8451,28.0
2026-05-07 17:03:53,DUMMY-99,-6.2146,106.8451,2.0
2026-05-07 17:03:54,DUMMY-99,-6.2146,106.8451,79.0
2026-05-07 17:03:55,SENS-JAKPUS,-6.1754,106.8272,65.0
2026-05-07 17:03:56,DUMMY-99,-6.2146,106.8451,7.0
2026-05-07 17:03:57,SENS-JAKSEL,-6.2615,106.8106,5.0
2026-05-07 17:03:58,DUMMY-99,-6.2146,106.8451,69.0
2026-05-07 17:04:00,DUMMY-99,-6.2146,106.8451,27.0
2026-05-07 17:04:02,DUMMY-99,-6.2146,106.8451,14.0
2026-05-07 17:04:04,SENS-JAKPUS,-6.1754,106.8272,9.0
2026-05-07 17:04:04,DUMMY-99,-6.2146,106.8451,79.0
2026-05-07 17:04:06,SENS-JAKSEL,-6.2615,106.8106,1.0
2026-05-07 17:04:06,DUMMY-99,-6.2146,106.8451,28.0
2026-05-07 17:04:09,DUMMY-99,-6.2146,106.8451,66.0
2026-05-07 17:04:10,DUMMY-99,-6.2146,106.8451,23.0
2026-05-07 17:04:12,DUMMY-99,-6.2146,106.8451,17.0
2026-05-07 17:04:13,SENS-JAKPUS,-6.1754,106.8272,5.0
2026-05-07 17:04:14,DUMMY-99,-6.2146,106.8451,22.0
2026-05-07 17:04:15,SENS-JAKSEL,-6.2615,106.8106,14.0
2026-05-07 17:04:16,DUMMY-99,-6.2146,106.8451,8.0
2026-05-07 17:04:18,DUMMY-99,-6.2146,106.8451,97.0
2026-05-07 17:04:20,DUMMY-99,-6.2146,106.8451,7.0
2026-05-07 17:04:22,SENS-JAKPUS,-6.1754,106.8272,20.0
2026-05-07 17:04:22,DUMMY-99,-6.2146,106.8451,18.0
2026-05-07 17:04:24,SENS-JAKSEL,-6.2615,106.8106,6.0
2026-05-07 17:04:24,DUMMY-99,-6.2146,106.8451,11.0
2026-05-07 17:04:27,DUMMY-99,-6.2146,106.8451,19.0
2026-05-07 17:04:28,DUMMY-99,-6.2146,106.8451,17.0
2026-05-07 17:04:31,DUMMY-99,-6.2146,106.8451,15.0
2026-05-07 17:04:31,SENS-JAKPUS,-6.1754,106.8272,0.0
2026-05-07 17:04:32,DUMMY-99,-6.2146,106.8451,3.0
2026-05-07 17:04:33,SENS-JAKSEL,-6.2615,106.8106,17.0
2026-05-07 17:04:35,DUMMY-99,-6.2146,106.8451,11.0
2026-05-07 17:04:36,DUMMY-99,-6.2146,106.8451,16.0
2026-05-07 17:04:38,DUMMY-99,-6.2146,106.8451,7.0
2026-05-07 17:04:40,SENS-JAKPUS,-6.1754,106.8272,19.0
2026-05-07 17:04:40,DUMMY-99,-6.2146,106.8451,21.0
2026-05-07 17:04:42,DUMMY-99,-6.2146,106.8451,2.0
2026-05-07 17:04:43,SENS-JAKSEL,-6.2615,106.8106,11.0
2026-05-07 17:04:44,DUMMY-99,-6.2146,106.8451,7.0
2026-05-07 17:04:46,DUMMY-99,-6.2146,106.8451,9.0
2026-05-07 17:04:48,DUMMY-99,-6.2146,106.8451,14.0
2026-05-07 17:04:50,SENS-JAKPUS,-6.1754,106.8272,7.0
2026-05-07 17:04:51,DUMMY-99,-6.2146,106.8451,7.0
2026-05-07 17:04:52,SENS-JAKSEL,-6.2615,106.8106,3.0
2026-05-07 17:04:53,DUMMY-99,-6.2146,106.8451,26.0
2026-05-07 17:04:55,DUMMY-99,-6.2146,106.8451,20.0
2026-05-07 17:04:57,DUMMY-99,-6.2146,106.8451,27.0
2026-05-07 17:04:58,DUMMY-99,-6.2146,106.8451,5.0
2026-05-07 17:04:59,SENS-JAKPUS,-6.1754,106.8272,4.0
2026-05-07 17:05:01,DUMMY-99,-6.2146,106.8451,24.0
2026-05-07 17:05:01,SENS-JAKSEL,-6.2615,106.8106,15.0
2026-05-07 17:05:03,DUMMY-99,-6.2146,106.8451,26.0
2026-05-07 17:05:04,DUMMY-99,-6.2146,106.8451,2.0
2026-05-07 17:05:06,DUMMY-99,-6.2146,106.8451,9.0
2026-05-07 17:05:08,SENS-JAKPUS,-6.1754,106.8272,13.0
2026-05-07 17:05:09,DUMMY-99,-6.2146,106.8451,26.0
2026-05-07 17:05:10,SENS-JAKSEL,-6.2615,106.8106,12.0
2026-05-07 17:05:11,DUMMY-99,-6.2146,106.8451,11.0
2026-05-07 17:05:12,DUMMY-99,-6.2146,106.8451,96.0
2026-05-07 17:05:14,DUMMY-99,-6.2146,106.8451,18.0
2026-05-07 17:05:16,DUMMY-99,-6.2146,106.8451,19.0
2026-05-07 17:05:17,SENS-JAKPUS,-6.1754,106.8272,11.0
2026-05-07 17:05:18,DUMMY-99,-6.2146,106.8451,6.0
2026-05-07 17:05:19,SENS-JAKSEL,-6.2615,106.8106,3.0
2026-05-07 17:05:21,DUMMY-99,-6.2146,106.8451,57.0
2026-05-07 17:05:22,DUMMY-99,-6.2146,106.8451,13.0
2026-05-07 17:05:25,DUMMY-99,-6.2146,106.8451,20.0
2026-05-07 17:05:26,SENS-JAKPUS,-6.1754,106.8272,1.0
2026-05-07 17:05:28,SENS-JAKSEL,-6.2615,106.8106,20.0
2026-05-07 17:05:29,DUMMY-99,-6.2146,106.8451,21.0
2026-05-07 17:05:31,DUMMY-99,-6.2146,106.8451,14.0
2026-05-07 17:05:32,DUMMY-99,-6.2146,106.8451,24.0
2026-05-07 17:05:35,DUMMY-99,-6.2146,106.8451,4.0
2026-05-07 17:05:35,SENS-JAKPUS,-6.1754,106.8272,14.0
2026-05-07 17:05:37,DUMMY-99,-6.2146,106.8451,73.0
2026-05-07 17:05:37,SENS-JAKSEL,-6.2615,106.8106,7.0
2026-05-07 17:05:39,DUMMY-99,-6.2146,106.8451,16.0
2026-05-07 17:05:40,DUMMY-99,-6.2146,106.8451,3.0
2026-05-07 17:05:42,DUMMY-99,-6.2146,106.8451,12.0
2026-05-07 17:05:44,SENS-JAKPUS,-6.1754,106.8272,13.0
2026-05-07 17:05:44,DUMMY-99,-6.2146,106.8451,22.0
2026-05-07 17:05:46,SENS-JAKSEL,-6.2615,106.8106,19.0
2026-05-07 17:05:47,DUMMY-99,-6.2146,106.8451,18.0
2026-05-07 17:05:48,DUMMY-99,-6.2146,106.8451,0.0
2026-05-07 17:05:51,DUMMY-99,-6.2146,106.8451,26.0
2026-05-07 17:05:53,DUMMY-99,-6.2146,106.8451,23.0
2026-05-07 17:05:53,SENS-JAKPUS,-6.1754,106.8272,12.0
2026-05-07 17:05:54,DUMMY-99,-6.2146,106.8451,13.0
2026-05-07 17:05:55,SENS-JAKSEL,-6.2615,106.8106,11.0
2026-05-07 17:05:56,DUMMY-99,-6.2146,106.8451,21.0
2026-05-07 17:05:58,DUMMY-99,-6.2146,106.8451,17.0
2026-05-07 17:06:01,DUMMY-99,-6.2146,106.8451,26.0
2026-05-07 17:06:02,SENS-JAKPUS,-6.1754,106.8272,15.0
2026-05-07 17:06:02,DUMMY-99,-6.2146,106.8451,5.0
2026-05-07 17:06:04,SENS-JAKSEL,-6.2615,106.8106,3.0
2026-05-07 17:06:04,DUMMY-99,-6.2146,106.8451,27.0
2026-05-07 17:06:07,DUMMY-99,-6.2146,106.8451,21.0
2026-05-07 17:06:09,DUMMY-99,-6.2146,106.8451,20.0
2026-05-07 17:06:11,SENS-JAKPUS,-6.1754,106.8272,13.0
2026-05-07 17:06:11,DUMMY-99,-6.2146,106.8451,9.0
2026-05-07 17:06:13,DUMMY-99,-6.2146,106.8451,9.0
2026-05-07 17:06:13,SENS-JAKSEL,-6.2615,106.8106,10.0
2026-05-07 17:06:14,DUMMY-99,-6.2146,106.8451,18.0
2026-05-07 17:06:16,DUMMY-99,-6.2146,106.8451,8.0
2026-05-07 17:06:18,DUMMY-99,-6.2146,106.8451,76.0
2026-05-07 17:06:20,SENS-JAKPUS,-6.1754,106.8272,15.0
2026-05-07 17:06:21,DUMMY-99,-6.2146,106.8451,5.0
2026-05-07 17:06:22,SENS-JAKSEL,-6.2615,106.8106,11.0
2026-05-07 17:06:22,DUMMY-99,-6.2146,106.8451,18.0
2026-05-07 17:06:24,DUMMY-99,-6.2146,106.8451,26.0
2026-05-07 17:06:27,DUMMY-99,-6.2146,106.8451,25.0
2026-05-07 17:06:28,DUMMY-99,-6.2146,106.8451,10.0
2026-05-07 17:06:29,SENS-JAKPUS,-6.1754,106.8272,16.0
2026-05-07 17:06:30,DUMMY-99,-6.2146,106.8451,20.0
2026-05-07 17:06:31,SENS-JAKSEL,-6.2615,106.8106,3.0
2026-05-07 17:06:32,DUMMY-99,-6.2146,106.8451,25.0
2026-05-07 17:06:34,DUMMY-99,-6.2146,106.8451,13.0
2026-05-07 17:06:37,DUMMY-99,-6.2146,106.8451,17.0
2026-05-07 17:06:38,SENS-JAKPUS,-6.1754,106.8272,15.0
2026-05-07 17:06:39,DUMMY-99,-6.2146,106.8451,78.0
2026-05-07 17:06:40,DUMMY-99,-6.2146,106.8451,22.0
2026-05-07 17:06:41,SENS-JAKSEL,-6.2615,106.8106,5.0
2026-05-07 17:06:43,DUMMY-99,-6.2146,106.8451,14.0
2026-05-07 17:06:44,DUMMY-99,-6.2146,106.8451,13.0
2026-05-07 17:06:46,DUMMY-99,-6.2146,106.8451,29.0
2026-05-07 17:06:48,SENS-JAKPUS,-6.1754,106.8272,7.0
2026-05-07 17:06:48,DUMMY-99,-6.2146,106.8451,23.0
2026-05-07 17:06:50,SENS-JAKSEL,-6.2615,106.8106,20.0
2026-05-07 17:06:51,DUMMY-99,-6.2146,106.8451,9.0
2026-05-07 17:06:52,DUMMY-99,-6.2146,106.8451,23.0
2026-05-07 17:06:54,DUMMY-99,-6.2146,106.8451,22.0
2026-05-07 17:06:56,DUMMY-99,-6.2146,106.8451,23.0
2026-05-07 17:06:57,SENS-JAKPUS,-6.1754,106.8272,9.0
2026-05-07 17:06:58,DUMMY-99,-6.2146,106.8451,19.0
2026-05-07 17:06:59,SENS-JAKSEL,-6.2615,106.8106,5.0
2026-05-07 17:07:00,DUMMY-99,-6.2146,106.8451,25.0
2026-05-07 17:07:03,DUMMY-99,-6.2146,106.8451,13.0
2026-05-07 17:07:04,DUMMY-99,-6.2146,106.8451,3.0
2026-05-07 17:07:06,SENS-JAKPUS,-6.1754,106.8272,15.0
2026-05-07 17:07:06,DUMMY-99,-6.2146,106.8451,26.0
2026-05-07 17:07:08,SENS-JAKSEL,-6.2615,106.8106,10.0
2026-05-07 17:07:08,DUMMY-99,-6.2146,106.8451,88.0
2026-05-07 17:07:11,DUMMY-99,-6.2146,106.8451,2.0
2026-05-07 17:07:13,DUMMY-99,-6.2146,106.8451,19.0
2026-05-07 17:07:14,DUMMY-99,-6.2146,106.8451,70.0
2026-05-07 17:07:15,SENS-JAKPUS,-6.1754,106.8272,20.0
2026-05-07 17:07:17,DUMMY-99,-6.2146,106.8451,0.0
2026-05-07 17:07:17,SENS-JAKSEL,-6.2615,106.8106,17.0
2026-05-07 17:07:18,DUMMY-99,-6.2146,106.8451,19.0
2026-05-07 17:07:20,DUMMY-99,-6.2146,106.8451,93.0
2026-05-07 17:07:22,DUMMY-99,-6.2146,106.8451,65.0
2026-05-07 17:07:24,SENS-JAKPUS,-6.1754,106.8272,17.0
2026-05-07 17:07:24,DUMMY-99,-6.2146,106.8451,18.0
2026-05-07 17:07:26,SENS-JAKSEL,-6.2615,106.8106,2.0
2026-05-07 17:07:26,DUMMY-99,-6.2146,106.8451,23.0
2026-05-07 17:07:28,DUMMY-99,-6.2146,106.8451,6.0
2026-05-07 17:07:30,DUMMY-99,-6.2146,106.8451,4.0
2026-05-07 17:07:33,DUMMY-99,-6.2146,106.8451,3.0
2026-05-07 17:07:33,SENS-JAKPUS,-6.1754,106.8272,8.0
2026-05-07 17:07:35,DUMMY-99,-6.2146,106.8451,6.0
2026-05-07 17:07:35,SENS-JAKSEL,-6.2615,106.8106,16.0
2026-05-07 17:07:37,DUMMY-99,-6.2146,106.8451,15.0
2026-05-07 17:07:39,DUMMY-99,-6.2146,106.8451,80.0
2026-05-07 17:07:40,DUMMY-99,-6.2146,106.8451,88.0
2026-05-07 17:07:42,SENS-JAKPUS,-6.1754,106.8272,61.0
2026-05-07 17:07:42,DUMMY-99,-6.2146,106.8451,1.0
2026-05-07 17:07:44,SENS-JAKSEL,-6.2615,106.8106,3.0
2026-05-07 17:07:45,DUMMY-99,-6.2146,106.8451,15.0
2026-05-07 17:07:47,DUMMY-99,-6.2146,106.8451,27.0
2026-05-07 17:07:48,DUMMY-99,-6.2146,106.8451,28.0
2026-05-07 17:07:51,DUMMY-99,-6.2146,106.8451,29.0
2026-05-07 17:07:51,SENS-JAKPUS,-6.1754,106.8272,12.0
2026-05-07 17:07:53,DUMMY-99,-6.2146,106.8451,16.0
2026-05-07 17:07:53,SENS-JAKSEL,-6.2615,106.8106,0.0
2026-05-07 17:07:54,DUMMY-99,-6.2146,106.8451,29.0
2026-05-07 17:07:56,DUMMY-99,-6.2146,106.8451,13.0
2026-05-07 17:07:59,DUMMY-99,-6.2146,106.8451,79.0
2026-05-07 17:08:00,SENS-JAKPUS,-6.1754,106.8272,1.0
2026-05-07 17:08:00,DUMMY-99,-6.2146,106.8451,23.0
2026-05-07 17:08:02,SENS-JAKSEL,-6.2615,106.8106,100.0
2026-05-07 17:08:02,DUMMY-99,-6.2146,106.8451,5.0
2026-05-07 17:08:08,DUMMY-99,-6.2146,106.8451,21.0
2026-05-07 17:08:09,SENS-JAKPUS,-6.1754,106.8272,16.0
2026-05-07 17:08:11,SENS-JAKSEL,-6.2615,106.8106,11.0
2026-05-07 17:08:11,DUMMY-99,-6.2146,106.8451,8.0
2026-05-07 17:08:13,DUMMY-99,-6.2146,106.8451,11.0
2026-05-07 17:08:14,DUMMY-99,-6.2146,106.8451,8.0
2026-05-07 17:08:17,DUMMY-99,-6.2146,106.8451,14.0
2026-05-07 17:08:18,SENS-JAKPUS,-6.1754,106.8272,8.0
2026-05-07 17:08:20,DUMMY-99,-6.2146,106.8451,22.0
2026-05-07 17:08:20,SENS-JAKSEL,-6.2615,106.8106,8.0
2026-05-07 17:08:24,DUMMY-99,-6.2146,106.8451,11.0
2026-05-07 17:08:27,DUMMY-99,-6.2146,106.8451,76.0
2026-05-07 17:08:27,SENS-JAKPUS,-6.1754,106.8272,1.0
2026-05-07 17:08:29,SENS-JAKSEL,-6.2615,106.8106,19.0
2026-05-07 17:08:30,DUMMY-99,-6.2146,106.8451,23.0
2026-05-07 17:08:30,DUMMY-99,-6.2146,106.8451,18.0
2026-05-07 17:08:36,SENS-JAKPUS,-6.1754,106.8272,2.0
2026-05-07 17:08:39,SENS-JAKSEL,-6.2615,106.8106,0.0
2026-05-07 17:08:39,DUMMY-99,-6.2146,106.8451,3.0
2026-05-07 17:08:42,DUMMY-99,-6.2146,106.8451,3.0
2026-05-07 17:08:46,SENS-JAKPUS,-6.1754,106.8272,16.0
2026-05-07 17:08:46,DUMMY-99,-6.2146,106.8451,26.0
2026-05-07 17:08:48,SENS-JAKSEL,-6.2615,106.8106,20.0
2026-05-07 17:08:50,DUMMY-99,-6.2146,106.8451,80.0
2026-05-07 17:08:55,SENS-JAKPUS,-6.1754,106.8272,20.0
2026-05-07 17:08:57,SENS-JAKSEL,-6.2615,106.8106,19.0
2026-05-07 17:09:04,SENS-JAKPUS,-6.1754,106.8272,13.0
2026-05-07 17:09:06,SENS-JAKSEL,-6.2615,106.8106,3.0
2026-05-07 17:09:13,SENS-JAKPUS,-6.1754,106.8272,10.0
2026-05-07 17:09:15,SENS-JAKSEL,-6.2615,106.8106,4.0
2026-05-07 17:09:22,SENS-JAKPUS,-6.1754,106.8272,17.0
2026-05-07 17:09:24,SENS-JAKSEL,-6.2615,106.8106,9.0
2026-05-07 17:09:31,SENS-JAKPUS,-6.1754,106.8272,7.0
2026-05-07 17:09:33,SENS-JAKSEL,-6.2615,106.8106,3.0
2026-05-07 17:09:40,SENS-JAKPUS,-6.1754,106.8272,15.0
2026-05-07 17:09:42,SENS-JAKSEL,-6.2615,106.8106,16.0
2026-05-07 17:09:49,SENS-JAKPUS,-6.1754,106.8272,12.0
2026-05-07 17:09:51,SENS-JAKSEL,-6.2615,106.8106,9.0
2026-05-07 17:09:54,DUMMY-99,-6.2146,106.8451,16.0
2026-05-07 17:09:57,DUMMY-99,-6.2146,106.8451,12.0
2026-05-07 17:09:58,SENS-JAKPUS,-6.1754,106.8272,1.0
2026-05-07 17:09:58,DUMMY-99,-6.2146,106.8451,14.0
2026-05-07 17:10:00,SENS-JAKSEL,-6.2615,106.8106,12.0
2026-05-07 17:10:01,DUMMY-99,-6.2146,106.8451,10.0
2026-05-07 17:10:04,DUMMY-99,-6.2146,106.8451,11.0
2026-05-07 17:10:07,DUMMY-99,-6.2146,106.8451,21.0
2026-05-07 17:10:07,SENS-JAKPUS,-6.1754,106.8272,5.0
2026-05-07 17:10:08,DUMMY-99,-6.2146,106.8451,79.0
2026-05-07 17:10:09,SENS-JAKSEL,-6.2615,106.8106,13.0
2026-05-07 17:10:10,DUMMY-99,-6.2146,106.8451,10.0
2026-05-07 17:10:13,DUMMY-99,-6.2146,106.8451,81.0
2026-05-07 17:10:15,DUMMY-99,-6.2146,106.8451,23.0
2026-05-07 17:10:16,SENS-JAKPUS,-6.1754,106.8272,2.0
2026-05-07 17:10:17,DUMMY-99,-6.2146,106.8451,4.0
2026-05-07 17:10:18,SENS-JAKSEL,-6.2615,106.8106,7.0
2026-05-07 17:10:19,DUMMY-99,-6.2146,106.8451,89.0
2026-05-07 17:10:21,DUMMY-99,-6.2146,106.8451,6.0
2026-05-07 17:10:23,DUMMY-99,-6.2146,106.8451,59.0
2026-05-07 17:10:25,DUMMY-99,-6.2146,106.8451,9.0
2026-05-07 17:10:25,SENS-JAKPUS,-6.1754,106.8272,4.0
2026-05-07 17:10:26,DUMMY-99,-6.2146,106.8451,27.0
2026-05-07 17:10:27,SENS-JAKSEL,-6.2615,106.8106,8.0
2026-05-07 17:10:29,DUMMY-99,-6.2146,106.8451,82.0
2026-05-07 17:10:31,DUMMY-99,-6.2146,106.8451,64.0
2026-05-07 17:10:32,DUMMY-99,-6.2146,106.8451,11.0
2026-05-07 17:10:34,DUMMY-99,-6.2146,106.8451,71.0
2026-05-07 17:10:34,SENS-JAKPUS,-6.1754,106.8272,17.0
2026-05-07 17:10:36,SENS-JAKSEL,-6.2615,106.8106,100.0
2026-05-07 17:10:37,DUMMY-99,-6.2146,106.8451,18.0
2026-05-07 17:10:38,DUMMY-99,-6.2146,106.8451,25.0
2026-05-07 17:10:41,DUMMY-99,-6.2146,106.8451,13.0
2026-05-07 17:10:42,DUMMY-99,-6.2146,106.8451,75.0
2026-05-07 17:10:44,SENS-JAKPUS,-6.1754,106.8272,1.0
2026-05-07 17:10:45,DUMMY-99,-6.2146,106.8451,12.0
2026-05-07 17:10:46,SENS-JAKSEL,-6.2615,106.8106,0.0
2026-05-07 17:10:47,DUMMY-99,-6.2146,106.8451,11.0
2026-05-07 17:10:49,DUMMY-99,-6.2146,106.8451,8.0
2026-05-07 17:10:51,DUMMY-99,-6.2146,106.8451,12.0
2026-05-07 17:10:53,SENS-JAKPUS,-6.1754,106.8272,98.0
2026-05-07 17:10:53,DUMMY-99,-6.2146,106.8451,25.0
2026-05-07 17:10:55,DUMMY-99,-6.2146,106.8451,5.0
2026-05-07 17:10:55,SENS-JAKSEL,-6.2615,106.8106,0.0
2026-05-07 17:10:56,DUMMY-99,-6.2146,106.8451,6.0
2026-05-07 17:10:59,DUMMY-99,-6.2146,106.8451,26.0
2026-05-07 17:11:01,DUMMY-99,-6.2146,106.8451,3.0
2026-05-07 17:11:02,SENS-JAKPUS,-6.1754,106.8272,10.0
2026-05-07 17:11:02,DUMMY-99,-6.2146,106.8451,60.0
2026-05-07 17:11:04,SENS-JAKSEL,-6.2615,106.8106,11.0
2026-05-07 17:11:04,DUMMY-99,-6.2146,106.8451,23.0
2026-05-07 17:11:07,DUMMY-99,-6.2146,106.8451,22.0
2026-05-07 17:11:09,DUMMY-99,-6.2146,106.8451,29.0
2026-05-07 17:11:11,DUMMY-99,-6.2146,106.8451,16.0
2026-05-07 17:11:11,SENS-JAKPUS,-6.1754,106.8272,5.0
2026-05-07 17:11:12,DUMMY-99,-6.2146,106.8451,6.0
2026-05-07 17:11:13,SENS-JAKSEL,-6.2615,106.8106,15.0
2026-05-07 17:11:15,DUMMY-99,-6.2146,106.8451,68.0
2026-05-07 17:11:17,DUMMY-99,-6.2146,106.8451,18.0
2026-05-07 17:11:18,DUMMY-99,-6.2146,106.8451,29.0
2026-05-07 17:11:20,SENS-JAKPUS,-6.1754,106.8272,18.0
2026-05-07 17:11:20,DUMMY-99,-6.2146,106.8451,27.0
2026-05-07 17:11:22,SENS-JAKSEL,-6.2615,106.8106,75.0
2026-05-07 17:11:22,DUMMY-99,-6.2146,106.8451,8.0
2026-05-07 17:11:25,DUMMY-99,-6.2146,106.8451,23.0
2026-05-07 17:11:26,DUMMY-99,-6.2146,106.8451,6.0
2026-05-07 17:11:29,DUMMY-99,-6.2146,106.8451,12.0
2026-05-07 17:11:29,SENS-JAKPUS,-6.1754,106.8272,7.0
2026-05-07 17:11:30,DUMMY-99,-6.2146,106.8451,15.0
2026-05-07 17:11:31,SENS-JAKSEL,-6.2615,106.8106,94.0
2026-05-07 17:11:33,DUMMY-99,-6.2146,106.8451,18.0
2026-05-07 17:11:35,DUMMY-99,-6.2146,106.8451,56.0
2026-05-07 17:11:37,DUMMY-99,-6.2146,106.8451,12.0
2026-05-07 17:11:38,SENS-JAKPUS,-6.1754,106.8272,8.0
2026-05-07 17:11:38,DUMMY-99,-6.2146,106.8451,9.0
2026-05-07 17:11:40,SENS-JAKSEL,-6.2615,106.8106,9.0
2026-05-07 17:11:40,DUMMY-99,-6.2146,106.8451,10.0
2026-05-07 17:11:43,DUMMY-99,-6.2146,106.8451,11.0
2026-05-07 17:11:44,DUMMY-99,-6.2146,106.8451,10.0
2026-05-07 17:11:46,DUMMY-99,-6.2146,106.8451,13.0
2026-05-07 17:11:47,SENS-JAKPUS,-6.1754,106.8272,2.0
2026-05-07 17:11:49,DUMMY-99,-6.2146,106.8451,1.0
2026-05-07 17:11:49,SENS-JAKSEL,-6.2615,106.8106,19.0
2026-05-07 17:11:50,DUMMY-99,-6.2146,106.8451,78.0
2026-05-07 17:11:52,DUMMY-99,-6.2146,106.8451,60.0
2026-05-07 17:11:55,DUMMY-99,-6.2146,106.8451,29.0
2026-05-07 17:11:56,SENS-JAKPUS,-6.1754,106.8272,4.0
2026-05-07 17:11:56,DUMMY-99,-6.2146,106.8451,21.0
2026-05-07 17:11:58,SENS-JAKSEL,-6.2615,106.8106,1.0
2026-05-07 17:11:59,DUMMY-99,-6.2146,106.8451,0.0
2026-05-07 17:12:01,DUMMY-99,-6.2146,106.8451,11.0
2026-05-07 17:12:02,DUMMY-99,-6.2146,106.8451,10.0
2026-05-07 17:12:04,DUMMY-99,-6.2146,106.8451,4.0
2026-05-07 17:12:05,SENS-JAKPUS,-6.1754,106.8272,11.0
2026-05-07 17:12:06,DUMMY-99,-6.2146,106.8451,23.0
2026-05-07 17:12:07,SENS-JAKSEL,-6.2615,106.8106,10.0
2026-05-07 17:12:09,DUMMY-99,-6.2146,106.8451,13.0
2026-05-07 17:12:10,DUMMY-99,-6.2146,106.8451,6.0
2026-05-07 17:12:12,DUMMY-99,-6.2146,106.8451,11.0
2026-05-07 17:12:14,SENS-JAKPUS,-6.1754,106.8272,19.0
2026-05-07 17:12:15,DUMMY-99,-6.2146,106.8451,64.0
2026-05-07 17:12:16,SENS-JAKSEL,-6.2615,106.8106,90.0
2026-05-07 17:12:16,DUMMY-99,-6.2146,106.8451,67.0
2026-05-07 17:12:18,DUMMY-99,-6.2146,106.8451,72.0
2026-05-07 17:12:20,DUMMY-99,-6.2146,106.8451,13.0
2026-05-07 17:12:22,DUMMY-99,-6.2146,106.8451,2.0
2026-05-07 17:12:23,SENS-JAKPUS,-6.1754,106.8272,8.0
2026-05-07 17:12:25,DUMMY-99,-6.2146,106.8451,27.0
2026-05-07 17:12:26,SENS-JAKSEL,-6.2615,106.8106,7.0
2026-05-07 17:12:27,DUMMY-99,-6.2146,106.8451,1.0
2026-05-07 17:12:28,DUMMY-99,-6.2146,106.8451,7.0
2026-05-07 17:12:30,DUMMY-99,-6.2146,106.8451,5.0
2026-05-07 17:12:33,DUMMY-99,-6.2146,106.8451,22.0
2026-05-07 17:12:33,SENS-JAKPUS,-6.1754,106.8272,2.0
2026-05-07 17:12:34,DUMMY-99,-6.2146,106.8451,13.0
2026-05-07 17:12:35,SENS-JAKSEL,-6.2615,106.8106,8.0
2026-05-07 17:12:37,DUMMY-99,-6.2146,106.8451,23.0
2026-05-07 17:12:38,DUMMY-99,-6.2146,106.8451,22.0
2026-05-07 17:12:40,DUMMY-99,-6.2146,106.8451,25.0
2026-05-07 17:12:42,SENS-JAKPUS,-6.1754,106.8272,4.0
2026-05-07 17:12:43,DUMMY-99,-6.2146,106.8451,15.0
2026-05-07 17:12:44,SENS-JAKSEL,-6.2615,106.8106,19.0
2026-05-07 17:12:44,DUMMY-99,-6.2146,106.8451,28.0
2026-05-07 17:12:46,DUMMY-99,-6.2146,106.8451,12.0
2026-05-07 17:12:48,DUMMY-99,-6.2146,106.8451,8.0
2026-05-07 17:12:50,DUMMY-99,-6.2146,106.8451,24.0
2026-05-07 17:12:51,SENS-JAKPUS,-6.1754,106.8272,19.0
2026-05-07 17:12:53,DUMMY-99,-6.2146,106.8451,26.0
2026-05-07 17:12:53,SENS-JAKSEL,-6.2615,106.8106,17.0
2026-05-07 17:12:54,DUMMY-99,-6.2146,106.8451,2.0
2026-05-07 17:12:57,DUMMY-99,-6.2146,106.8451,24.0
2026-05-07 17:12:58,DUMMY-99,-6.2146,106.8451,6.0
2026-05-07 17:13:00,SENS-JAKPUS,-6.1754,106.8272,18.0
2026-05-07 17:13:00,DUMMY-99,-6.2146,106.8451,13.0
2026-05-07 17:13:02,SENS-JAKSEL,-6.2615,106.8106,12.0
2026-05-07 17:13:03,DUMMY-99,-6.2146,106.8451,5.0
2026-05-07 17:13:04,DUMMY-99,-6.2146,106.8451,5.0
2026-05-07 17:13:07,DUMMY-99,-6.2146,106.8451,18.0
2026-05-07 17:13:09,DUMMY-99,-6.2146,106.8451,18.0
2026-05-07 17:13:09,SENS-JAKPUS,-6.1754,106.8272,14.0
2026-05-07 17:13:11,DUMMY-99,-6.2146,106.8451,91.0
2026-05-07 17:13:11,SENS-JAKSEL,-6.2615,106.8106,4.0
2026-05-07 17:13:12,DUMMY-99,-6.2146,106.8451,8.0
2026-05-07 17:13:15,DUMMY-99,-6.2146,106.8451,15.0
2026-05-07 17:13:17,DUMMY-99,-6.2146,106.8451,2.0
2026-05-07 17:13:18,SENS-JAKPUS,-6.1754,106.8272,6.0
2026-05-07 17:13:19,DUMMY-99,-6.2146,106.8451,27.0
2026-05-07 17:13:20,SENS-JAKSEL,-6.2615,106.8106,8.0
2026-05-07 17:13:20,DUMMY-99,-6.2146,106.8451,7.0
2026-05-07 17:13:23,DUMMY-99,-6.2146,106.8451,18.0
2026-05-07 17:13:25,DUMMY-99,-6.2146,106.8451,71.0
2026-05-07 17:13:27,DUMMY-99,-6.2146,106.8451,27.0
2026-05-07 17:13:27,SENS-JAKPUS,-6.1754,106.8272,4.0
2026-05-07 17:13:28,DUMMY-99,-6.2146,106.8451,10.0
2026-05-07 17:13:29,SENS-JAKSEL,-6.2615,106.8106,5.0
2026-05-07 17:13:30,DUMMY-99,-6.2146,106.8451,4.0
2026-05-07 17:13:32,DUMMY-99,-6.2146,106.8451,1.0
2026-05-07 17:13:34,DUMMY-99,-6.2146,106.8451,1.0
2026-05-07 17:13:36,SENS-JAKPUS,-6.1754,106.8272,15.0
2026-05-07 17:13:37,DUMMY-99,-6.2146,106.8451,2.0
2026-05-07 17:13:38,SENS-JAKSEL,-6.2615,106.8106,20.0
2026-05-07 17:13:38,DUMMY-99,-6.2146,106.8451,8.0
2026-05-07 17:13:41,DUMMY-99,-6.2146,106.8451,8.0
2026-05-07 17:13:42,DUMMY-99,-6.2146,106.8451,0.0
2026-05-07 17:13:44,DUMMY-99,-6.2146,106.8451,19.0
2026-05-07 17:13:45,SENS-JAKPUS,-6.1754,106.8272,11.0
2026-05-07 17:13:46,DUMMY-99,-6.2146,106.8451,76.0
2026-05-07 17:13:47,SENS-JAKSEL,-6.2615,106.8106,2.0
2026-05-07 17:13:48,DUMMY-99,-6.2146,106.8451,25.0
2026-05-07 17:13:51,DUMMY-99,-6.2146,106.8451,21.0
2026-05-07 17:13:53,DUMMY-99,-6.2146,106.8451,7.0
2026-05-07 17:13:54,SENS-JAKPUS,-6.1754,106.8272,94.0
2026-05-07 17:13:54,DUMMY-99,-6.2146,106.8451,3.0
2026-05-07 17:13:56,SENS-JAKSEL,-6.2615,106.8106,14.0
2026-05-07 17:13:57,DUMMY-99,-6.2146,106.8451,18.0
2026-05-07 17:13:58,DUMMY-99,-6.2146,106.8451,2.0
2026-05-07 17:14:00,DUMMY-99,-6.2146,106.8451,97.0
2026-05-07 17:14:03,DUMMY-99,-6.2146,106.8451,29.0
2026-05-07 17:14:03,SENS-JAKPUS,-6.1754,106.8272,62.0
2026-05-07 17:14:04,DUMMY-99,-6.2146,106.8451,4.0
2026-05-07 17:14:05,SENS-JAKSEL,-6.2615,106.8106,5.0
2026-05-07 17:14:07,DUMMY-99,-6.2146,106.8451,29.0
2026-05-07 17:14:08,DUMMY-99,-6.2146,106.8451,4.0
2026-05-07 17:14:11,DUMMY-99,-6.2146,106.8451,12.0
2026-05-07 17:14:12,DUMMY-99,-6.2146,106.8451,89.0
2026-05-07 17:14:12,SENS-JAKPUS,-6.1754,106.8272,8.0
2026-05-07 17:14:14,SENS-JAKSEL,-6.2615,106.8106,16.0
2026-05-07 17:14:15,DUMMY-99,-6.2146,106.8451,7.0
2026-05-07 17:14:17,DUMMY-99,-6.2146,106.8451,0.0
2026-05-07 17:14:18,DUMMY-99,-6.2146,106.8451,28.0
2026-05-07 17:14:20,DUMMY-99,-6.2146,106.8451,16.0
2026-05-07 17:14:22,SENS-JAKPUS,-6.1754,106.8272,15.0
2026-05-07 17:14:23,DUMMY-99,-6.2146,106.8451,24.0
2026-05-07 17:14:24,SENS-JAKSEL,-6.2615,106.8106,9.0
2026-05-07 17:14:24,DUMMY-99,-6.2146,106.8451,10.0
2026-05-07 17:14:26,DUMMY-99,-6.2146,106.8451,23.0
2026-05-07 17:14:29,DUMMY-99,-6.2146,106.8451,14.0
2026-05-07 17:14:31,DUMMY-99,-6.2146,106.8451,25.0
2026-05-07 17:14:31,SENS-JAKPUS,-6.1754,106.8272,14.0
2026-05-07 17:14:32,DUMMY-99,-6.2146,106.8451,27.0
2026-05-07 17:14:33,SENS-JAKSEL,-6.2615,106.8106,15.0
2026-05-07 17:14:35,DUMMY-99,-6.2146,106.8451,15.0
2026-05-07 17:14:37,DUMMY-99,-6.2146,106.8451,29.0
2026-05-07 17:14:38,DUMMY-99,-6.2146,106.8451,2.0
2026-05-07 17:14:40,SENS-JAKPUS,-6.1754,106.8272,95.0
2026-05-07 17:14:41,DUMMY-99,-6.2146,106.8451,9.0
2026-05-07 17:14:42,SENS-JAKSEL,-6.2615,106.8106,16.0
2026-05-07 17:14:43,DUMMY-99,-6.2146,106.8451,11.0
2026-05-07 17:14:45,DUMMY-99,-6.2146,106.8451,22.0
2026-05-07 17:14:46,DUMMY-99,-6.2146,106.8451,2.0
2026-05-07 17:14:49,DUMMY-99,-6.2146,106.8451,16.0
2026-05-07 17:14:49,SENS-JAKPUS,-6.1754,106.8272,15.0
2026-05-07 17:14:51,DUMMY-99,-6.2146,106.8451,21.0
2026-05-07 17:14:51,SENS-JAKSEL,-6.2615,106.8106,4.0
2026-05-07 17:14:53,DUMMY-99,-6.2146,106.8451,17.0
2026-05-07 17:14:54,DUMMY-99,-6.2146,106.8451,6.0
2026-05-07 17:14:56,DUMMY-99,-6.2146,106.8451,11.0
2026-05-07 17:14:58,SENS-JAKPUS,-6.1754,106.8272,14.0
2026-05-07 17:14:59,DUMMY-99,-6.2146,106.8451,9.0
2026-05-07 17:15:00,SENS-JAKSEL,-6.2615,106.8106,5.0
2026-05-07 17:15:01,DUMMY-99,-6.2146,106.8451,5.0
2026-05-07 17:15:02,DUMMY-99,-6.2146,106.8451,27.0
2026-05-07 17:15:05,DUMMY-99,-6.2146,106.8451,5.0
2026-05-07 17:15:07,SENS-JAKPUS,-6.1754,106.8272,18.0
2026-05-07 17:15:09,DUMMY-99,-6.2146,106.8451,26.0
2026-05-07 17:15:09,SENS-JAKSEL,-6.2615,106.8106,2.0
2026-05-07 17:15:11,DUMMY-99,-6.2146,106.8451,17.0
2026-05-07 17:15:12,DUMMY-99,-6.2146,106.8451,26.0
2026-05-07 17:15:15,DUMMY-99,-6.2146,106.8451,25.0
2026-05-07 17:15:16,SENS-JAKPUS,-6.1754,106.8272,19.0
2026-05-07 17:15:17,DUMMY-99,-6.2146,106.8451,19.0
2026-05-07 17:15:18,SENS-JAKSEL,-6.2615,106.8106,14.0
2026-05-07 17:15:19,DUMMY-99,-6.2146,106.8451,7.0
2026-05-07 17:15:20,DUMMY-99,-6.2146,106.8451,0.0
2026-05-07 17:15:23,DUMMY-99,-6.2146,106.8451,11.0
2026-05-07 17:15:25,DUMMY-99,-6.2146,106.8451,13.0
2026-05-07 17:15:25,SENS-JAKPUS,-6.1754,106.8272,11.0
2026-05-07 17:15:26,DUMMY-99,-6.2146,106.8451,0.0
2026-05-07 17:15:27,SENS-JAKSEL,-6.2615,106.8106,9.0
2026-05-07 17:15:28,DUMMY-99,-6.2146,106.8451,21.0
2026-05-07 17:15:31,DUMMY-99,-6.2146,106.8451,27.0
2026-05-07 17:15:34,SENS-JAKPUS,-6.1754,106.8272,12.0
2026-05-07 17:15:34,DUMMY-99,-6.2146,106.8451,7.0
2026-05-07 17:15:36,SENS-JAKSEL,-6.2615,106.8106,8.0
2026-05-07 17:15:37,DUMMY-99,-6.2146,106.8451,25.0
2026-05-07 17:15:38,DUMMY-99,-6.2146,106.8451,16.0
2026-05-07 17:15:41,DUMMY-99,-6.2146,106.8451,14.0
2026-05-07 17:15:42,DUMMY-99,-6.2146,106.8451,9.0
2026-05-07 17:15:43,SENS-JAKPUS,-6.1754,106.8272,17.0
2026-05-07 17:15:45,DUMMY-99,-6.2146,106.8451,19.0
2026-05-07 17:15:45,SENS-JAKSEL,-6.2615,106.8106,99.0
2026-05-07 17:15:46,DUMMY-99,-6.2146,106.8451,12.0
2026-05-07 17:15:48,DUMMY-99,-6.2146,106.8451,18.0
2026-05-07 17:15:51,DUMMY-99,-6.2146,106.8451,13.0
2026-05-07 17:15:52,SENS-JAKPUS,-6.1754,106.8272,11.0
2026-05-07 17:15:52,DUMMY-99,-6.2146,106.8451,26.0
2026-05-07 17:15:54,SENS-JAKSEL,-6.2615,106.8106,18.0
2026-05-07 17:15:54,DUMMY-99,-6.2146,106.8451,0.0
2026-05-07 17:15:57,DUMMY-99,-6.2146,106.8451,13.0
2026-05-07 17:15:59,DUMMY-99,-6.2146,106.8451,7.0
2026-05-07 17:16:01,DUMMY-99,-6.2146,106.8451,11.0
2026-05-07 17:16:01,SENS-JAKPUS,-6.1754,106.8272,13.0
2026-05-07 17:16:02,DUMMY-99,-6.2146,106.8451,21.0
2026-05-07 17:16:03,SENS-JAKSEL,-6.2615,106.8106,6.0
2026-05-07 17:16:04,DUMMY-99,-6.2146,106.8451,29.0
2026-05-07 17:16:07,DUMMY-99,-6.2146,106.8451,19.0
2026-05-07 17:16:09,DUMMY-99,-6.2146,106.8451,13.0
2026-05-07 17:16:10,SENS-JAKPUS,-6.1754,106.8272,15.0
2026-05-07 17:16:11,DUMMY-99,-6.2146,106.8451,24.0
2026-05-07 17:16:12,SENS-JAKSEL,-6.2615,106.8106,90.0
2026-05-07 17:16:12,DUMMY-99,-6.2146,106.8451,25.0
2026-05-07 17:16:14,DUMMY-99,-6.2146,106.8451,20.0
2026-05-07 17:16:17,DUMMY-99,-6.2146,106.8451,10.0
2026-05-07 17:16:19,DUMMY-99,-6.2146,106.8451,15.0
2026-05-07 17:16:19,SENS-JAKPUS,-6.1754,106.8272,17.0
2026-05-07 17:16:20,DUMMY-99,-6.2146,106.8451,10.0
2026-05-07 17:16:21,SENS-JAKSEL,-6.2615,106.8106,63.0
2026-05-07 17:16:22,DUMMY-99,-6.2146,106.8451,5.0
2026-05-07 17:16:24,DUMMY-99,-6.2146,106.8451,14.0
2026-05-07 17:16:27,DUMMY-99,-6.2146,106.8451,1.0
2026-05-07 17:16:28,DUMMY-99,-6.2146,106.8451,22.0
2026-05-07 17:16:28,SENS-JAKPUS,-6.1754,106.8272,19.0
2026-05-07 17:16:31,DUMMY-99,-6.2146,106.8451,23.0
2026-05-07 17:16:31,SENS-JAKSEL,-6.2615,106.8106,4.0
2026-05-07 17:16:32,DUMMY-99,-6.2146,106.8451,12.0
2026-05-07 17:16:34,DUMMY-99,-6.2146,106.8451,2.0
2026-05-07 17:16:36,DUMMY-99,-6.2146,106.8451,19.0
2026-05-07 17:16:38,SENS-JAKPUS,-6.1754,106.8272,12.0
2026-05-07 17:16:39,DUMMY-99,-6.2146,106.8451,4.0
2026-05-07 17:16:40,SENS-JAKSEL,-6.2615,106.8106,19.0
2026-05-07 17:16:41,DUMMY-99,-6.2146,106.8451,5.0
2026-05-07 17:16:42,DUMMY-99,-6.2146,106.8451,18.0
2026-05-07 17:16:44,DUMMY-99,-6.2146,106.8451,10.0
2026-05-07 17:16:46,DUMMY-99,-6.2146,106.8451,19.0
2026-05-07 17:16:47,SENS-JAKPUS,-6.1754,106.8272,0.0
2026-05-07 17:16:48,DUMMY-99,-6.2146,106.8451,7.0
2026-05-07 17:16:49,SENS-JAKSEL,-6.2615,106.8106,5.0
2026-05-07 17:16:50,DUMMY-99,-6.2146,106.8451,5.0
2026-05-07 17:16:52,DUMMY-99,-6.2146,106.8451,18.0
2026-05-07 17:16:54,DUMMY-99,-6.2146,106.8451,91.0
2026-05-07 17:16:56,SENS-JAKPUS,-6.1754,106.8272,8.0
2026-05-07 17:16:56,DUMMY-99,-6.2146,106.8451,20.0
2026-05-07 17:16:58,SENS-JAKSEL,-6.2615,106.8106,16.0
2026-05-07 17:16:58,DUMMY-99,-6.2146,106.8451,24.0
2026-05-07 17:17:00,DUMMY-99,-6.2146,106.8451,9.0
2026-05-07 17:17:02,DUMMY-99,-6.2146,106.8451,7.0
2026-05-07 17:17:04,DUMMY-99,-6.2146,106.8451,3.0
2026-05-07 17:17:05,SENS-JAKPUS,-6.1754,106.8272,8.0
2026-05-07 17:17:06,DUMMY-99,-6.2146,106.8451,21.0
2026-05-07 17:17:07,SENS-JAKSEL,-6.2615,106.8106,14.0
2026-05-07 17:17:08,DUMMY-99,-6.2146,106.8451,3.0
2026-05-07 17:17:11,DUMMY-99,-6.2146,106.8451,28.0
2026-05-07 17:17:12,DUMMY-99,-6.2146,106.8451,64.0
2026-05-07 17:17:14,SENS-JAKPUS,-6.1754,106.8272,4.0
2026-05-07 17:17:14,DUMMY-99,-6.2146,106.8451,22.0
2026-05-07 17:17:16,SENS-JAKSEL,-6.2615,106.8106,10.0
2026-05-07 17:17:17,DUMMY-99,-6.2146,106.8451,29.0
2026-05-07 17:17:19,DUMMY-99,-6.2146,106.8451,8.0
2026-05-07 17:17:20,DUMMY-99,-6.2146,106.8451,21.0
2026-05-07 17:17:23,DUMMY-99,-6.2146,106.8451,24.0
2026-05-07 17:17:23,SENS-JAKPUS,-6.1754,106.8272,16.0
2026-05-07 17:17:25,DUMMY-99,-6.2146,106.8451,27.0
2026-05-07 17:17:25,SENS-JAKSEL,-6.2615,106.8106,9.0
2026-05-07 17:17:27,DUMMY-99,-6.2146,106.8451,0.0
2026-05-07 17:17:28,DUMMY-99,-6.2146,106.8451,2.0
2026-05-07 17:17:30,DUMMY-99,-6.2146,106.8451,12.0
2026-05-07 17:17:32,SENS-JAKPUS,-6.1754,106.8272,11.0
2026-05-07 17:17:33,DUMMY-99,-6.2146,106.8451,12.0
2026-05-07 17:17:34,SENS-JAKSEL,-6.2615,106.8106,18.0
2026-05-07 17:17:34,DUMMY-99,-6.2146,106.8451,11.0
2026-05-07 17:17:36,DUMMY-99,-6.2146,106.8451,8.0
2026-05-07 17:17:39,DUMMY-99,-6.2146,106.8451,17.0
2026-05-07 17:17:40,DUMMY-99,-6.2146,106.8451,5.0
2026-05-07 17:17:41,SENS-JAKPUS,-6.1754,106.8272,20.0
2026-05-07 17:17:42,DUMMY-99,-6.2146,106.8451,15.0
2026-05-07 17:17:43,SENS-JAKSEL,-6.2615,106.8106,4.0
2026-05-07 17:17:46,DUMMY-99,-6.2146,106.8451,9.0
2026-05-07 17:17:49,DUMMY-99,-6.2146,106.8451,10.0
2026-05-07 17:17:50,SENS-JAKPUS,-6.1754,106.8272,0.0
2026-05-07 17:17:51,DUMMY-99,-6.2146,106.8451,15.0
2026-05-07 17:17:52,SENS-JAKSEL,-6.2615,106.8106,14.0
2026-05-07 17:17:53,DUMMY-99,-6.2146,106.8451,5.0
2026-05-07 17:17:54,DUMMY-99,-6.2146,106.8451,5.0
2026-05-07 17:17:56,DUMMY-99,-6.2146,106.8451,16.0
2026-05-07 17:17:58,DUMMY-99,-6.2146,106.8451,29.0
2026-05-07 17:17:59,SENS-JAKPUS,-6.1754,106.8272,20.0
2026-05-07 17:18:01,DUMMY-99,-6.2146,106.8451,4.0
2026-05-07 17:18:01,SENS-JAKSEL,-6.2615,106.8106,19.0
2026-05-07 17:18:02,DUMMY-99,-6.2146,106.8451,20.0
2026-05-07 17:18:05,DUMMY-99,-6.2146,106.8451,20.0
2026-05-07 17:18:07,DUMMY-99,-6.2146,106.8451,23.0
2026-05-07 17:18:08,SENS-JAKPUS,-6.1754,106.8272,3.0
2026-05-07 17:18:08,DUMMY-99,-6.2146,106.8451,4.0
2026-05-07 17:18:10,SENS-JAKSEL,-6.2615,106.8106,8.0
2026-05-07 17:18:10,DUMMY-99,-6.2146,106.8451,80.0
2026-05-07 17:18:13,DUMMY-99,-6.2146,106.8451,16.0
2026-05-07 17:18:15,DUMMY-99,-6.2146,106.8451,7.0
2026-05-07 17:18:16,DUMMY-99,-6.2146,106.8451,26.0
2026-05-07 17:18:17,SENS-JAKPUS,-6.1754,106.8272,15.0
2026-05-07 17:18:19,DUMMY-99,-6.2146,106.8451,16.0
2026-05-07 17:18:19,SENS-JAKSEL,-6.2615,106.8106,14.0
2026-05-07 17:18:20,DUMMY-99,-6.2146,106.8451,4.0
2026-05-07 17:18:23,DUMMY-99,-6.2146,106.8451,18.0
2026-05-07 17:18:25,DUMMY-99,-6.2146,106.8451,2.0
2026-05-07 17:18:26,SENS-JAKPUS,-6.1754,106.8272,16.0
2026-05-07 17:18:26,DUMMY-99,-6.2146,106.8451,8.0
2026-05-07 17:18:28,SENS-JAKSEL,-6.2615,106.8106,71.0
2026-05-07 17:18:28,DUMMY-99,-6.2146,106.8451,25.0
2026-05-07 17:18:31,DUMMY-99,-6.2146,106.8451,2.0
2026-05-07 17:18:33,DUMMY-99,-6.2146,106.8451,97.0
2026-05-07 17:18:35,DUMMY-99,-6.2146,106.8451,19.0
2026-05-07 17:18:35,SENS-JAKPUS,-6.1754,106.8272,10.0
2026-05-07 17:18:36,DUMMY-99,-6.2146,106.8451,16.0
2026-05-07 17:18:37,SENS-JAKSEL,-6.2615,106.8106,2.0
2026-05-07 17:18:39,DUMMY-99,-6.2146,106.8451,90.0
2026-05-07 17:18:40,DUMMY-99,-6.2146,106.8451,10.0
2026-05-07 17:18:43,DUMMY-99,-6.2146,106.8451,19.0
2026-05-07 17:18:44,DUMMY-99,-6.2146,106.8451,21.0
2026-05-07 17:18:45,SENS-JAKPUS,-6.1754,106.8272,0.0
2026-05-07 17:18:46,DUMMY-99,-6.2146,106.8451,16.0
2026-05-07 17:18:47,SENS-JAKSEL,-6.2615,106.8106,17.0
2026-05-07 17:18:49,DUMMY-99,-6.2146,106.8451,91.0
2026-05-07 17:18:51,DUMMY-99,-6.2146,106.8451,27.0
2026-05-07 17:18:52,DUMMY-99,-6.2146,106.8451,28.0
2026-05-07 17:18:54,SENS-JAKPUS,-6.1754,106.8272,17.0
2026-05-07 17:18:54,DUMMY-99,-6.2146,106.8451,24.0
2026-05-07 17:18:56,SENS-JAKSEL,-6.2615,106.8106,87.0
2026-05-07 17:18:57,DUMMY-99,-6.2146,106.8451,10.0
2026-05-07 17:18:59,DUMMY-99,-6.2146,106.8451,12.0
2026-05-07 17:19:01,DUMMY-99,-6.2146,106.8451,9.0
2026-05-07 17:19:02,DUMMY-99,-6.2146,106.8451,22.0
2026-05-07 17:19:03,SENS-JAKPUS,-6.1754,106.8272,2.0
2026-05-07 17:19:05,DUMMY-99,-6.2146,106.8451,0.0
2026-05-07 17:19:05,SENS-JAKSEL,-6.2615,106.8106,17.0
2026-05-07 17:19:07,DUMMY-99,-6.2146,106.8451,21.0
2026-05-07 17:19:09,DUMMY-99,-6.2146,106.8451,25.0
2026-05-07 17:19:10,DUMMY-99,-6.2146,106.8451,56.0
2026-05-07 17:19:12,SENS-JAKPUS,-6.1754,106.8272,20.0
2026-05-07 17:19:13,DUMMY-99,-6.2146,106.8451,5.0
2026-05-07 17:19:14,SENS-JAKSEL,-6.2615,106.8106,12.0
2026-05-07 17:19:15,DUMMY-99,-6.2146,106.8451,28.0
2026-05-07 17:19:17,DUMMY-99,-6.2146,106.8451,63.0
2026-05-07 17:19:19,DUMMY-99,-6.2146,106.8451,13.0
2026-05-07 17:19:21,DUMMY-99,-6.2146,106.8451,23.0
2026-05-07 17:19:21,SENS-JAKPUS,-6.1754,106.8272,8.0
2026-05-07 17:19:23,SENS-JAKSEL,-6.2615,106.8106,18.0
2026-05-07 17:19:25,DUMMY-99,-6.2146,106.8451,23.0
2026-05-07 17:19:27,DUMMY-99,-6.2146,106.8451,18.0
2026-05-07 17:19:28,DUMMY-99,-6.2146,106.8451,9.0
2026-05-07 17:19:30,SENS-JAKPUS,-6.1754,106.8272,16.0
2026-05-07 17:19:30,DUMMY-99,-6.2146,106.8451,6.0
2026-05-07 17:19:32,SENS-JAKSEL,-6.2615,106.8106,20.0
2026-05-07 17:19:33,DUMMY-99,-6.2146,106.8451,22.0
2026-05-07 17:19:35,DUMMY-99,-6.2146,106.8451,4.0
2026-05-07 17:19:36,DUMMY-99,-6.2146,106.8451,24.0
2026-05-07 17:19:38,DUMMY-99,-6.2146,106.8451,15.0
2026-05-07 17:19:39,SENS-JAKPUS,-6.1754,106.8272,12.0
2026-05-07 17:19:40,DUMMY-99,-6.2146,106.8451,2.0
2026-05-07 17:19:41,SENS-JAKSEL,-6.2615,106.8106,14.0
2026-05-07 17:19:43,DUMMY-99,-6.2146,106.8451,21.0
2026-05-07 17:19:44,DUMMY-99,-6.2146,106.8451,3.0
2026-05-07 17:19:46,DUMMY-99,-6.2146,106.8451,26.0
2026-05-07 17:19:48,SENS-JAKPUS,-6.1754,106.8272,1.0
2026-05-07 17:19:49,DUMMY-99,-6.2146,106.8451,16.0
2026-05-07 17:19:50,SENS-JAKSEL,-6.2615,106.8106,11.0
2026-05-07 17:19:50,DUMMY-99,-6.2146,106.8451,25.0
2026-05-07 17:19:53,DUMMY-99,-6.2146,106.8451,9.0
2026-05-07 17:19:54,DUMMY-99,-6.2146,106.8451,0.0
2026-05-07 17:19:57,DUMMY-99,-6.2146,106.8451,13.0
2026-05-07 17:19:57,SENS-JAKPUS,-6.1754,106.8272,5.0
2026-05-07 17:19:58,DUMMY-99,-6.2146,106.8451,8.0
2026-05-07 17:19:59,SENS-JAKSEL,-6.2615,106.8106,1.0
2026-05-07 17:20:01,DUMMY-99,-6.2146,106.8451,11.0
2026-05-07 17:20:02,DUMMY-99,-6.2146,106.8451,29.0
2026-05-07 17:20:05,DUMMY-99,-6.2146,106.8451,16.0
2026-05-07 17:20:06,SENS-JAKPUS,-6.1754,106.8272,19.0
2026-05-07 17:20:06,DUMMY-99,-6.2146,106.8451,98.0
2026-05-07 17:20:08,SENS-JAKSEL,-6.2615,106.8106,15.0
2026-05-07 17:20:09,DUMMY-99,-6.2146,106.8451,21.0
2026-05-07 17:20:10,DUMMY-99,-6.2146,106.8451,24.0
2026-05-07 17:20:13,DUMMY-99,-6.2146,106.8451,5.0
2026-05-07 17:20:15,DUMMY-99,-6.2146,106.8451,3.0
2026-05-07 17:20:15,SENS-JAKPUS,-6.1754,106.8272,0.0
2026-05-07 17:20:17,DUMMY-99,-6.2146,106.8451,18.0
2026-05-07 17:20:17,SENS-JAKSEL,-6.2615,106.8106,2.0
2026-05-07 17:20:18,DUMMY-99,-6.2146,106.8451,15.0
2026-05-07 17:20:21,DUMMY-99,-6.2146,106.8451,2.0
2026-05-07 17:20:23,DUMMY-99,-6.2146,106.8451,99.0
2026-05-07 17:20:24,SENS-JAKPUS,-6.1754,106.8272,19.0
2026-05-07 17:20:24,DUMMY-99,-6.2146,106.8451,98.0
2026-05-07 17:20:26,SENS-JAKSEL,-6.2615,106.8106,3.0
2026-05-07 17:20:26,DUMMY-99,-6.2146,106.8451,18.0
2026-05-07 17:20:28,DUMMY-99,-6.2146,106.8451,26.0
2026-05-07 17:20:31,DUMMY-99,-6.2146,106.8451,12.0
2026-05-07 17:20:32,DUMMY-99,-6.2146,106.8451,1.0
2026-05-07 17:20:33,SENS-JAKPUS,-6.1754,106.8272,6.0
2026-05-07 17:20:35,DUMMY-99,-6.2146,106.8451,17.0
2026-05-07 17:20:35,SENS-JAKSEL,-6.2615,106.8106,20.0
2026-05-07 17:20:36,DUMMY-99,-6.2146,106.8451,18.0
2026-05-07 17:20:39,DUMMY-99,-6.2146,106.8451,16.0
2026-05-07 17:20:40,DUMMY-99,-6.2146,106.8451,6.0
2026-05-07 17:20:42,DUMMY-99,-6.2146,106.8451,13.0
2026-05-07 17:20:42,SENS-JAKPUS,-6.1754,106.8272,92.0
2026-05-07 17:20:44,DUMMY-99,-6.2146,106.8451,18.0
2026-05-07 17:20:45,SENS-JAKSEL,-6.2615,106.8106,18.0
2026-05-07 17:20:47,DUMMY-99,-6.2146,106.8451,8.0
2026-05-07 17:20:49,DUMMY-99,-6.2146,106.8451,5.0
2026-05-07 17:20:50,DUMMY-99,-6.2146,106.8451,76.0
2026-05-07 17:20:52,SENS-JAKPUS,-6.1754,106.8272,1.0
2026-05-07 17:20:52,DUMMY-99,-6.2146,106.8451,13.0
2026-05-07 17:20:54,SENS-JAKSEL,-6.2615,106.8106,0.0
2026-05-07 17:20:55,DUMMY-99,-6.2146,106.8451,23.0
2026-05-07 17:20:57,DUMMY-99,-6.2146,106.8451,21.0
2026-05-07 17:20:59,DUMMY-99,-6.2146,106.8451,18.0
2026-05-07 17:21:00,DUMMY-99,-6.2146,106.8451,4.0
2026-05-07 17:21:01,SENS-JAKPUS,-6.1754,106.8272,14.0
2026-05-07 17:21:02,DUMMY-99,-6.2146,106.8451,12.0
2026-05-07 17:21:03,SENS-JAKSEL,-6.2615,106.8106,18.0
2026-05-07 17:21:05,DUMMY-99,-6.2146,106.8451,17.0
2026-05-07 17:21:07,DUMMY-99,-6.2146,106.8451,4.0
2026-05-07 17:21:08,DUMMY-99,-6.2146,106.8451,25.0
2026-05-07 17:21:10,SENS-JAKPUS,-6.1754,106.8272,7.0
2026-05-07 17:21:10,DUMMY-99,-6.2146,106.8451,4.0
2026-05-07 17:21:12,SENS-JAKSEL,-6.2615,106.8106,2.0
2026-05-07 17:21:12,DUMMY-99,-6.2146,106.8451,25.0
2026-05-07 17:21:14,DUMMY-99,-6.2146,106.8451,6.0
2026-05-07 17:21:17,DUMMY-99,-6.2146,106.8451,1.0
2026-05-07 17:21:19,DUMMY-99,-6.2146,106.8451,64.0
2026-05-07 17:21:19,SENS-JAKPUS,-6.1754,106.8272,4.0
2026-05-07 17:21:20,DUMMY-99,-6.2146,106.8451,23.0
2026-05-07 17:21:21,SENS-JAKSEL,-6.2615,106.8106,16.0
2026-05-07 17:21:23,DUMMY-99,-6.2146,106.8451,13.0
2026-05-07 17:21:24,DUMMY-99,-6.2146,106.8451,56.0
2026-05-07 17:21:26,DUMMY-99,-6.2146,106.8451,58.0
2026-05-07 17:21:28,SENS-JAKPUS,-6.1754,106.8272,6.0
2026-05-07 17:21:28,DUMMY-99,-6.2146,106.8451,1.0
2026-05-07 17:21:30,SENS-JAKSEL,-6.2615,106.8106,19.0
2026-05-07 17:21:30,DUMMY-99,-6.2146,106.8451,10.0
2026-05-07 17:21:32,DUMMY-99,-6.2146,106.8451,10.0
2026-05-07 17:21:35,DUMMY-99,-6.2146,106.8451,1.0
2026-05-07 17:21:36,DUMMY-99,-6.2146,106.8451,24.0
2026-05-07 17:21:37,SENS-JAKPUS,-6.1754,106.8272,3.0
2026-05-07 17:21:38,DUMMY-99,-6.2146,106.8451,25.0
2026-05-07 17:21:39,SENS-JAKSEL,-6.2615,106.8106,13.0
2026-05-07 17:21:41,DUMMY-99,-6.2146,106.8451,19.0
2026-05-07 17:21:43,DUMMY-99,-6.2146,106.8451,70.0
2026-05-07 17:21:44,DUMMY-99,-6.2146,106.8451,83.0
2026-05-07 17:21:46,SENS-JAKPUS,-6.1754,106.8272,15.0
2026-05-07 17:21:47,DUMMY-99,-6.2146,106.8451,5.0
2026-05-07 17:21:48,SENS-JAKSEL,-6.2615,106.8106,8.0
2026-05-07 17:21:48,DUMMY-99,-6.2146,106.8451,2.0
2026-05-07 17:21:50,DUMMY-99,-6.2146,106.8451,14.0
2026-05-07 17:21:52,DUMMY-99,-6.2146,106.8451,76.0
2026-05-07 17:21:55,DUMMY-99,-6.2146,106.8451,23.0
2026-05-07 17:21:55,SENS-JAKPUS,-6.1754,106.8272,0.0
2026-05-07 17:21:57,DUMMY-99,-6.2146,106.8451,10.0
2026-05-07 17:21:57,SENS-JAKSEL,-6.2615,106.8106,12.0
2026-05-07 17:21:58,DUMMY-99,-6.2146,106.8451,2.0
2026-05-07 17:22:01,DUMMY-99,-6.2146,106.8451,14.0
2026-05-07 17:22:02,DUMMY-99,-6.2146,106.8451,7.0
2026-05-07 17:22:04,SENS-JAKPUS,-6.1754,106.8272,62.0
2026-05-07 17:22:05,DUMMY-99,-6.2146,106.8451,15.0
2026-05-07 17:22:06,SENS-JAKSEL,-6.2615,106.8106,18.0
2026-05-07 17:22:07,DUMMY-99,-6.2146,106.8451,29.0
2026-05-07 17:22:09,DUMMY-99,-6.2146,106.8451,20.0
2026-05-07 17:22:12,DUMMY-99,-6.2146,106.8451,23.0
2026-05-07 17:22:13,SENS-JAKPUS,-6.1754,106.8272,97.0
2026-05-07 17:22:14,DUMMY-99,-6.2146,106.8451,4.0
2026-05-07 17:22:15,SENS-JAKSEL,-6.2615,106.8106,5.0
2026-05-07 17:22:16,DUMMY-99,-6.2146,106.8451,20.0
2026-05-07 17:22:18,DUMMY-99,-6.2146,106.8451,21.0
2026-05-07 17:22:21,DUMMY-99,-6.2146,106.8451,1.0
2026-05-07 17:22:22,SENS-JAKPUS,-6.1754,106.8272,19.0
2026-05-07 17:22:23,DUMMY-99,-6.2146,106.8451,13.0
2026-05-07 17:22:24,SENS-JAKSEL,-6.2615,106.8106,7.0
2026-05-07 17:22:24,DUMMY-99,-6.2146,106.8451,14.0
2026-05-07 17:22:26,DUMMY-99,-6.2146,106.8451,7.0
2026-05-07 17:22:28,DUMMY-99,-6.2146,106.8451,28.0
2026-05-07 17:22:30,DUMMY-99,-6.2146,106.8451,17.0
2026-05-07 17:22:31,SENS-JAKPUS,-6.1754,106.8272,16.0
2026-05-07 17:22:32,DUMMY-99,-6.2146,106.8451,11.0
2026-05-07 17:22:33,SENS-JAKSEL,-6.2615,106.8106,16.0
2026-05-07 17:22:35,DUMMY-99,-6.2146,106.8451,1.0
2026-05-07 17:22:36,DUMMY-99,-6.2146,106.8451,15.0
2026-05-07 17:22:39,DUMMY-99,-6.2146,106.8451,9.0
2026-05-07 17:22:40,DUMMY-99,-6.2146,106.8451,1.0
2026-05-07 17:22:40,SENS-JAKPUS,-6.1754,106.8272,64.0
2026-05-07 17:22:43,SENS-JAKSEL,-6.2615,106.8106,19.0
2026-05-07 17:22:43,DUMMY-99,-6.2146,106.8451,2.0
2026-05-07 17:22:44,DUMMY-99,-6.2146,106.8451,24.0
2026-05-07 17:22:46,DUMMY-99,-6.2146,106.8451,9.0
2026-05-07 17:22:49,DUMMY-99,-6.2146,106.8451,15.0
2026-05-07 17:22:50,SENS-JAKPUS,-6.1754,106.8272,77.0
2026-05-07 17:22:51,DUMMY-99,-6.2146,106.8451,63.0
2026-05-07 17:22:52,SENS-JAKSEL,-6.2615,106.8106,19.0
2026-05-07 17:22:53,DUMMY-99,-6.2146,106.8451,21.0
2026-05-07 17:22:54,DUMMY-99,-6.2146,106.8451,14.0
2026-05-07 17:22:57,DUMMY-99,-6.2146,106.8451,17.0
2026-05-07 17:22:58,DUMMY-99,-6.2146,106.8451,12.0
2026-05-07 17:22:59,SENS-JAKPUS,-6.1754,106.8272,3.0
2026-05-07 17:23:00,DUMMY-99,-6.2146,106.8451,23.0
2026-05-07 17:23:01,SENS-JAKSEL,-6.2615,106.8106,18.0
2026-05-07 17:23:02,DUMMY-99,-6.2146,106.8451,1.0
2026-05-07 17:23:05,DUMMY-99,-6.2146,106.8451,10.0
2026-05-07 17:23:07,DUMMY-99,-6.2146,106.8451,11.0
2026-05-07 17:23:08,SENS-JAKPUS,-6.1754,106.8272,18.0
2026-05-07 17:23:08,DUMMY-99,-6.2146,106.8451,22.0
2026-05-07 17:23:10,SENS-JAKSEL,-6.2615,106.8106,9.0
2026-05-07 17:23:10,DUMMY-99,-6.2146,106.8451,18.0
2026-05-07 17:23:13,DUMMY-99,-6.2146,106.8451,14.0
2026-05-07 17:23:15,DUMMY-99,-6.2146,106.8451,24.0
2026-05-07 17:23:17,DUMMY-99,-6.2146,106.8451,5.0
2026-05-07 17:23:17,SENS-JAKPUS,-6.1754,106.8272,13.0
2026-05-07 17:23:18,DUMMY-99,-6.2146,106.8451,29.0
2026-05-07 17:23:19,SENS-JAKSEL,-6.2615,106.8106,13.0
2026-05-07 17:23:21,DUMMY-99,-6.2146,106.8451,1.0
2026-05-07 17:23:23,DUMMY-99,-6.2146,106.8451,20.0
2026-05-07 17:23:24,DUMMY-99,-6.2146,106.8451,26.0
2026-05-07 17:23:26,SENS-JAKPUS,-6.1754,106.8272,5.0
2026-05-07 17:23:26,DUMMY-99,-6.2146,106.8451,12.0
2026-05-07 17:23:28,SENS-JAKSEL,-6.2615,106.8106,9.0
2026-05-07 17:23:29,DUMMY-99,-6.2146,106.8451,28.0
2026-05-07 17:23:31,DUMMY-99,-6.2146,106.8451,24.0
2026-05-07 17:23:33,DUMMY-99,-6.2146,106.8451,13.0
2026-05-07 17:23:35,DUMMY-99,-6.2146,106.8451,28.0
2026-05-07 17:23:35,SENS-JAKPUS,-6.1754,106.8272,10.0
2026-05-07 17:23:36,DUMMY-99,-6.2146,106.8451,70.0
2026-05-07 17:23:37,SENS-JAKSEL,-6.2615,106.8106,3.0
2026-05-07 17:23:38,DUMMY-99,-6.2146,106.8451,4.0
2026-05-07 17:23:41,DUMMY-99,-6.2146,106.8451,7.0
2026-05-07 17:23:43,DUMMY-99,-6.2146,106.8451,25.0
2026-05-07 17:23:44,SENS-JAKPUS,-6.1754,106.8272,7.0
2026-05-07 17:23:44,DUMMY-99,-6.2146,106.8451,3.0
2026-05-07 17:23:46,SENS-JAKSEL,-6.2615,106.8106,11.0
2026-05-07 17:23:46,DUMMY-99,-6.2146,106.8451,28.0
2026-05-07 17:23:48,DUMMY-99,-6.2146,106.8451,0.0
2026-05-07 17:23:50,DUMMY-99,-6.2146,106.8451,2.0
2026-05-07 17:23:52,DUMMY-99,-6.2146,106.8451,97.0
2026-05-07 17:23:53,SENS-JAKPUS,-6.1754,106.8272,1.0
2026-05-07 17:23:55,DUMMY-99,-6.2146,106.8451,67.0
2026-05-07 17:23:55,SENS-JAKSEL,-6.2615,106.8106,7.0
2026-05-07 17:23:57,DUMMY-99,-6.2146,106.8451,15.0
2026-05-07 17:23:59,DUMMY-99,-6.2146,106.8451,25.0
2026-05-07 17:24:00,DUMMY-99,-6.2146,106.8451,16.0
2026-05-07 17:24:02,SENS-JAKPUS,-6.1754,106.8272,3.0
2026-05-07 17:24:03,DUMMY-99,-6.2146,106.8451,28.0
2026-05-07 17:24:04,SENS-JAKSEL,-6.2615,106.8106,19.0
2026-05-07 17:24:05,DUMMY-99,-6.2146,106.8451,25.0
2026-05-07 17:24:07,DUMMY-99,-6.2146,106.8451,20.0
2026-05-07 17:24:09,DUMMY-99,-6.2146,106.8451,3.0
2026-05-07 17:24:10,DUMMY-99,-6.2146,106.8451,24.0
2026-05-07 17:24:11,SENS-JAKPUS,-6.1754,106.8272,19.0
2026-05-07 17:24:13,DUMMY-99,-6.2146,106.8451,10.0
2026-05-07 17:24:13,SENS-JAKSEL,-6.2615,106.8106,2.0
2026-05-07 17:24:14,DUMMY-99,-6.2146,106.8451,19.0
2026-05-07 17:24:17,DUMMY-99,-6.2146,106.8451,2.0
2026-05-07 17:24:19,DUMMY-99,-6.2146,106.8451,18.0
2026-05-07 17:24:20,SENS-JAKPUS,-6.1754,106.8272,17.0
2026-05-07 17:24:20,DUMMY-99,-6.2146,106.8451,17.0
2026-05-07 17:24:22,SENS-JAKSEL,-6.2615,106.8106,8.0
2026-05-07 17:24:22,DUMMY-99,-6.2146,106.8451,0.0
2026-05-07 17:24:25,DUMMY-99,-6.2146,106.8451,4.0
2026-05-07 17:24:26,DUMMY-99,-6.2146,106.8451,27.0
2026-05-07 17:24:29,DUMMY-99,-6.2146,106.8451,25.0
2026-05-07 17:24:29,SENS-JAKPUS,-6.1754,106.8272,4.0
2026-05-07 17:24:31,DUMMY-99,-6.2146,106.8451,17.0
2026-05-07 17:24:31,SENS-JAKSEL,-6.2615,106.8106,9.0
2026-05-07 17:24:33,DUMMY-99,-6.2146,106.8451,4.0
2026-05-07 17:24:35,DUMMY-99,-6.2146,106.8451,8.0
2026-05-07 17:24:36,DUMMY-99,-6.2146,106.8451,3.0
2026-05-07 17:24:38,SENS-JAKPUS,-6.1754,106.8272,2.0
2026-05-07 17:24:39,DUMMY-99,-6.2146,106.8451,21.0
2026-05-07 17:24:40,DUMMY-99,-6.2146,106.8451,26.0
2026-05-07 17:24:40,SENS-JAKSEL,-6.2615,106.8106,5.0
2026-05-07 17:24:43,DUMMY-99,-6.2146,106.8451,0.0
2026-05-07 17:24:44,DUMMY-99,-6.2146,106.8451,22.0
2026-05-07 17:24:47,DUMMY-99,-6.2146,106.8451,4.0
2026-05-07 17:24:47,SENS-JAKPUS,-6.1754,106.8272,12.0
2026-05-07 17:24:48,DUMMY-99,-6.2146,106.8451,25.0
2026-05-07 17:24:50,SENS-JAKSEL,-6.2615,106.8106,13.0
2026-05-07 17:24:51,DUMMY-99,-6.2146,106.8451,4.0
2026-05-07 17:24:53,DUMMY-99,-6.2146,106.8451,71.0
2026-05-07 17:24:55,DUMMY-99,-6.2146,106.8451,3.0
2026-05-07 17:24:57,SENS-JAKPUS,-6.1754,106.8272,14.0
2026-05-07 17:24:57,DUMMY-99,-6.2146,106.8451,6.0
2026-05-07 17:24:59,SENS-JAKSEL,-6.2615,106.8106,6.0
2026-05-07 17:24:59,DUMMY-99,-6.2146,106.8451,21.0
2026-05-07 17:25:00,DUMMY-99,-6.2146,106.8451,16.0
2026-05-07 17:25:02,DUMMY-99,-6.2146,106.8451,59.0
2026-05-07 17:25:04,DUMMY-99,-6.2146,106.8451,27.0
2026-05-07 17:25:06,SENS-JAKPUS,-6.1754,106.8272,97.0
2026-05-07 17:25:07,DUMMY-99,-6.2146,106.8451,12.0
2026-05-07 17:25:08,SENS-JAKSEL,-6.2615,106.8106,10.0
2026-05-07 17:25:08,DUMMY-99,-6.2146,106.8451,29.0
2026-05-07 17:25:10,DUMMY-99,-6.2146,106.8451,6.0
2026-05-07 17:25:12,DUMMY-99,-6.2146,106.8451,5.0
2026-05-07 17:25:14,DUMMY-99,-6.2146,106.8451,7.0
2026-05-07 17:25:15,SENS-JAKPUS,-6.1754,106.8272,19.0
2026-05-07 17:25:16,DUMMY-99,-6.2146,106.8451,4.0
2026-05-07 17:25:17,SENS-JAKSEL,-6.2615,106.8106,8.0
2026-05-07 17:25:18,DUMMY-99,-6.2146,106.8451,28.0
2026-05-07 17:25:21,DUMMY-99,-6.2146,106.8451,11.0
2026-05-07 17:25:22,DUMMY-99,-6.2146,106.8451,95.0
2026-05-07 17:25:24,SENS-JAKPUS,-6.1754,106.8272,14.0
2026-05-07 17:25:25,DUMMY-99,-6.2146,106.8451,5.0
2026-05-07 17:25:26,SENS-JAKSEL,-6.2615,106.8106,10.0
2026-05-07 17:25:26,DUMMY-99,-6.2146,106.8451,23.0
2026-05-07 17:25:29,DUMMY-99,-6.2146,106.8451,10.0
2026-05-07 17:25:31,DUMMY-99,-6.2146,106.8451,8.0
2026-05-07 17:25:33,DUMMY-99,-6.2146,106.8451,28.0
2026-05-07 17:25:33,SENS-JAKPUS,-6.1754,106.8272,0.0
2026-05-07 17:25:34,DUMMY-99,-6.2146,106.8451,8.0
2026-05-07 17:25:35,SENS-JAKSEL,-6.2615,106.8106,2.0
2026-05-07 17:25:37,DUMMY-99,-6.2146,106.8451,6.0
2026-05-07 17:25:39,DUMMY-99,-6.2146,106.8451,14.0
2026-05-07 17:25:40,DUMMY-99,-6.2146,106.8451,7.0
2026-05-07 17:25:42,SENS-JAKPUS,-6.1754,106.8272,0.0
2026-05-07 17:25:42,DUMMY-99,-6.2146,106.8451,11.0
2026-05-07 17:25:44,SENS-JAKSEL,-6.2615,106.8106,14.0
2026-05-07 17:25:44,DUMMY-99,-6.2146,106.8451,28.0
2026-05-07 17:25:47,DUMMY-99,-6.2146,106.8451,2.0
2026-05-07 17:25:49,DUMMY-99,-6.2146,106.8451,8.0
2026-05-07 17:25:51,DUMMY-99,-6.2146,106.8451,16.0
2026-05-07 17:25:51,SENS-JAKPUS,-6.1754,106.8272,79.0
2026-05-07 17:25:52,DUMMY-99,-6.2146,106.8451,8.0
2026-05-07 17:25:53,SENS-JAKSEL,-6.2615,106.8106,15.0
2026-05-07 17:25:55,DUMMY-99,-6.2146,106.8451,1.0
2026-05-07 17:25:57,DUMMY-99,-6.2146,106.8451,56.0
2026-05-07 17:25:59,DUMMY-99,-6.2146,106.8451,79.0
2026-05-07 17:26:00,SENS-JAKPUS,-6.1754,106.8272,8.0
2026-05-07 17:26:00,DUMMY-99,-6.2146,106.8451,7.0
2026-05-07 17:26:02,SENS-JAKSEL,-6.2615,106.8106,6.0
2026-05-07 17:26:03,DUMMY-99,-6.2146,106.8451,9.0
2026-05-07 17:26:05,DUMMY-99,-6.2146,106.8451,25.0
2026-05-07 17:26:07,DUMMY-99,-6.2146,106.8451,21.0
2026-05-07 17:26:08,DUMMY-99,-6.2146,106.8451,1.0
2026-05-07 17:26:09,SENS-JAKPUS,-6.1754,106.8272,0.0
2026-05-07 17:26:11,DUMMY-99,-6.2146,106.8451,97.0
2026-05-07 17:26:11,SENS-JAKSEL,-6.2615,106.8106,1.0
2026-05-07 17:26:13,DUMMY-99,-6.2146,106.8451,7.0
2026-05-07 17:26:15,DUMMY-99,-6.2146,106.8451,25.0
2026-05-07 17:26:17,DUMMY-99,-6.2146,106.8451,62.0
2026-05-07 17:26:18,SENS-JAKPUS,-6.1754,106.8272,14.0
2026-05-07 17:26:19,DUMMY-99,-6.2146,106.8451,11.0
2026-05-07 17:26:20,SENS-JAKSEL,-6.2615,106.8106,13.0
2026-05-07 17:26:21,DUMMY-99,-6.2146,106.8451,1.0
2026-05-07 17:26:23,DUMMY-99,-6.2146,106.8451,1.0
2026-05-07 17:26:25,DUMMY-99,-6.2146,106.8451,26.0
2026-05-07 17:26:26,DUMMY-99,-6.2146,106.8451,9.0
2026-05-07 17:26:27,SENS-JAKPUS,-6.1754,106.8272,4.0
2026-05-07 17:26:29,DUMMY-99,-6.2146,106.8451,0.0
2026-05-07 17:26:29,SENS-JAKSEL,-6.2615,106.8106,18.0
2026-05-07 17:26:31,DUMMY-99,-6.2146,106.8451,16.0
2026-05-07 17:26:32,DUMMY-99,-6.2146,106.8451,20.0
2026-05-07 17:26:34,DUMMY-99,-6.2146,106.8451,68.0
2026-05-07 17:26:36,SENS-JAKPUS,-6.1754,106.8272,1.0
2026-05-07 17:26:36,DUMMY-99,-6.2146,106.8451,21.0
2026-05-07 17:26:38,SENS-JAKSEL,-6.2615,106.8106,14.0
2026-05-07 17:26:38,DUMMY-99,-6.2146,106.8451,74.0
2026-05-07 17:26:40,DUMMY-99,-6.2146,106.8451,5.0
2026-05-07 17:26:42,DUMMY-99,-6.2146,106.8451,4.0
2026-05-07 17:26:45,DUMMY-99,-6.2146,106.8451,15.0
2026-05-07 17:26:45,SENS-JAKPUS,-6.1754,106.8272,2.0
2026-05-07 17:26:47,DUMMY-99,-6.2146,106.8451,6.0
2026-05-07 17:26:47,SENS-JAKSEL,-6.2615,106.8106,4.0
2026-05-07 17:26:48,DUMMY-99,-6.2146,106.8451,26.0
2026-05-07 17:26:50,DUMMY-99,-6.2146,106.8451,2.0
2026-05-07 17:26:52,DUMMY-99,-6.2146,106.8451,19.0
2026-05-07 17:26:54,DUMMY-99,-6.2146,106.8451,9.0
2026-05-07 17:26:55,SENS-JAKPUS,-6.1754,106.8272,12.0
2026-05-07 17:26:57,SENS-JAKSEL,-6.2615,106.8106,10.0
2026-05-07 17:26:57,DUMMY-99,-6.2146,106.8451,24.0
2026-05-07 17:26:59,DUMMY-99,-6.2146,106.8451,20.0
2026-05-07 17:27:00,DUMMY-99,-6.2146,106.8451,9.0
2026-05-07 17:27:03,DUMMY-99,-6.2146,106.8451,0.0
2026-05-07 17:27:04,SENS-JAKPUS,-6.1754,106.8272,7.0
2026-05-07 17:27:04,DUMMY-99,-6.2146,106.8451,2.0
2026-05-07 17:27:06,SENS-JAKSEL,-6.2615,106.8106,10.0
2026-05-07 17:27:06,DUMMY-99,-6.2146,106.8451,82.0
2026-05-07 17:27:08,DUMMY-99,-6.2146,106.8451,29.0
2026-05-07 17:27:11,DUMMY-99,-6.2146,106.8451,22.0
2026-05-07 17:27:12,DUMMY-99,-6.2146,106.8451,8.0
2026-05-07 17:27:13,SENS-JAKPUS,-6.1754,106.8272,11.0
2026-05-07 17:27:14,DUMMY-99,-6.2146,106.8451,17.0
2026-05-07 17:27:15,SENS-JAKSEL,-6.2615,106.8106,4.0
2026-05-07 17:27:16,DUMMY-99,-6.2146,106.8451,7.0
2026-05-07 17:27:18,DUMMY-99,-6.2146,106.8451,4.0
2026-05-07 17:27:21,DUMMY-99,-6.2146,106.8451,16.0
2026-05-07 17:27:22,SENS-JAKPUS,-6.1754,106.8272,4.0
2026-05-07 17:27:23,DUMMY-99,-6.2146,106.8451,3.0
2026-05-07 17:27:24,SENS-JAKSEL,-6.2615,106.8106,11.0
2026-05-07 17:27:24,DUMMY-99,-6.2146,106.8451,22.0
2026-05-07 17:27:26,DUMMY-99,-6.2146,106.8451,12.0
2026-05-07 17:27:29,DUMMY-99,-6.2146,106.8451,22.0
2026-05-07 17:27:30,DUMMY-99,-6.2146,106.8451,26.0
2026-05-07 17:27:31,SENS-JAKPUS,-6.1754,106.8272,18.0
2026-05-07 17:27:33,SENS-JAKSEL,-6.2615,106.8106,7.0
2026-05-07 17:27:34,DUMMY-99,-6.2146,106.8451,4.0
2026-05-07 17:27:36,DUMMY-99,-6.2146,106.8451,7.0
2026-05-07 17:27:39,DUMMY-99,-6.2146,106.8451,26.0
2026-05-07 17:27:40,SENS-JAKPUS,-6.1754,106.8272,8.0
2026-05-07 17:27:40,DUMMY-99,-6.2146,106.8451,18.0
2026-05-07 17:27:42,SENS-JAKSEL,-6.2615,106.8106,3.0
2026-05-07 17:27:42,DUMMY-99,-6.2146,106.8451,8.0
2026-05-07 17:27:44,DUMMY-99,-6.2146,106.8451,29.0
2026-05-07 17:27:46,DUMMY-99,-6.2146,106.8451,17.0
2026-05-07 17:27:48,DUMMY-99,-6.2146,106.8451,15.0
2026-05-07 17:27:49,SENS-JAKPUS,-6.1754,106.8272,16.0
2026-05-07 17:27:51,DUMMY-99,-6.2146,106.8451,28.0
2026-05-07 17:27:51,SENS-JAKSEL,-6.2615,106.8106,9.0
2026-05-07 17:27:52,DUMMY-99,-6.2146,106.8451,6.0
2026-05-07 17:27:55,DUMMY-99,-6.2146,106.8451,17.0
2026-05-07 17:27:57,DUMMY-99,-6.2146,106.8451,14.0
2026-05-07 17:27:58,SENS-JAKPUS,-6.1754,106.8272,63.0
2026-05-07 17:27:59,DUMMY-99,-6.2146,106.8451,28.0
2026-05-07 17:28:00,SENS-JAKSEL,-6.2615,106.8106,9.0
2026-05-07 17:28:00,DUMMY-99,-6.2146,106.8451,9.0
2026-05-07 17:28:02,DUMMY-99,-6.2146,106.8451,6.0
2026-05-07 17:28:04,DUMMY-99,-6.2146,106.8451,14.0
2026-05-07 17:28:06,DUMMY-99,-6.2146,106.8451,69.0
2026-05-07 17:28:07,SENS-JAKPUS,-6.1754,106.8272,95.0
2026-05-07 17:28:08,DUMMY-99,-6.2146,106.8451,97.0
2026-05-07 17:28:09,SENS-JAKSEL,-6.2615,106.8106,20.0
2026-05-07 17:28:11,DUMMY-99,-6.2146,106.8451,6.0
2026-05-07 17:28:13,DUMMY-99,-6.2146,106.8451,60.0
2026-05-07 17:28:15,DUMMY-99,-6.2146,106.8451,15.0
2026-05-07 17:28:16,SENS-JAKPUS,-6.1754,106.8272,7.0
2026-05-07 17:28:16,DUMMY-99,-6.2146,106.8451,10.0
2026-05-07 17:28:18,SENS-JAKSEL,-6.2615,106.8106,18.0
2026-05-07 17:28:18,DUMMY-99,-6.2146,106.8451,12.0
2026-05-07 17:28:20,DUMMY-99,-6.2146,106.8451,20.0
2026-05-07 17:28:23,DUMMY-99,-6.2146,106.8451,23.0
2026-05-07 17:28:25,DUMMY-99,-6.2146,106.8451,23.0
2026-05-07 17:28:25,SENS-JAKPUS,-6.1754,106.8272,0.0
2026-05-07 17:28:26,DUMMY-99,-6.2146,106.8451,19.0
2026-05-07 17:28:27,SENS-JAKSEL,-6.2615,106.8106,10.0
2026-05-07 17:28:28,DUMMY-99,-6.2146,106.8451,0.0
2026-05-07 17:28:31,DUMMY-99,-6.2146,106.8451,20.0
2026-05-07 17:28:33,DUMMY-99,-6.2146,106.8451,8.0
2026-05-07 17:28:34,SENS-JAKPUS,-6.1754,106.8272,14.0
2026-05-07 17:28:34,DUMMY-99,-6.2146,106.8451,14.0
2026-05-07 17:28:36,SENS-JAKSEL,-6.2615,106.8106,11.0
2026-05-07 17:28:37,DUMMY-99,-6.2146,106.8451,19.0
2026-05-07 17:28:39,DUMMY-99,-6.2146,106.8451,21.0
2026-05-07 17:28:41,DUMMY-99,-6.2146,106.8451,22.0
2026-05-07 17:28:42,DUMMY-99,-6.2146,106.8451,11.0
2026-05-07 17:28:43,SENS-JAKPUS,-6.1754,106.8272,83.0
2026-05-07 17:28:45,DUMMY-99,-6.2146,106.8451,5.0
2026-05-07 17:28:45,SENS-JAKSEL,-6.2615,106.8106,20.0
2026-05-07 17:28:46,DUMMY-99,-6.2146,106.8451,83.0
2026-05-07 17:28:48,DUMMY-99,-6.2146,106.8451,0.0
2026-05-07 17:28:50,DUMMY-99,-6.2146,106.8451,1.0
2026-05-07 17:28:52,DUMMY-99,-6.2146,106.8451,97.0
2026-05-07 17:28:53,SENS-JAKPUS,-6.1754,106.8272,20.0
2026-05-07 17:28:55,DUMMY-99,-6.2146,106.8451,75.0
2026-05-07 17:28:55,SENS-JAKSEL,-6.2615,106.8106,18.0
2026-05-07 17:28:57,DUMMY-99,-6.2146,106.8451,17.0
2026-05-07 17:28:58,DUMMY-99,-6.2146,106.8451,1.0
2026-05-07 17:29:00,DUMMY-99,-6.2146,106.8451,13.0
2026-05-07 17:29:02,SENS-JAKPUS,-6.1754,106.8272,6.0
2026-05-07 17:29:02,DUMMY-99,-6.2146,106.8451,9.0
2026-05-07 17:29:04,SENS-JAKSEL,-6.2615,106.8106,84.0
2026-05-07 17:29:04,DUMMY-99,-6.2146,106.8451,10.0
2026-05-07 17:29:07,DUMMY-99,-6.2146,106.8451,13.0
2026-05-07 17:29:08,DUMMY-99,-6.2146,106.8451,14.0
2026-05-07 17:29:11,DUMMY-99,-6.2146,106.8451,19.0
2026-05-07 17:29:11,SENS-JAKPUS,-6.1754,106.8272,13.0
2026-05-07 17:29:13,DUMMY-99,-6.2146,106.8451,28.0
2026-05-07 17:29:13,SENS-JAKSEL,-6.2615,106.8106,16.0
2026-05-07 17:29:14,DUMMY-99,-6.2146,106.8451,9.0
2026-05-07 17:29:16,DUMMY-99,-6.2146,106.8451,76.0
2026-05-07 17:29:19,DUMMY-99,-6.2146,106.8451,4.0
2026-05-07 17:29:20,SENS-JAKPUS,-6.1754,106.8272,98.0
2026-05-07 17:29:21,DUMMY-99,-6.2146,106.8451,99.0
2026-05-07 17:29:22,SENS-JAKSEL,-6.2615,106.8106,16.0
2026-05-07 17:29:23,DUMMY-99,-6.2146,106.8451,17.0
2026-05-07 17:29:24,DUMMY-99,-6.2146,106.8451,28.0
2026-05-07 17:29:26,DUMMY-99,-6.2146,106.8451,14.0
2026-05-07 17:29:29,DUMMY-99,-6.2146,106.8451,20.0
2026-05-07 17:29:29,SENS-JAKPUS,-6.1754,106.8272,5.0
2026-05-07 17:29:31,DUMMY-99,-6.2146,106.8451,9.0
2026-05-07 17:29:31,SENS-JAKSEL,-6.2615,106.8106,20.0
2026-05-07 17:29:32,DUMMY-99,-6.2146,106.8451,17.0
2026-05-07 17:29:34,DUMMY-99,-6.2146,106.8451,78.0
2026-05-07 17:29:37,DUMMY-99,-6.2146,106.8451,8.0
2026-05-07 17:29:38,SENS-JAKPUS,-6.1754,106.8272,9.0
2026-05-07 17:29:39,DUMMY-99,-6.2146,106.8451,28.0
2026-05-07 17:29:40,SENS-JAKSEL,-6.2615,106.8106,8.0
2026-05-07 17:29:41,DUMMY-99,-6.2146,106.8451,4.0
2026-05-07 17:29:42,DUMMY-99,-6.2146,106.8451,70.0
2026-05-07 17:29:45,DUMMY-99,-6.2146,106.8451,0.0
2026-05-07 17:29:47,DUMMY-99,-6.2146,106.8451,12.0
2026-05-07 17:29:47,SENS-JAKPUS,-6.1754,106.8272,11.0
2026-05-07 17:29:48,DUMMY-99,-6.2146,106.8451,16.0
2026-05-07 17:29:49,SENS-JAKSEL,-6.2615,106.8106,0.0
2026-05-07 17:29:50,DUMMY-99,-6.2146,106.8451,2.0
2026-05-07 17:29:52,DUMMY-99,-6.2146,106.8451,17.0
2026-05-07 17:29:55,DUMMY-99,-6.2146,106.8451,20.0
2026-05-07 17:29:56,SENS-JAKPUS,-6.1754,106.8272,96.0
2026-05-07 17:29:57,DUMMY-99,-6.2146,106.8451,18.0
2026-05-07 17:29:58,SENS-JAKSEL,-6.2615,106.8106,3.0
2026-05-07 17:29:59,DUMMY-99,-6.2146,106.8451,9.0
2026-05-07 17:30:00,DUMMY-99,-6.2146,106.8451,87.0
2026-05-07 17:30:02,DUMMY-99,-6.2146,106.8451,95.0
2026-05-07 17:30:05,DUMMY-99,-6.2146,106.8451,7.0
2026-05-07 17:30:05,SENS-JAKPUS,-6.1754,106.8272,3.0
2026-05-07 17:30:07,DUMMY-99,-6.2146,106.8451,2.0
2026-05-07 17:30:07,SENS-JAKSEL,-6.2615,106.8106,19.0
2026-05-07 17:30:08,DUMMY-99,-6.2146,106.8451,97.0
2026-05-07 17:30:11,DUMMY-99,-6.2146,106.8451,1.0
2026-05-07 17:30:12,DUMMY-99,-6.2146,106.8451,19.0
2026-05-07 17:30:14,SENS-JAKPUS,-6.1754,106.8272,0.0
2026-05-07 17:30:15,DUMMY-99,-6.2146,106.8451,11.0
2026-05-07 17:30:16,SENS-JAKSEL,-6.2615,106.8106,20.0
2026-05-07 17:30:16,DUMMY-99,-6.2146,106.8451,27.0
2026-05-07 17:30:19,DUMMY-99,-6.2146,106.8451,24.0
2026-05-07 17:30:21,DUMMY-99,-6.2146,106.8451,16.0
2026-05-07 17:30:23,DUMMY-99,-6.2146,106.8451,29.0
2026-05-07 17:30:23,SENS-JAKPUS,-6.1754,106.8272,13.0
2026-05-07 17:30:24,DUMMY-99,-6.2146,106.8451,1.0
2026-05-07 17:30:25,SENS-JAKSEL,-6.2615,106.8106,4.0
2026-05-07 17:30:27,DUMMY-99,-6.2146,106.8451,10.0
2026-05-07 17:30:28,DUMMY-99,-6.2146,106.8451,19.0
2026-05-07 17:30:31,DUMMY-99,-6.2146,106.8451,6.0
2026-05-07 17:30:32,SENS-JAKPUS,-6.1754,106.8272,19.0
2026-05-07 17:30:33,DUMMY-99,-6.2146,106.8451,64.0
2026-05-07 17:30:34,SENS-JAKSEL,-6.2615,106.8106,100.0
2026-05-07 17:30:34,DUMMY-99,-6.2146,106.8451,19.0
2026-05-07 17:30:37,DUMMY-99,-6.2146,106.8451,19.0
2026-05-07 17:30:39,DUMMY-99,-6.2146,106.8451,16.0
2026-05-07 17:30:41,DUMMY-99,-6.2146,106.8451,16.0
2026-05-07 17:30:41,SENS-JAKPUS,-6.1754,106.8272,3.0
2026-05-07 17:30:42,DUMMY-99,-6.2146,106.8451,23.0
2026-05-07 17:30:43,SENS-JAKSEL,-6.2615,106.8106,7.0
2026-05-07 17:30:44,DUMMY-99,-6.2146,106.8451,22.0
2026-05-07 17:30:46,DUMMY-99,-6.2146,106.8451,99.0
2026-05-07 17:30:48,DUMMY-99,-6.2146,106.8451,62.0
2026-05-07 17:30:50,DUMMY-99,-6.2146,106.8451,11.0
2026-05-07 17:30:50,SENS-JAKPUS,-6.1754,106.8272,5.0
2026-05-07 17:30:52,SENS-JAKSEL,-6.2615,106.8106,97.0
2026-05-07 17:30:53,DUMMY-99,-6.2146,106.8451,20.0
2026-05-07 17:30:55,DUMMY-99,-6.2146,106.8451,19.0
2026-05-07 17:30:57,DUMMY-99,-6.2146,106.8451,15.0
2026-05-07 17:30:58,DUMMY-99,-6.2146,106.8451,5.0
2026-05-07 17:30:59,SENS-JAKPUS,-6.1754,106.8272,5.0
2026-05-07 17:31:01,DUMMY-99,-6.2146,106.8451,24.0
2026-05-07 17:31:02,SENS-JAKSEL,-6.2615,106.8106,4.0
2026-05-07 17:31:02,DUMMY-99,-6.2146,106.8451,27.0
2026-05-07 17:31:05,DUMMY-99,-6.2146,106.8451,17.0
2026-05-07 17:31:07,DUMMY-99,-6.2146,106.8451,19.0
2026-05-07 17:31:08,DUMMY-99,-6.2146,106.8451,23.0
2026-05-07 17:31:09,SENS-JAKPUS,-6.1754,106.8272,10.0
2026-05-07 17:31:11,DUMMY-99,-6.2146,106.8451,15.0
2026-05-07 17:31:11,SENS-JAKSEL,-6.2615,106.8106,2.0
2026-05-07 17:31:12,DUMMY-99,-6.2146,106.8451,16.0
2026-05-07 17:31:14,DUMMY-99,-6.2146,106.8451,79.0
2026-05-07 17:31:16,DUMMY-99,-6.2146,106.8451,68.0
2026-05-07 17:31:18,SENS-JAKPUS,-6.1754,106.8272,20.0
2026-05-07 17:31:19,DUMMY-99,-6.2146,106.8451,8.0
2026-05-07 17:31:20,SENS-JAKSEL,-6.2615,106.8106,17.0
2026-05-07 17:31:20,DUMMY-99,-6.2146,106.8451,20.0
2026-05-07 17:31:22,DUMMY-99,-6.2146,106.8451,25.0
2026-05-07 17:31:24,DUMMY-99,-6.2146,106.8451,13.0
2026-05-07 17:31:26,DUMMY-99,-6.2146,106.8451,3.0
2026-05-07 17:31:27,SENS-JAKPUS,-6.1754,106.8272,1.0
2026-05-07 17:31:29,DUMMY-99,-6.2146,106.8451,9.0
2026-05-07 17:31:29,SENS-JAKSEL,-6.2615,106.8106,9.0
2026-05-07 17:31:31,DUMMY-99,-6.2146,106.8451,27.0
2026-05-07 17:31:33,DUMMY-99,-6.2146,106.8451,13.0
2026-05-07 17:31:34,DUMMY-99,-6.2146,106.8451,0.0
2026-05-07 17:31:36,SENS-JAKPUS,-6.1754,106.8272,6.0
2026-05-07 17:31:37,DUMMY-99,-6.2146,106.8451,15.0
2026-05-07 17:31:38,SENS-JAKSEL,-6.2615,106.8106,15.0
2026-05-07 17:31:38,DUMMY-99,-6.2146,106.8451,5.0
2026-05-07 17:31:41,DUMMY-99,-6.2146,106.8451,21.0
2026-05-07 17:31:42,DUMMY-99,-6.2146,106.8451,99.0
2026-05-07 17:31:45,DUMMY-99,-6.2146,106.8451,12.0
2026-05-07 17:31:45,SENS-JAKPUS,-6.1754,106.8272,2.0
2026-05-07 17:31:47,DUMMY-99,-6.2146,106.8451,8.0
2026-05-07 17:31:47,SENS-JAKSEL,-6.2615,106.8106,16.0
2026-05-07 17:31:48,DUMMY-99,-6.2146,106.8451,29.0
2026-05-07 17:31:50,DUMMY-99,-6.2146,106.8451,24.0
2026-05-07 17:31:52,DUMMY-99,-6.2146,106.8451,21.0
2026-05-07 17:31:54,SENS-JAKPUS,-6.1754,106.8272,0.0
2026-05-07 17:31:55,DUMMY-99,-6.2146,106.8451,13.0
2026-05-07 17:31:56,SENS-JAKSEL,-6.2615,106.8106,15.0
2026-05-07 17:31:57,DUMMY-99,-6.2146,106.8451,13.0
2026-05-07 17:31:58,DUMMY-99,-6.2146,106.8451,0.0
2026-05-07 17:32:00,DUMMY-99,-6.2146,106.8451,0.0
2026-05-07 17:32:03,DUMMY-99,-6.2146,106.8451,29.0
2026-05-07 17:32:03,SENS-JAKPUS,-6.1754,106.8272,9.0
2026-05-07 17:32:04,DUMMY-99,-6.2146,106.8451,15.0
2026-05-07 17:32:05,SENS-JAKSEL,-6.2615,106.8106,13.0
2026-05-07 17:32:06,DUMMY-99,-6.2146,106.8451,14.0
2026-05-07 17:32:08,DUMMY-99,-6.2146,106.8451,3.0
2026-05-07 17:32:11,DUMMY-99,-6.2146,106.8451,14.0
2026-05-07 17:32:12,SENS-JAKPUS,-6.1754,106.8272,7.0
2026-05-07 17:32:13,DUMMY-99,-6.2146,106.8451,15.0
2026-05-07 17:32:14,SENS-JAKSEL,-6.2615,106.8106,14.0
2026-05-07 17:32:14,DUMMY-99,-6.2146,106.8451,29.0
2026-05-07 17:32:16,DUMMY-99,-6.2146,106.8451,13.0
2026-05-07 17:32:19,DUMMY-99,-6.2146,106.8451,18.0
2026-05-07 17:32:21,DUMMY-99,-6.2146,106.8451,22.0
2026-05-07 17:32:21,SENS-JAKPUS,-6.1754,106.8272,2.0
2026-05-07 17:32:22,DUMMY-99,-6.2146,106.8451,27.0
2026-05-07 17:32:23,SENS-JAKSEL,-6.2615,106.8106,5.0
2026-05-07 17:32:24,DUMMY-99,-6.2146,106.8451,17.0
2026-05-07 17:32:27,DUMMY-99,-6.2146,106.8451,3.0
2026-05-07 17:32:29,DUMMY-99,-6.2146,106.8451,26.0
2026-05-07 17:32:30,SENS-JAKPUS,-6.1754,106.8272,0.0
2026-05-07 17:32:30,DUMMY-99,-6.2146,106.8451,20.0
2026-05-07 17:32:32,SENS-JAKSEL,-6.2615,106.8106,18.0
2026-05-07 17:32:32,DUMMY-99,-6.2146,106.8451,1.0
2026-05-07 17:32:34,DUMMY-99,-6.2146,106.8451,3.0
2026-05-07 17:32:36,DUMMY-99,-6.2146,106.8451,23.0
2026-05-07 17:32:38,DUMMY-99,-6.2146,106.8451,28.0
2026-05-07 17:32:39,SENS-JAKPUS,-6.1754,106.8272,10.0
2026-05-07 17:32:40,DUMMY-99,-6.2146,106.8451,1.0
2026-05-07 17:32:41,SENS-JAKSEL,-6.2615,106.8106,18.0
2026-05-07 17:32:42,DUMMY-99,-6.2146,106.8451,15.0
2026-05-07 17:32:44,DUMMY-99,-6.2146,106.8451,9.0
2026-05-07 17:32:47,DUMMY-99,-6.2146,106.8451,27.0
2026-05-07 17:32:48,SENS-JAKPUS,-6.1754,106.8272,6.0
2026-05-07 17:32:49,DUMMY-99,-6.2146,106.8451,24.0
2026-05-07 17:32:50,SENS-JAKSEL,-6.2615,106.8106,10.0
2026-05-07 17:32:50,DUMMY-99,-6.2146,106.8451,7.0
2026-05-07 17:32:52,DUMMY-99,-6.2146,106.8451,23.0
2026-05-07 17:32:54,DUMMY-99,-6.2146,106.8451,61.0
2026-05-07 17:32:56,DUMMY-99,-6.2146,106.8451,11.0
2026-05-07 17:32:57,SENS-JAKPUS,-6.1754,106.8272,20.0
2026-05-07 17:32:58,DUMMY-99,-6.2146,106.8451,83.0
2026-05-07 17:32:59,SENS-JAKSEL,-6.2615,106.8106,20.0
2026-05-07 17:33:01,DUMMY-99,-6.2146,106.8451,13.0
2026-05-07 17:33:02,DUMMY-99,-6.2146,106.8451,29.0
2026-05-07 17:33:04,DUMMY-99,-6.2146,106.8451,10.0
2026-05-07 17:33:07,SENS-JAKPUS,-6.1754,106.8272,20.0
2026-05-07 17:33:07,DUMMY-99,-6.2146,106.8451,17.0
2026-05-07 17:33:09,DUMMY-99,-6.2146,106.8451,13.0
2026-05-07 17:33:09,SENS-JAKSEL,-6.2615,106.8106,4.0
2026-05-07 17:33:10,DUMMY-99,-6.2146,106.8451,24.0
2026-05-07 17:33:12,DUMMY-99,-6.2146,106.8451,87.0
2026-05-07 17:33:14,DUMMY-99,-6.2146,106.8451,26.0
2026-05-07 17:33:16,SENS-JAKPUS,-6.1754,106.8272,60.0
2026-05-07 17:33:16,DUMMY-99,-6.2146,106.8451,6.0
2026-05-07 17:33:18,SENS-JAKSEL,-6.2615,106.8106,94.0
2026-05-07 17:33:19,DUMMY-99,-6.2146,106.8451,28.0
2026-05-07 17:33:21,DUMMY-99,-6.2146,106.8451,25.0
2026-05-07 17:33:23,DUMMY-99,-6.2146,106.8451,22.0
2026-05-07 17:33:24,DUMMY-99,-6.2146,106.8451,2.0
2026-05-07 17:33:25,SENS-JAKPUS,-6.1754,106.8272,18.0
2026-05-07 17:33:27,DUMMY-99,-6.2146,106.8451,24.0
2026-05-07 17:33:27,SENS-JAKSEL,-6.2615,106.8106,13.0
2026-05-07 17:33:29,DUMMY-99,-6.2146,106.8451,26.0
2026-05-07 17:33:30,DUMMY-99,-6.2146,106.8451,24.0
2026-05-07 17:33:32,DUMMY-99,-6.2146,106.8451,11.0
2026-05-07 17:33:34,SENS-JAKPUS,-6.1754,106.8272,17.0
2026-05-07 17:33:35,DUMMY-99,-6.2146,106.8451,8.0
2026-05-07 17:33:36,SENS-JAKSEL,-6.2615,106.8106,18.0
2026-05-07 17:33:37,DUMMY-99,-6.2146,106.8451,18.0
2026-05-07 17:33:39,DUMMY-99,-6.2146,106.8451,15.0
2026-05-07 17:33:40,DUMMY-99,-6.2146,106.8451,8.0
2026-05-07 17:33:42,DUMMY-99,-6.2146,106.8451,20.0
2026-05-07 17:33:43,SENS-JAKPUS,-6.1754,106.8272,17.0
2026-05-07 17:33:45,DUMMY-99,-6.2146,106.8451,28.0
2026-05-07 17:33:45,SENS-JAKSEL,-6.2615,106.8106,7.0
2026-05-07 17:33:46,DUMMY-99,-6.2146,106.8451,9.0
2026-05-07 17:33:49,DUMMY-99,-6.2146,106.8451,13.0
2026-05-07 17:33:50,DUMMY-99,-6.2146,106.8451,14.0
2026-05-07 17:33:52,SENS-JAKPUS,-6.1754,106.8272,1.0
2026-05-07 17:33:53,DUMMY-99,-6.2146,106.8451,68.0
2026-05-07 17:33:54,SENS-JAKSEL,-6.2615,106.8106,15.0
2026-05-07 17:33:55,DUMMY-99,-6.2146,106.8451,8.0
2026-05-07 17:33:56,DUMMY-99,-6.2146,106.8451,9.0
2026-05-07 17:33:58,DUMMY-99,-6.2146,106.8451,5.0
2026-05-07 17:34:01,DUMMY-99,-6.2146,106.8451,7.0
2026-05-07 17:34:01,SENS-JAKPUS,-6.1754,106.8272,1.0
2026-05-07 17:34:02,DUMMY-99,-6.2146,106.8451,26.0
2026-05-07 17:34:03,SENS-JAKSEL,-6.2615,106.8106,18.0
2026-05-07 17:34:04,DUMMY-99,-6.2146,106.8451,29.0
2026-05-07 17:34:07,DUMMY-99,-6.2146,106.8451,12.0
2026-05-07 17:34:08,DUMMY-99,-6.2146,106.8451,28.0
2026-05-07 17:34:10,SENS-JAKPUS,-6.1754,106.8272,11.0
2026-05-07 17:34:11,DUMMY-99,-6.2146,106.8451,11.0
2026-05-07 17:34:12,SENS-JAKSEL,-6.2615,106.8106,5.0
2026-05-07 17:34:13,DUMMY-99,-6.2146,106.8451,25.0
2026-05-07 17:34:14,DUMMY-99,-6.2146,106.8451,4.0
2026-05-07 17:34:16,DUMMY-99,-6.2146,106.8451,21.0
2026-05-07 17:34:18,DUMMY-99,-6.2146,106.8451,26.0
2026-05-07 17:34:19,SENS-JAKPUS,-6.1754,106.8272,18.0
2026-05-07 17:34:20,DUMMY-99,-6.2146,106.8451,8.0
2026-05-07 17:34:21,SENS-JAKSEL,-6.2615,106.8106,15.0
2026-05-07 17:34:22,DUMMY-99,-6.2146,106.8451,6.0
2026-05-07 17:34:24,DUMMY-99,-6.2146,106.8451,9.0
2026-05-07 17:34:27,DUMMY-99,-6.2146,106.8451,27.0
2026-05-07 17:34:28,SENS-JAKPUS,-6.1754,106.8272,8.0
2026-05-07 17:34:29,DUMMY-99,-6.2146,106.8451,24.0
2026-05-07 17:34:30,SENS-JAKSEL,-6.2615,106.8106,9.0
2026-05-07 17:34:31,DUMMY-99,-6.2146,106.8451,78.0
2026-05-07 17:34:32,DUMMY-99,-6.2146,106.8451,55.0
2026-05-07 17:34:35,DUMMY-99,-6.2146,106.8451,21.0
2026-05-07 17:34:36,DUMMY-99,-6.2146,106.8451,7.0
2026-05-07 17:34:37,SENS-JAKPUS,-6.1754,106.8272,2.0
2026-05-07 17:34:38,DUMMY-99,-6.2146,106.8451,5.0
2026-05-07 17:34:39,SENS-JAKSEL,-6.2615,106.8106,79.0
2026-05-07 17:34:40,DUMMY-99,-6.2146,106.8451,20.0
2026-05-07 17:34:42,DUMMY-99,-6.2146,106.8451,22.0
2026-05-07 17:34:45,DUMMY-99,-6.2146,106.8451,28.0
2026-05-07 17:34:46,SENS-JAKPUS,-6.1754,106.8272,3.0
2026-05-07 17:34:46,DUMMY-99,-6.2146,106.8451,6.0
2026-05-07 17:34:48,SENS-JAKSEL,-6.2615,106.8106,13.0
2026-05-07 17:34:49,DUMMY-99,-6.2146,106.8451,19.0
2026-05-07 17:34:50,DUMMY-99,-6.2146,106.8451,17.0
2026-05-07 17:34:52,DUMMY-99,-6.2146,106.8451,24.0
2026-05-07 17:34:55,DUMMY-99,-6.2146,106.8451,85.0
2026-05-07 17:34:55,SENS-JAKPUS,-6.1754,106.8272,60.0
2026-05-07 17:34:57,DUMMY-99,-6.2146,106.8451,11.0
2026-05-07 17:34:58,SENS-JAKSEL,-6.2615,106.8106,8.0
2026-05-07 17:34:58,DUMMY-99,-6.2146,106.8451,23.0
2026-05-07 17:35:01,DUMMY-99,-6.2146,106.8451,5.0
2026-05-07 17:35:03,DUMMY-99,-6.2146,106.8451,19.0
2026-05-07 17:35:05,SENS-JAKPUS,-6.1754,106.8272,17.0
2026-05-07 17:35:05,DUMMY-99,-6.2146,106.8451,8.0
2026-05-07 17:35:06,DUMMY-99,-6.2146,106.8451,9.0
2026-05-07 17:35:07,SENS-JAKSEL,-6.2615,106.8106,93.0
2026-05-07 17:35:08,DUMMY-99,-6.2146,106.8451,12.0
2026-05-07 17:35:11,DUMMY-99,-6.2146,106.8451,19.0
2026-05-07 17:35:13,DUMMY-99,-6.2146,106.8451,10.0
2026-05-07 17:35:14,SENS-JAKPUS,-6.1754,106.8272,14.0
2026-05-07 17:35:15,DUMMY-99,-6.2146,106.8451,99.0
2026-05-07 17:35:16,SENS-JAKSEL,-6.2615,106.8106,0.0
2026-05-07 17:35:16,DUMMY-99,-6.2146,106.8451,5.0
2026-05-07 17:35:19,DUMMY-99,-6.2146,106.8451,1.0
2026-05-07 17:35:20,DUMMY-99,-6.2146,106.8451,3.0
2026-05-07 17:35:23,DUMMY-99,-6.2146,106.8451,15.0
2026-05-07 17:35:23,SENS-JAKPUS,-6.1754,106.8272,6.0
2026-05-07 17:35:24,DUMMY-99,-6.2146,106.8451,5.0
2026-05-07 17:35:25,SENS-JAKSEL,-6.2615,106.8106,17.0
2026-05-07 17:35:26,DUMMY-99,-6.2146,106.8451,5.0
2026-05-07 17:35:29,DUMMY-99,-6.2146,106.8451,21.0
2026-05-07 17:35:31,DUMMY-99,-6.2146,106.8451,0.0
2026-05-07 17:35:32,SENS-JAKPUS,-6.1754,106.8272,0.0
2026-05-07 17:35:32,DUMMY-99,-6.2146,106.8451,22.0
2026-05-07 17:35:34,SENS-JAKSEL,-6.2615,106.8106,17.0
2026-05-07 17:35:35,DUMMY-99,-6.2146,106.8451,0.0
2026-05-07 17:35:37,DUMMY-99,-6.2146,106.8451,12.0
2026-05-07 17:35:38,DUMMY-99,-6.2146,106.8451,92.0
2026-05-07 17:35:40,DUMMY-99,-6.2146,106.8451,79.0
2026-05-07 17:35:41,SENS-JAKPUS,-6.1754,106.8272,18.0
2026-05-07 17:35:42,DUMMY-99,-6.2146,106.8451,97.0
2026-05-07 17:35:43,SENS-JAKSEL,-6.2615,106.8106,6.0
2026-05-07 17:35:44,DUMMY-99,-6.2146,106.8451,92.0
2026-05-07 17:35:46,DUMMY-99,-6.2146,106.8451,27.0
2026-05-07 17:35:49,DUMMY-99,-6.2146,106.8451,22.0
2026-05-07 17:35:50,SENS-JAKPUS,-6.1754,106.8272,10.0
2026-05-07 17:35:50,DUMMY-99,-6.2146,106.8451,20.0
2026-05-07 17:35:52,SENS-JAKSEL,-6.2615,106.8106,19.0
2026-05-07 17:35:53,DUMMY-99,-6.2146,106.8451,7.0
2026-05-07 17:35:55,DUMMY-99,-6.2146,106.8451,10.0
2026-05-07 17:35:56,DUMMY-99,-6.2146,106.8451,2.0
2026-05-07 17:35:58,DUMMY-99,-6.2146,106.8451,6.0
2026-05-07 17:35:59,SENS-JAKPUS,-6.1754,106.8272,12.0
2026-05-07 17:36:00,DUMMY-99,-6.2146,106.8451,0.0
2026-05-07 17:36:01,SENS-JAKSEL,-6.2615,106.8106,19.0
2026-05-07 17:36:02,DUMMY-99,-6.2146,106.8451,16.0
2026-05-07 17:36:04,DUMMY-99,-6.2146,106.8451,26.0
2026-05-07 17:36:06,DUMMY-99,-6.2146,106.8451,26.0
2026-05-07 17:36:08,SENS-JAKPUS,-6.1754,106.8272,66.0
2026-05-07 17:36:09,DUMMY-99,-6.2146,106.8451,23.0
2026-05-07 17:36:10,SENS-JAKSEL,-6.2615,106.8106,6.0
2026-05-07 17:36:11,DUMMY-99,-6.2146,106.8451,57.0
2026-05-07 17:36:12,DUMMY-99,-6.2146,106.8451,19.0
2026-05-07 17:36:14,DUMMY-99,-6.2146,106.8451,21.0
2026-05-07 17:36:16,DUMMY-99,-6.2146,106.8451,25.0
2026-05-07 17:36:17,SENS-JAKPUS,-6.1754,106.8272,10.0
2026-05-07 17:36:18,DUMMY-99,-6.2146,106.8451,12.0
2026-05-07 17:36:19,SENS-JAKSEL,-6.2615,106.8106,0.0
2026-05-07 17:36:20,DUMMY-99,-6.2146,106.8451,11.0
2026-05-07 17:36:23,DUMMY-99,-6.2146,106.8451,78.0
2026-05-07 17:36:24,DUMMY-99,-6.2146,106.8451,14.0
2026-05-07 17:36:26,SENS-JAKPUS,-6.1754,106.8272,9.0
2026-05-07 17:36:26,DUMMY-99,-6.2146,106.8451,10.0
2026-05-07 17:36:28,SENS-JAKSEL,-6.2615,106.8106,85.0
2026-05-07 17:36:29,DUMMY-99,-6.2146,106.8451,17.0
2026-05-07 17:36:31,DUMMY-99,-6.2146,106.8451,21.0
2026-05-07 17:36:32,DUMMY-99,-6.2146,106.8451,18.0
2026-05-07 17:36:35,DUMMY-99,-6.2146,106.8451,10.0
2026-05-07 17:36:35,SENS-JAKPUS,-6.1754,106.8272,10.0
2026-05-07 17:36:37,DUMMY-99,-6.2146,106.8451,5.0
2026-05-07 17:36:37,SENS-JAKSEL,-6.2615,106.8106,8.0
2026-05-07 17:36:39,DUMMY-99,-6.2146,106.8451,20.0
2026-05-07 17:36:40,DUMMY-99,-6.2146,106.8451,1.0
2026-05-07 17:36:43,DUMMY-99,-6.2146,106.8451,12.0
2026-05-07 17:36:44,SENS-JAKPUS,-6.1754,106.8272,13.0
2026-05-07 17:36:45,DUMMY-99,-6.2146,106.8451,4.0
2026-05-07 17:36:46,SENS-JAKSEL,-6.2615,106.8106,14.0
2026-05-07 17:36:47,DUMMY-99,-6.2146,106.8451,5.0
2026-05-07 17:36:48,DUMMY-99,-6.2146,106.8451,19.0
2026-05-07 17:36:50,DUMMY-99,-6.2146,106.8451,9.0
2026-05-07 17:36:52,DUMMY-99,-6.2146,106.8451,3.0
2026-05-07 17:36:53,SENS-JAKPUS,-6.1754,106.8272,9.0
2026-05-07 17:36:54,DUMMY-99,-6.2146,106.8451,25.0
2026-05-07 17:36:56,SENS-JAKSEL,-6.2615,106.8106,19.0
2026-05-07 17:36:56,DUMMY-99,-6.2146,106.8451,16.0
2026-05-07 17:36:58,DUMMY-99,-6.2146,106.8451,68.0
2026-05-07 17:37:01,DUMMY-99,-6.2146,106.8451,14.0
2026-05-07 17:37:02,DUMMY-99,-6.2146,106.8451,11.0
2026-05-07 17:37:03,SENS-JAKPUS,-6.1754,106.8272,19.0
2026-05-07 17:37:05,SENS-JAKSEL,-6.2615,106.8106,18.0
2026-05-07 17:37:05,DUMMY-99,-6.2146,106.8451,9.0
2026-05-07 17:37:06,DUMMY-99,-6.2146,106.8451,6.0
2026-05-07 17:37:09,DUMMY-99,-6.2146,106.8451,3.0
2026-05-07 17:37:10,DUMMY-99,-6.2146,106.8451,26.0
2026-05-07 17:37:12,SENS-JAKPUS,-6.1754,106.8272,9.0
2026-05-07 17:37:12,DUMMY-99,-6.2146,106.8451,70.0
2026-05-07 17:37:14,SENS-JAKSEL,-6.2615,106.8106,13.0
2026-05-07 17:37:14,DUMMY-99,-6.2146,106.8451,0.0
2026-05-07 17:37:17,DUMMY-99,-6.2146,106.8451,26.0
2026-05-07 17:37:19,DUMMY-99,-6.2146,106.8451,5.0
2026-05-07 17:37:20,DUMMY-99,-6.2146,106.8451,97.0
2026-05-07 17:37:21,SENS-JAKPUS,-6.1754,106.8272,8.0
2026-05-07 17:37:23,DUMMY-99,-6.2146,106.8451,24.0
2026-05-07 17:37:23,SENS-JAKSEL,-6.2615,106.8106,86.0
2026-05-07 17:37:25,DUMMY-99,-6.2146,106.8451,16.0
2026-05-07 17:37:27,DUMMY-99,-6.2146,106.8451,4.0
2026-05-07 17:37:28,DUMMY-99,-6.2146,106.8451,17.0
2026-05-07 17:37:30,SENS-JAKPUS,-6.1754,106.8272,20.0
2026-05-07 17:37:30,DUMMY-99,-6.2146,106.8451,15.0
2026-05-07 17:37:32,SENS-JAKSEL,-6.2615,106.8106,0.0
2026-05-07 17:37:32,DUMMY-99,-6.2146,106.8451,11.0
2026-05-07 17:37:35,DUMMY-99,-6.2146,106.8451,20.0
2026-05-07 17:37:37,DUMMY-99,-6.2146,106.8451,0.0
2026-05-07 17:37:39,DUMMY-99,-6.2146,106.8451,11.0
2026-05-07 17:37:39,SENS-JAKPUS,-6.1754,106.8272,10.0
2026-05-07 17:37:40,DUMMY-99,-6.2146,106.8451,20.0
2026-05-07 17:37:41,SENS-JAKSEL,-6.2615,106.8106,15.0
2026-05-07 17:37:42,DUMMY-99,-6.2146,106.8451,11.0
2026-05-07 17:37:45,DUMMY-99,-6.2146,106.8451,9.0
2026-05-07 17:37:47,DUMMY-99,-6.2146,106.8451,15.0
2026-05-07 17:37:48,SENS-JAKPUS,-6.1754,106.8272,1.0
2026-05-07 17:37:48,DUMMY-99,-6.2146,106.8451,4.0
2026-05-07 17:37:50,SENS-JAKSEL,-6.2615,106.8106,4.0
2026-05-07 17:37:50,DUMMY-99,-6.2146,106.8451,28.0
2026-05-07 17:37:53,DUMMY-99,-6.2146,106.8451,26.0
2026-05-07 17:37:54,DUMMY-99,-6.2146,106.8451,6.0
2026-05-07 17:37:56,DUMMY-99,-6.2146,106.8451,25.0
2026-05-07 17:37:57,SENS-JAKPUS,-6.1754,106.8272,14.0
2026-05-07 17:37:58,DUMMY-99,-6.2146,106.8451,19.0
2026-05-07 17:37:59,SENS-JAKSEL,-6.2615,106.8106,11.0
2026-05-07 17:38:01,DUMMY-99,-6.2146,106.8451,29.0
2026-05-07 17:38:03,DUMMY-99,-6.2146,106.8451,25.0
2026-05-07 17:38:05,DUMMY-99,-6.2146,106.8451,7.0
2026-05-07 17:38:06,SENS-JAKPUS,-6.1754,106.8272,6.0
2026-05-07 17:38:06,DUMMY-99,-6.2146,106.8451,4.0
2026-05-07 17:38:08,SENS-JAKSEL,-6.2615,106.8106,68.0
2026-05-07 17:38:09,DUMMY-99,-6.2146,106.8451,24.0
2026-05-07 17:38:11,DUMMY-99,-6.2146,106.8451,7.0
2026-05-07 17:38:13,DUMMY-99,-6.2146,106.8451,23.0
2026-05-07 17:38:14,DUMMY-99,-6.2146,106.8451,23.0
2026-05-07 17:38:15,SENS-JAKPUS,-6.1754,106.8272,20.0
2026-05-07 17:38:17,DUMMY-99,-6.2146,106.8451,12.0
2026-05-07 17:38:17,SENS-JAKSEL,-6.2615,106.8106,16.0
2026-05-07 17:38:19,DUMMY-99,-6.2146,106.8451,27.0
2026-05-07 17:38:21,DUMMY-99,-6.2146,106.8451,16.0
2026-05-07 17:38:22,DUMMY-99,-6.2146,106.8451,3.0
2026-05-07 17:38:24,SENS-JAKPUS,-6.1754,106.8272,89.0
2026-05-07 17:38:25,DUMMY-99,-6.2146,106.8451,1.0
2026-05-07 17:38:26,SENS-JAKSEL,-6.2615,106.8106,2.0
2026-05-07 17:38:26,DUMMY-99,-6.2146,106.8451,17.0
2026-05-07 17:38:29,DUMMY-99,-6.2146,106.8451,16.0
2026-05-07 17:38:30,DUMMY-99,-6.2146,106.8451,7.0
2026-05-07 17:38:32,DUMMY-99,-6.2146,106.8451,17.0
2026-05-07 17:38:33,SENS-JAKPUS,-6.1754,106.8272,0.0
2026-05-07 17:38:35,DUMMY-99,-6.2146,106.8451,87.0
2026-05-07 17:38:35,SENS-JAKSEL,-6.2615,106.8106,0.0
2026-05-07 17:38:37,DUMMY-99,-6.2146,106.8451,8.0
2026-05-07 17:38:39,DUMMY-99,-6.2146,106.8451,18.0
2026-05-07 17:38:40,DUMMY-99,-6.2146,106.8451,20.0
2026-05-07 17:38:42,SENS-JAKPUS,-6.1754,106.8272,17.0
2026-05-07 17:38:43,DUMMY-99,-6.2146,106.8451,23.0
2026-05-07 17:38:44,DUMMY-99,-6.2146,106.8451,0.0
2026-05-07 17:38:44,SENS-JAKSEL,-6.2615,106.8106,16.0
2026-05-07 17:38:47,DUMMY-99,-6.2146,106.8451,27.0
2026-05-07 17:38:48,DUMMY-99,-6.2146,106.8451,28.0
2026-05-07 17:38:51,DUMMY-99,-6.2146,106.8451,13.0
2026-05-07 17:38:51,SENS-JAKPUS,-6.1754,106.8272,18.0
2026-05-07 17:38:52,DUMMY-99,-6.2146,106.8451,1.0
2026-05-07 17:38:54,SENS-JAKSEL,-6.2615,106.8106,3.0
2026-05-07 17:38:55,DUMMY-99,-6.2146,106.8451,19.0
2026-05-07 17:38:56,DUMMY-99,-6.2146,106.8451,20.0
2026-05-07 17:38:58,DUMMY-99,-6.2146,106.8451,24.0
2026-05-07 17:39:00,DUMMY-99,-6.2146,106.8451,17.0
2026-05-07 17:39:01,SENS-JAKPUS,-6.1754,106.8272,14.0
2026-05-07 17:39:03,SENS-JAKSEL,-6.2615,106.8106,14.0
2026-05-07 17:39:03,DUMMY-99,-6.2146,106.8451,22.0
2026-05-07 17:39:04,DUMMY-99,-6.2146,106.8451,23.0
2026-05-07 17:39:06,DUMMY-99,-6.2146,106.8451,5.0
2026-05-07 17:39:08,DUMMY-99,-6.2146,106.8451,10.0
2026-05-07 17:39:10,SENS-JAKPUS,-6.1754,106.8272,7.0
2026-05-07 17:39:11,DUMMY-99,-6.2146,106.8451,10.0
2026-05-07 17:39:12,SENS-JAKSEL,-6.2615,106.8106,13.0
2026-05-07 17:39:13,DUMMY-99,-6.2146,106.8451,27.0
2026-05-07 17:39:14,DUMMY-99,-6.2146,106.8451,28.0
2026-05-07 17:39:17,DUMMY-99,-6.2146,106.8451,4.0
2026-05-07 17:39:19,DUMMY-99,-6.2146,106.8451,12.0
2026-05-07 17:39:19,SENS-JAKPUS,-6.1754,106.8272,7.0
2026-05-07 17:39:21,DUMMY-99,-6.2146,106.8451,8.0
2026-05-07 17:39:21,SENS-JAKSEL,-6.2615,106.8106,13.0
2026-05-07 17:39:22,DUMMY-99,-6.2146,106.8451,17.0
2026-05-07 17:39:24,DUMMY-99,-6.2146,106.8451,19.0
2026-05-07 17:39:27,DUMMY-99,-6.2146,106.8451,14.0
2026-05-07 17:39:28,SENS-JAKPUS,-6.1754,106.8272,5.0
2026-05-07 17:39:29,DUMMY-99,-6.2146,106.8451,29.0
2026-05-07 17:39:30,SENS-JAKSEL,-6.2615,106.8106,2.0
2026-05-07 17:39:31,DUMMY-99,-6.2146,106.8451,12.0
2026-05-07 17:39:32,DUMMY-99,-6.2146,106.8451,26.0
2026-05-07 17:39:34,DUMMY-99,-6.2146,106.8451,25.0
2026-05-07 17:39:37,DUMMY-99,-6.2146,106.8451,3.0
2026-05-07 17:39:37,SENS-JAKPUS,-6.1754,106.8272,17.0
2026-05-07 17:39:39,DUMMY-99,-6.2146,106.8451,8.0
2026-05-07 17:39:39,SENS-JAKSEL,-6.2615,106.8106,14.0
2026-05-07 17:39:40,DUMMY-99,-6.2146,106.8451,19.0
2026-05-07 17:39:43,DUMMY-99,-6.2146,106.8451,92.0
2026-05-07 17:39:45,DUMMY-99,-6.2146,106.8451,16.0
2026-05-07 17:39:46,SENS-JAKPUS,-6.1754,106.8272,15.0
2026-05-07 17:39:47,DUMMY-99,-6.2146,106.8451,22.0
2026-05-07 17:39:48,SENS-JAKSEL,-6.2615,106.8106,4.0
2026-05-07 17:39:48,DUMMY-99,-6.2146,106.8451,5.0
2026-05-07 17:39:50,DUMMY-99,-6.2146,106.8451,19.0
2026-05-07 17:39:53,DUMMY-99,-6.2146,106.8451,83.0
2026-05-07 17:39:55,DUMMY-99,-6.2146,106.8451,28.0
2026-05-07 17:39:55,SENS-JAKPUS,-6.1754,106.8272,9.0
2026-05-07 17:39:56,DUMMY-99,-6.2146,106.8451,29.0
2026-05-07 17:39:57,SENS-JAKSEL,-6.2615,106.8106,5.0
2026-05-07 17:39:59,DUMMY-99,-6.2146,106.8451,17.0
2026-05-07 17:40:00,DUMMY-99,-6.2146,106.8451,4.0
2026-05-07 17:40:02,DUMMY-99,-6.2146,106.8451,91.0
2026-05-07 17:40:04,SENS-JAKPUS,-6.1754,106.8272,2.0
2026-05-07 17:40:04,DUMMY-99,-6.2146,106.8451,19.0
2026-05-07 17:40:06,SENS-JAKSEL,-6.2615,106.8106,5.0
2026-05-07 17:40:07,DUMMY-99,-6.2146,106.8451,84.0
2026-05-07 17:40:08,DUMMY-99,-6.2146,106.8451,1.0
2026-05-07 17:40:10,DUMMY-99,-6.2146,106.8451,87.0
2026-05-07 17:40:13,DUMMY-99,-6.2146,106.8451,2.0
2026-05-07 17:40:13,SENS-JAKPUS,-6.1754,106.8272,0.0
2026-05-07 17:40:14,DUMMY-99,-6.2146,106.8451,10.0
2026-05-07 17:40:15,SENS-JAKSEL,-6.2615,106.8106,9.0
2026-05-07 17:40:17,DUMMY-99,-6.2146,106.8451,4.0
2026-05-07 17:40:19,DUMMY-99,-6.2146,106.8451,1.0
2026-05-07 17:40:20,DUMMY-99,-6.2146,106.8451,2.0
2026-05-07 17:40:22,SENS-JAKPUS,-6.1754,106.8272,12.0
2026-05-07 17:40:22,DUMMY-99,-6.2146,106.8451,4.0
2026-05-07 17:40:24,SENS-JAKSEL,-6.2615,106.8106,8.0
2026-05-07 17:40:24,DUMMY-99,-6.2146,106.8451,8.0
2026-05-07 17:40:26,DUMMY-99,-6.2146,106.8451,14.0
2026-05-07 17:40:29,DUMMY-99,-6.2146,106.8451,3.0
2026-05-07 17:40:30,DUMMY-99,-6.2146,106.8451,13.0
2026-05-07 17:40:31,SENS-JAKPUS,-6.1754,106.8272,14.0
2026-05-07 17:40:32,DUMMY-99,-6.2146,106.8451,27.0
2026-05-07 17:40:33,SENS-JAKSEL,-6.2615,106.8106,10.0
2026-05-07 17:40:35,DUMMY-99,-6.2146,106.8451,6.0
2026-05-07 17:40:37,DUMMY-99,-6.2146,106.8451,3.0
2026-05-07 17:40:38,DUMMY-99,-6.2146,106.8451,19.0
2026-05-07 17:40:40,SENS-JAKPUS,-6.1754,106.8272,8.0
2026-05-07 17:40:40,DUMMY-99,-6.2146,106.8451,22.0
2026-05-07 17:40:42,SENS-JAKSEL,-6.2615,106.8106,0.0
2026-05-07 17:40:43,DUMMY-99,-6.2146,106.8451,58.0
2026-05-07 17:40:44,DUMMY-99,-6.2146,106.8451,9.0
2026-05-07 17:40:47,DUMMY-99,-6.2146,106.8451,26.0
2026-05-07 17:40:48,DUMMY-99,-6.2146,106.8451,0.0
2026-05-07 17:40:49,SENS-JAKPUS,-6.1754,106.8272,15.0
2026-05-07 17:40:50,DUMMY-99,-6.2146,106.8451,21.0
2026-05-07 17:40:51,SENS-JAKSEL,-6.2615,106.8106,15.0
2026-05-07 17:40:53,DUMMY-99,-6.2146,106.8451,14.0
2026-05-07 17:40:55,DUMMY-99,-6.2146,106.8451,24.0
2026-05-07 17:40:56,DUMMY-99,-6.2146,106.8451,21.0
2026-05-07 17:40:58,SENS-JAKPUS,-6.1754,106.8272,17.0
2026-05-07 17:40:58,DUMMY-99,-6.2146,106.8451,20.0
2026-05-07 17:41:00,DUMMY-99,-6.2146,106.8451,63.0
2026-05-07 17:41:00,SENS-JAKSEL,-6.2615,106.8106,2.0
2026-05-07 17:41:03,DUMMY-99,-6.2146,106.8451,28.0
2026-05-07 17:41:04,DUMMY-99,-6.2146,106.8451,4.0
2026-05-07 17:41:06,DUMMY-99,-6.2146,106.8451,67.0
2026-05-07 17:41:07,SENS-JAKPUS,-6.1754,106.8272,0.0
2026-05-07 17:41:08,DUMMY-99,-6.2146,106.8451,25.0
2026-05-07 17:41:10,SENS-JAKSEL,-6.2615,106.8106,4.0
2026-05-07 17:41:11,DUMMY-99,-6.2146,106.8451,20.0
2026-05-07 17:41:13,DUMMY-99,-6.2146,106.8451,18.0
2026-05-07 17:41:14,DUMMY-99,-6.2146,106.8451,13.0
2026-05-07 17:41:17,DUMMY-99,-6.2146,106.8451,4.0
2026-05-07 17:41:17,SENS-JAKPUS,-6.1754,106.8272,4.0
2026-05-07 17:41:18,DUMMY-99,-6.2146,106.8451,14.0
2026-05-07 17:41:19,SENS-JAKSEL,-6.2615,106.8106,14.0
2026-05-07 17:41:20,DUMMY-99,-6.2146,106.8451,9.0
2026-05-07 17:41:22,DUMMY-99,-6.2146,106.8451,3.0
2026-05-07 17:41:24,DUMMY-99,-6.2146,106.8451,99.0
2026-05-07 17:41:26,SENS-JAKPUS,-6.1754,106.8272,89.0
2026-05-07 17:41:27,DUMMY-99,-6.2146,106.8451,4.0
2026-05-07 17:41:28,SENS-JAKSEL,-6.2615,106.8106,1.0
2026-05-07 17:41:29,DUMMY-99,-6.2146,106.8451,9.0
2026-05-07 17:41:30,DUMMY-99,-6.2146,106.8451,14.0
2026-05-07 17:41:33,DUMMY-99,-6.2146,106.8451,86.0
2026-05-07 17:41:35,DUMMY-99,-6.2146,106.8451,56.0
2026-05-07 17:41:35,SENS-JAKPUS,-6.1754,106.8272,18.0
2026-05-07 17:41:36,DUMMY-99,-6.2146,106.8451,17.0
2026-05-07 17:41:37,SENS-JAKSEL,-6.2615,106.8106,10.0
2026-05-07 17:41:38,DUMMY-99,-6.2146,106.8451,6.0
2026-05-07 17:41:41,DUMMY-99,-6.2146,106.8451,19.0
2026-05-07 17:41:43,DUMMY-99,-6.2146,106.8451,20.0
2026-05-07 17:41:44,SENS-JAKPUS,-6.1754,106.8272,84.0
2026-05-07 17:41:44,DUMMY-99,-6.2146,106.8451,7.0
2026-05-07 17:41:46,SENS-JAKSEL,-6.2615,106.8106,74.0
2026-05-07 17:41:47,DUMMY-99,-6.2146,106.8451,13.0
2026-05-07 17:41:48,DUMMY-99,-6.2146,106.8451,4.0
2026-05-07 17:41:51,DUMMY-99,-6.2146,106.8451,12.0
2026-05-07 17:41:52,DUMMY-99,-6.2146,106.8451,2.0
2026-05-07 17:41:53,SENS-JAKPUS,-6.1754,106.8272,4.0
2026-05-07 17:41:55,DUMMY-99,-6.2146,106.8451,26.0
2026-05-07 17:41:55,SENS-JAKSEL,-6.2615,106.8106,96.0
2026-05-07 17:41:56,DUMMY-99,-6.2146,106.8451,20.0
2026-05-07 17:41:59,DUMMY-99,-6.2146,106.8451,2.0
2026-05-07 17:42:01,DUMMY-99,-6.2146,106.8451,19.0
2026-05-07 17:42:02,SENS-JAKPUS,-6.1754,106.8272,12.0
2026-05-07 17:42:03,DUMMY-99,-6.2146,106.8451,20.0
2026-05-07 17:42:04,SENS-JAKSEL,-6.2615,106.8106,14.0
2026-05-07 17:42:04,DUMMY-99,-6.2146,106.8451,64.0
2026-05-07 17:42:07,DUMMY-99,-6.2146,106.8451,26.0
2026-05-07 17:42:09,DUMMY-99,-6.2146,106.8451,3.0
2026-05-07 17:42:10,DUMMY-99,-6.2146,106.8451,23.0
2026-05-07 17:42:11,SENS-JAKPUS,-6.1754,106.8272,20.0
2026-05-07 17:42:13,DUMMY-99,-6.2146,106.8451,21.0
2026-05-07 17:42:13,SENS-JAKSEL,-6.2615,106.8106,14.0
2026-05-07 17:42:14,DUMMY-99,-6.2146,106.8451,20.0
2026-05-07 17:42:17,DUMMY-99,-6.2146,106.8451,3.0
2026-05-07 17:42:19,DUMMY-99,-6.2146,106.8451,57.0
2026-05-07 17:42:20,SENS-JAKPUS,-6.1754,106.8272,0.0
2026-05-07 17:42:21,DUMMY-99,-6.2146,106.8451,3.0
2026-05-07 17:42:22,SENS-JAKSEL,-6.2615,106.8106,3.0
2026-05-07 17:42:22,DUMMY-99,-6.2146,106.8451,28.0
2026-05-07 17:42:25,DUMMY-99,-6.2146,106.8451,5.0
2026-05-07 17:42:27,DUMMY-99,-6.2146,106.8451,29.0
2026-05-07 17:42:28,DUMMY-99,-6.2146,106.8451,19.0
2026-05-07 17:42:29,SENS-JAKPUS,-6.1754,106.8272,13.0
2026-05-07 17:42:30,DUMMY-99,-6.2146,106.8451,23.0
2026-05-07 17:42:31,SENS-JAKSEL,-6.2615,106.8106,11.0
2026-05-07 17:42:32,DUMMY-99,-6.2146,106.8451,22.0
2026-05-07 17:42:35,DUMMY-99,-6.2146,106.8451,4.0
2026-05-07 17:42:37,DUMMY-99,-6.2146,106.8451,26.0
2026-05-07 17:42:38,SENS-JAKPUS,-6.1754,106.8272,20.0
2026-05-07 17:42:38,DUMMY-99,-6.2146,106.8451,12.0
2026-05-07 17:42:40,SENS-JAKSEL,-6.2615,106.8106,15.0
2026-05-07 17:42:40,DUMMY-99,-6.2146,106.8451,56.0
2026-05-07 17:42:43,DUMMY-99,-6.2146,106.8451,19.0
2026-05-07 17:42:45,DUMMY-99,-6.2146,106.8451,10.0
2026-05-07 17:42:46,DUMMY-99,-6.2146,106.8451,9.0
2026-05-07 17:42:47,SENS-JAKPUS,-6.1754,106.8272,18.0
2026-05-07 17:42:48,DUMMY-99,-6.2146,106.8451,6.0
2026-05-07 17:42:49,SENS-JAKSEL,-6.2615,106.8106,7.0
2026-05-07 17:42:50,DUMMY-99,-6.2146,106.8451,15.0
2026-05-07 17:42:52,DUMMY-99,-6.2146,106.8451,7.0
2026-05-07 17:42:55,DUMMY-99,-6.2146,106.8451,11.0
2026-05-07 17:42:56,SENS-JAKPUS,-6.1754,106.8272,9.0
2026-05-07 17:42:56,DUMMY-99,-6.2146,106.8451,21.0
2026-05-07 17:42:58,SENS-JAKSEL,-6.2615,106.8106,7.0
2026-05-07 17:42:59,DUMMY-99,-6.2146,106.8451,13.0
2026-05-07 17:43:00,DUMMY-99,-6.2146,106.8451,12.0
2026-05-07 17:43:03,DUMMY-99,-6.2146,106.8451,19.0
2026-05-07 17:43:04,DUMMY-99,-6.2146,106.8451,26.0
2026-05-07 17:43:05,SENS-JAKPUS,-6.1754,106.8272,9.0
2026-05-07 17:43:07,DUMMY-99,-6.2146,106.8451,14.0
2026-05-07 17:43:07,SENS-JAKSEL,-6.2615,106.8106,12.0
2026-05-07 17:43:08,DUMMY-99,-6.2146,106.8451,8.0
2026-05-07 17:43:11,DUMMY-99,-6.2146,106.8451,96.0
2026-05-07 17:43:12,DUMMY-99,-6.2146,106.8451,1.0
2026-05-07 17:43:14,SENS-JAKPUS,-6.1754,106.8272,17.0
2026-05-07 17:43:15,DUMMY-99,-6.2146,106.8451,26.0
2026-05-07 17:43:16,SENS-JAKSEL,-6.2615,106.8106,7.0
2026-05-07 17:43:17,DUMMY-99,-6.2146,106.8451,92.0
2026-05-07 17:43:19,DUMMY-99,-6.2146,106.8451,29.0
2026-05-07 17:43:21,DUMMY-99,-6.2146,106.8451,2.0
2026-05-07 17:43:22,DUMMY-99,-6.2146,106.8451,12.0
2026-05-07 17:43:23,SENS-JAKPUS,-6.1754,106.8272,16.0
2026-05-07 17:43:25,DUMMY-99,-6.2146,106.8451,3.0
2026-05-07 17:43:26,SENS-JAKSEL,-6.2615,106.8106,17.0
2026-05-07 17:43:26,DUMMY-99,-6.2146,106.8451,16.0
2026-05-07 17:43:29,DUMMY-99,-6.2146,106.8451,95.0
2026-05-07 17:43:30,DUMMY-99,-6.2146,106.8451,20.0
2026-05-07 17:43:32,DUMMY-99,-6.2146,106.8451,11.0
2026-05-07 17:43:33,SENS-JAKPUS,-6.1754,106.8272,8.0
2026-05-07 17:43:34,DUMMY-99,-6.2146,106.8451,28.0
2026-05-07 17:43:35,SENS-JAKSEL,-6.2615,106.8106,4.0
2026-05-07 17:43:37,DUMMY-99,-6.2146,106.8451,1.0
2026-05-07 17:43:38,DUMMY-99,-6.2146,106.8451,7.0
2026-05-07 17:43:40,DUMMY-99,-6.2146,106.8451,62.0
2026-05-07 17:43:42,SENS-JAKPUS,-6.1754,106.8272,20.0
2026-05-07 17:43:43,DUMMY-99,-6.2146,106.8451,5.0
2026-05-07 17:43:44,SENS-JAKSEL,-6.2615,106.8106,11.0
2026-05-07 17:43:44,DUMMY-99,-6.2146,106.8451,24.0
2026-05-07 17:43:46,DUMMY-99,-6.2146,106.8451,7.0
2026-05-07 17:43:49,DUMMY-99,-6.2146,106.8451,4.0
2026-05-07 17:43:50,DUMMY-99,-6.2146,106.8451,28.0
2026-05-07 17:43:51,SENS-JAKPUS,-6.1754,106.8272,6.0
2026-05-07 17:43:52,DUMMY-99,-6.2146,106.8451,16.0
2026-05-07 17:43:53,SENS-JAKSEL,-6.2615,106.8106,0.0
2026-05-07 17:43:55,DUMMY-99,-6.2146,106.8451,15.0
2026-05-07 17:43:56,DUMMY-99,-6.2146,106.8451,15.0
2026-05-07 17:43:59,DUMMY-99,-6.2146,106.8451,23.0
2026-05-07 17:44:00,SENS-JAKPUS,-6.1754,106.8272,84.0
2026-05-07 17:44:00,DUMMY-99,-6.2146,106.8451,28.0
2026-05-07 17:44:02,SENS-JAKSEL,-6.2615,106.8106,15.0
2026-05-07 17:44:03,DUMMY-99,-6.2146,106.8451,6.0
2026-05-07 17:44:04,DUMMY-99,-6.2146,106.8451,15.0
2026-05-07 17:44:06,DUMMY-99,-6.2146,106.8451,27.0
2026-05-07 17:44:09,DUMMY-99,-6.2146,106.8451,5.0
2026-05-07 17:44:09,SENS-JAKPUS,-6.1754,106.8272,19.0
2026-05-07 17:44:10,DUMMY-99,-6.2146,106.8451,26.0
2026-05-07 17:44:11,SENS-JAKSEL,-6.2615,106.8106,15.0
2026-05-07 17:44:12,DUMMY-99,-6.2146,106.8451,21.0
2026-05-07 17:44:15,DUMMY-99,-6.2146,106.8451,2.0
2026-05-07 17:44:16,DUMMY-99,-6.2146,106.8451,16.0
2026-05-07 17:44:18,SENS-JAKPUS,-6.1754,106.8272,7.0
2026-05-07 17:44:18,DUMMY-99,-6.2146,106.8451,77.0
2026-05-07 17:44:20,SENS-JAKSEL,-6.2615,106.8106,13.0
2026-05-07 17:44:21,DUMMY-99,-6.2146,106.8451,10.0
2026-05-07 17:44:22,DUMMY-99,-6.2146,106.8451,1.0
2026-05-07 17:44:25,DUMMY-99,-6.2146,106.8451,27.0
2026-05-07 17:44:26,DUMMY-99,-6.2146,106.8451,23.0
2026-05-07 17:44:27,SENS-JAKPUS,-6.1754,106.8272,18.0
2026-05-07 17:44:29,DUMMY-99,-6.2146,106.8451,26.0
2026-05-07 17:44:29,SENS-JAKSEL,-6.2615,106.8106,65.0
2026-05-07 17:44:30,DUMMY-99,-6.2146,106.8451,23.0
2026-05-07 17:44:33,DUMMY-99,-6.2146,106.8451,5.0
2026-05-07 17:44:35,DUMMY-99,-6.2146,106.8451,13.0
2026-05-07 17:44:36,SENS-JAKPUS,-6.1754,106.8272,11.0
2026-05-07 17:44:37,DUMMY-99,-6.2146,106.8451,8.0
2026-05-07 17:44:38,SENS-JAKSEL,-6.2615,106.8106,2.0
2026-05-07 17:44:38,DUMMY-99,-6.2146,106.8451,15.0
2026-05-07 17:44:40,DUMMY-99,-6.2146,106.8451,67.0
2026-05-07 17:44:43,DUMMY-99,-6.2146,106.8451,1.0
2026-05-07 17:44:45,DUMMY-99,-6.2146,106.8451,14.0
2026-05-07 17:44:45,SENS-JAKPUS,-6.1754,106.8272,9.0
2026-05-07 17:44:46,DUMMY-99,-6.2146,106.8451,3.0
2026-05-07 17:44:47,SENS-JAKSEL,-6.2615,106.8106,2.0
2026-05-07 17:44:48,DUMMY-99,-6.2146,106.8451,17.0
2026-05-07 17:44:51,DUMMY-99,-6.2146,106.8451,20.0
2026-05-07 17:44:53,DUMMY-99,-6.2146,106.8451,18.0
2026-05-07 17:44:54,SENS-JAKPUS,-6.1754,106.8272,0.0
2026-05-07 17:44:54,DUMMY-99,-6.2146,106.8451,29.0
2026-05-07 17:44:56,SENS-JAKSEL,-6.2615,106.8106,8.0
2026-05-07 17:44:56,DUMMY-99,-6.2146,106.8451,11.0
2026-05-07 17:44:58,DUMMY-99,-6.2146,106.8451,15.0
2026-05-07 17:45:01,DUMMY-99,-6.2146,106.8451,1.0
2026-05-07 17:45:02,DUMMY-99,-6.2146,106.8451,24.0
2026-05-07 17:45:03,SENS-JAKPUS,-6.1754,106.8272,6.0
2026-05-07 17:45:04,DUMMY-99,-6.2146,106.8451,22.0
2026-05-07 17:45:05,SENS-JAKSEL,-6.2615,106.8106,19.0
2026-05-07 17:45:07,DUMMY-99,-6.2146,106.8451,17.0
2026-05-07 17:45:09,DUMMY-99,-6.2146,106.8451,12.0
2026-05-07 17:45:11,DUMMY-99,-6.2146,106.8451,17.0
2026-05-07 17:45:12,SENS-JAKPUS,-6.1754,106.8272,3.0
2026-05-07 17:45:12,DUMMY-99,-6.2146,106.8451,7.0
2026-05-07 17:45:14,SENS-JAKSEL,-6.2615,106.8106,19.0
2026-05-07 17:45:15,DUMMY-99,-6.2146,106.8451,64.0
2026-05-07 17:45:16,DUMMY-99,-6.2146,106.8451,21.0
2026-05-07 17:45:18,DUMMY-99,-6.2146,106.8451,10.0
2026-05-07 17:45:20,DUMMY-99,-6.2146,106.8451,17.0
2026-05-07 17:45:21,SENS-JAKPUS,-6.1754,106.8272,14.0
2026-05-07 17:45:22,DUMMY-99,-6.2146,106.8451,23.0
2026-05-07 17:45:23,SENS-JAKSEL,-6.2615,106.8106,11.0
2026-05-07 17:45:25,DUMMY-99,-6.2146,106.8451,26.0
2026-05-07 17:45:26,DUMMY-99,-6.2146,106.8451,91.0
2026-05-07 17:45:29,DUMMY-99,-6.2146,106.8451,24.0
2026-05-07 17:45:30,SENS-JAKPUS,-6.1754,106.8272,6.0
2026-05-07 17:45:30,DUMMY-99,-6.2146,106.8451,26.0
2026-05-07 17:45:32,SENS-JAKSEL,-6.2615,106.8106,75.0
2026-05-07 17:45:33,DUMMY-99,-6.2146,106.8451,9.0
2026-05-07 17:45:35,DUMMY-99,-6.2146,106.8451,6.0
2026-05-07 17:45:37,DUMMY-99,-6.2146,106.8451,91.0
2026-05-07 17:45:38,DUMMY-99,-6.2146,106.8451,5.0
2026-05-07 17:45:40,SENS-JAKPUS,-6.1754,106.8272,1.0
2026-05-07 17:45:41,DUMMY-99,-6.2146,106.8451,23.0
2026-05-07 17:45:42,SENS-JAKSEL,-6.2615,106.8106,13.0
2026-05-07 17:45:43,DUMMY-99,-6.2146,106.8451,12.0
2026-05-07 17:45:44,DUMMY-99,-6.2146,106.8451,12.0
2026-05-07 17:45:46,DUMMY-99,-6.2146,106.8451,16.0
2026-05-07 17:45:49,DUMMY-99,-6.2146,106.8451,97.0
2026-05-07 17:45:49,SENS-JAKPUS,-6.1754,106.8272,13.0
2026-05-07 17:45:50,DUMMY-99,-6.2146,106.8451,13.0
2026-05-07 17:45:51,SENS-JAKSEL,-6.2615,106.8106,1.0
2026-05-07 17:45:52,DUMMY-99,-6.2146,106.8451,13.0
2026-05-07 17:45:54,DUMMY-99,-6.2146,106.8451,15.0
2026-05-07 17:45:56,DUMMY-99,-6.2146,106.8451,2.0
2026-05-07 17:45:58,SENS-JAKPUS,-6.1754,106.8272,11.0
2026-05-07 17:45:59,DUMMY-99,-6.2146,106.8451,5.0
2026-05-07 17:46:00,SENS-JAKSEL,-6.2615,106.8106,20.0
2026-05-07 17:46:01,DUMMY-99,-6.2146,106.8451,9.0
2026-05-07 17:46:03,DUMMY-99,-6.2146,106.8451,15.0
2026-05-07 17:46:04,DUMMY-99,-6.2146,106.8451,1.0
2026-05-07 17:46:07,DUMMY-99,-6.2146,106.8451,22.0
2026-05-07 17:46:07,SENS-JAKPUS,-6.1754,106.8272,15.0
2026-05-07 17:46:08,DUMMY-99,-6.2146,106.8451,27.0
2026-05-07 17:46:09,SENS-JAKSEL,-6.2615,106.8106,8.0
2026-05-07 17:46:11,DUMMY-99,-6.2146,106.8451,5.0
2026-05-07 17:46:12,DUMMY-99,-6.2146,106.8451,65.0
2026-05-07 17:46:14,DUMMY-99,-6.2146,106.8451,81.0
2026-05-07 17:46:16,SENS-JAKPUS,-6.1754,106.8272,17.0
2026-05-07 17:46:16,DUMMY-99,-6.2146,106.8451,12.0
2026-05-07 17:46:18,SENS-JAKSEL,-6.2615,106.8106,15.0
2026-05-07 17:46:19,DUMMY-99,-6.2146,106.8451,99.0
2026-05-07 17:46:20,DUMMY-99,-6.2146,106.8451,24.0
2026-05-07 17:46:22,DUMMY-99,-6.2146,106.8451,19.0
2026-05-07 17:46:24,DUMMY-99,-6.2146,106.8451,24.0
2026-05-07 17:46:25,SENS-JAKPUS,-6.1754,106.8272,96.0
2026-05-07 17:46:27,DUMMY-99,-6.2146,106.8451,21.0
2026-05-07 17:46:27,SENS-JAKSEL,-6.2615,106.8106,3.0
2026-05-07 17:46:28,DUMMY-99,-6.2146,106.8451,5.0
2026-05-07 17:46:30,DUMMY-99,-6.2146,106.8451,18.0
2026-05-07 17:46:33,DUMMY-99,-6.2146,106.8451,5.0
2026-05-07 17:46:34,SENS-JAKPUS,-6.1754,106.8272,14.0
2026-05-07 17:46:35,DUMMY-99,-6.2146,106.8451,7.0
2026-05-07 17:46:36,SENS-JAKSEL,-6.2615,106.8106,3.0
2026-05-07 17:46:36,DUMMY-99,-6.2146,106.8451,29.0
2026-05-07 17:46:38,DUMMY-99,-6.2146,106.8451,23.0
2026-05-07 17:46:41,DUMMY-99,-6.2146,106.8451,3.0
2026-05-07 17:46:42,DUMMY-99,-6.2146,106.8451,0.0
2026-05-07 17:46:43,SENS-JAKPUS,-6.1754,106.8272,12.0
2026-05-07 17:46:45,DUMMY-99,-6.2146,106.8451,6.0
2026-05-07 17:46:45,SENS-JAKSEL,-6.2615,106.8106,12.0
2026-05-07 17:46:46,DUMMY-99,-6.2146,106.8451,21.0
2026-05-07 17:46:49,DUMMY-99,-6.2146,106.8451,12.0
2026-05-07 17:46:51,DUMMY-99,-6.2146,106.8451,4.0
2026-05-07 17:46:52,SENS-JAKPUS,-6.1754,106.8272,6.0
2026-05-07 17:46:53,DUMMY-99,-6.2146,106.8451,19.0
2026-05-07 17:46:54,SENS-JAKSEL,-6.2615,106.8106,3.0
2026-05-07 17:46:54,DUMMY-99,-6.2146,106.8451,14.0
2026-05-07 17:46:56,DUMMY-99,-6.2146,106.8451,26.0
2026-05-07 17:46:58,DUMMY-99,-6.2146,106.8451,12.0
2026-05-07 17:47:00,DUMMY-99,-6.2146,106.8451,1.0
2026-05-07 17:47:01,SENS-JAKPUS,-6.1754,106.8272,16.0
2026-05-07 17:47:02,DUMMY-99,-6.2146,106.8451,16.0
2026-05-07 17:47:03,SENS-JAKSEL,-6.2615,106.8106,12.0
2026-05-07 17:47:04,DUMMY-99,-6.2146,106.8451,29.0
2026-05-07 17:47:06,DUMMY-99,-6.2146,106.8451,8.0
2026-05-07 17:47:08,DUMMY-99,-6.2146,106.8451,0.0
2026-05-07 17:47:10,SENS-JAKPUS,-6.1754,106.8272,1.0
2026-05-07 17:47:11,DUMMY-99,-6.2146,106.8451,2.0
2026-05-07 17:47:12,SENS-JAKSEL,-6.2615,106.8106,8.0
2026-05-07 17:47:12,DUMMY-99,-6.2146,106.8451,14.0
2026-05-07 17:47:15,DUMMY-99,-6.2146,106.8451,22.0
2026-05-07 17:47:16,DUMMY-99,-6.2146,106.8451,25.0
2026-05-07 17:47:19,DUMMY-99,-6.2146,106.8451,25.0
2026-05-07 17:47:19,SENS-JAKPUS,-6.1754,106.8272,60.0
2026-05-07 17:47:20,DUMMY-99,-6.2146,106.8451,19.0
2026-05-07 17:47:21,SENS-JAKSEL,-6.2615,106.8106,4.0
2026-05-07 17:47:23,DUMMY-99,-6.2146,106.8451,24.0
2026-05-07 17:47:24,DUMMY-99,-6.2146,106.8451,6.0
2026-05-07 17:47:26,DUMMY-99,-6.2146,106.8451,14.0
2026-05-07 17:47:28,SENS-JAKPUS,-6.1754,106.8272,77.0
2026-05-07 17:47:28,DUMMY-99,-6.2146,106.8451,5.0
2026-05-07 17:47:30,SENS-JAKSEL,-6.2615,106.8106,8.0
2026-05-07 17:47:30,DUMMY-99,-6.2146,106.8451,11.0
2026-05-07 17:47:33,DUMMY-99,-6.2146,106.8451,17.0
2026-05-07 17:47:35,DUMMY-99,-6.2146,106.8451,22.0
2026-05-07 17:47:37,DUMMY-99,-6.2146,106.8451,11.0
2026-05-07 17:47:37,SENS-JAKPUS,-6.1754,106.8272,89.0
2026-05-07 17:47:38,DUMMY-99,-6.2146,106.8451,15.0
2026-05-07 17:47:39,SENS-JAKSEL,-6.2615,106.8106,19.0
2026-05-07 17:47:41,DUMMY-99,-6.2146,106.8451,71.0
2026-05-07 17:47:43,DUMMY-99,-6.2146,106.8451,17.0
2026-05-07 17:47:45,DUMMY-99,-6.2146,106.8451,6.0
2026-05-07 17:47:46,DUMMY-99,-6.2146,106.8451,21.0
2026-05-07 17:47:47,SENS-JAKPUS,-6.1754,106.8272,17.0
2026-05-07 17:47:49,DUMMY-99,-6.2146,106.8451,8.0
2026-05-07 17:47:49,SENS-JAKSEL,-6.2615,106.8106,2.0
2026-05-07 17:47:50,DUMMY-99,-6.2146,106.8451,5.0
2026-05-07 17:47:52,DUMMY-99,-6.2146,106.8451,76.0
2026-05-07 17:47:54,DUMMY-99,-6.2146,106.8451,10.0
2026-05-07 17:47:56,SENS-JAKPUS,-6.1754,106.8272,77.0
2026-05-07 17:47:56,DUMMY-99,-6.2146,106.8451,10.0
2026-05-07 17:47:58,SENS-JAKSEL,-6.2615,106.8106,15.0
2026-05-07 17:47:58,DUMMY-99,-6.2146,106.8451,98.0
2026-05-07 17:48:01,DUMMY-99,-6.2146,106.8451,17.0
2026-05-07 17:48:02,DUMMY-99,-6.2146,106.8451,2.0
2026-05-07 17:48:04,DUMMY-99,-6.2146,106.8451,10.0
2026-05-07 17:48:05,SENS-JAKPUS,-6.1754,106.8272,17.0
2026-05-07 17:48:07,DUMMY-99,-6.2146,106.8451,15.0
2026-05-07 17:48:07,SENS-JAKSEL,-6.2615,106.8106,20.0
2026-05-07 17:48:08,DUMMY-99,-6.2146,106.8451,14.0
2026-05-07 17:48:11,DUMMY-99,-6.2146,106.8451,22.0
2026-05-07 17:48:12,DUMMY-99,-6.2146,106.8451,6.0
2026-05-07 17:48:14,SENS-JAKPUS,-6.1754,106.8272,0.0
2026-05-07 17:48:14,DUMMY-99,-6.2146,106.8451,68.0
2026-05-07 17:48:16,SENS-JAKSEL,-6.2615,106.8106,0.0
2026-05-07 17:48:17,DUMMY-99,-6.2146,106.8451,22.0
2026-05-07 17:48:19,DUMMY-99,-6.2146,106.8451,4.0
2026-05-07 17:48:20,DUMMY-99,-6.2146,106.8451,16.0
2026-05-07 17:48:23,DUMMY-99,-6.2146,106.8451,3.0
2026-05-07 17:48:23,SENS-JAKPUS,-6.1754,106.8272,15.0
2026-05-07 17:48:25,DUMMY-99,-6.2146,106.8451,25.0
2026-05-07 17:48:25,SENS-JAKSEL,-6.2615,106.8106,11.0
2026-05-07 17:48:27,DUMMY-99,-6.2146,106.8451,28.0
2026-05-07 17:48:28,DUMMY-99,-6.2146,106.8451,27.0
2026-05-07 17:48:31,DUMMY-99,-6.2146,106.8451,3.0
2026-05-07 17:48:32,SENS-JAKPUS,-6.1754,106.8272,1.0
2026-05-07 17:48:32,DUMMY-99,-6.2146,106.8451,8.0
2026-05-07 17:48:34,SENS-JAKSEL,-6.2615,106.8106,13.0
2026-05-07 17:48:35,DUMMY-99,-6.2146,106.8451,23.0
2026-05-07 17:48:36,DUMMY-99,-6.2146,106.8451,13.0
2026-05-07 17:48:38,DUMMY-99,-6.2146,106.8451,20.0
2026-05-07 17:48:40,DUMMY-99,-6.2146,106.8451,22.0
2026-05-07 17:48:41,SENS-JAKPUS,-6.1754,106.8272,81.0
2026-05-07 17:48:43,DUMMY-99,-6.2146,106.8451,23.0
2026-05-07 17:48:43,SENS-JAKSEL,-6.2615,106.8106,2.0
2026-05-07 17:48:44,DUMMY-99,-6.2146,106.8451,17.0
2026-05-07 17:48:46,DUMMY-99,-6.2146,106.8451,11.0
2026-05-07 17:48:49,DUMMY-99,-6.2146,106.8451,13.0
2026-05-07 17:48:50,SENS-JAKPUS,-6.1754,106.8272,79.0
2026-05-07 17:48:51,DUMMY-99,-6.2146,106.8451,18.0
2026-05-07 17:48:52,SENS-JAKSEL,-6.2615,106.8106,18.0
2026-05-07 17:48:53,DUMMY-99,-6.2146,106.8451,24.0
2026-05-07 17:48:54,DUMMY-99,-6.2146,106.8451,14.0
2026-05-07 17:48:57,DUMMY-99,-6.2146,106.8451,64.0
2026-05-07 17:48:59,DUMMY-99,-6.2146,106.8451,65.0
2026-05-07 17:48:59,SENS-JAKPUS,-6.1754,106.8272,19.0
2026-05-07 17:49:01,DUMMY-99,-6.2146,106.8451,16.0
2026-05-07 17:49:01,SENS-JAKSEL,-6.2615,106.8106,10.0
2026-05-07 17:49:02,DUMMY-99,-6.2146,106.8451,0.0
2026-05-07 17:49:04,DUMMY-99,-6.2146,106.8451,26.0
2026-05-07 17:49:06,DUMMY-99,-6.2146,106.8451,2.0
2026-05-07 17:49:08,SENS-JAKPUS,-6.1754,106.8272,7.0
2026-05-07 17:49:09,DUMMY-99,-6.2146,106.8451,20.0
2026-05-07 17:49:10,SENS-JAKSEL,-6.2615,106.8106,18.0
2026-05-07 17:49:11,DUMMY-99,-6.2146,106.8451,3.0
2026-05-07 17:49:12,DUMMY-99,-6.2146,106.8451,3.0
2026-05-07 17:49:15,DUMMY-99,-6.2146,106.8451,1.0
2026-05-07 17:49:17,DUMMY-99,-6.2146,106.8451,29.0
2026-05-07 17:49:17,SENS-JAKPUS,-6.1754,106.8272,9.0
2026-05-07 17:49:19,DUMMY-99,-6.2146,106.8451,15.0
2026-05-07 17:49:19,SENS-JAKSEL,-6.2615,106.8106,13.0
2026-05-07 17:49:20,DUMMY-99,-6.2146,106.8451,17.0
2026-05-07 17:49:23,DUMMY-99,-6.2146,106.8451,24.0
2026-05-07 17:49:25,DUMMY-99,-6.2146,106.8451,5.0
2026-05-07 17:49:26,SENS-JAKPUS,-6.1754,106.8272,93.0
2026-05-07 17:49:26,DUMMY-99,-6.2146,106.8451,19.0
2026-05-07 17:49:28,SENS-JAKSEL,-6.2615,106.8106,3.0
2026-05-07 17:49:29,DUMMY-99,-6.2146,106.8451,29.0
2026-05-07 17:49:30,DUMMY-99,-6.2146,106.8451,56.0
2026-05-07 17:49:33,DUMMY-99,-6.2146,106.8451,11.0
2026-05-07 17:49:34,DUMMY-99,-6.2146,106.8451,23.0
2026-05-07 17:49:35,SENS-JAKPUS,-6.1754,106.8272,2.0
2026-05-07 17:49:36,DUMMY-99,-6.2146,106.8451,21.0
2026-05-07 17:49:37,SENS-JAKSEL,-6.2615,106.8106,16.0
2026-05-07 17:49:39,DUMMY-99,-6.2146,106.8451,61.0
2026-05-07 17:49:40,DUMMY-99,-6.2146,106.8451,16.0
2026-05-07 17:49:42,DUMMY-99,-6.2146,106.8451,15.0
2026-05-07 17:49:44,SENS-JAKPUS,-6.1754,106.8272,14.0
2026-05-07 17:49:45,DUMMY-99,-6.2146,106.8451,8.0
2026-05-07 17:49:46,DUMMY-99,-6.2146,106.8451,8.0
2026-05-07 17:49:46,SENS-JAKSEL,-6.2615,106.8106,4.0
2026-05-07 17:49:48,DUMMY-99,-6.2146,106.8451,5.0
2026-05-07 17:49:51,DUMMY-99,-6.2146,106.8451,7.0
2026-05-07 17:49:53,DUMMY-99,-6.2146,106.8451,11.0
2026-05-07 17:49:54,SENS-JAKPUS,-6.1754,106.8272,18.0
2026-05-07 17:49:54,DUMMY-99,-6.2146,106.8451,23.0
2026-05-07 17:49:56,SENS-JAKSEL,-6.2615,106.8106,12.0
2026-05-07 17:49:56,DUMMY-99,-6.2146,106.8451,24.0
2026-05-07 17:49:59,DUMMY-99,-6.2146,106.8451,8.0
2026-05-07 17:50:00,DUMMY-99,-6.2146,106.8451,25.0
2026-05-07 17:50:02,DUMMY-99,-6.2146,106.8451,15.0
2026-05-07 17:50:03,SENS-JAKPUS,-6.1754,106.8272,2.0
2026-05-07 17:50:05,SENS-JAKSEL,-6.2615,106.8106,6.0
2026-05-07 17:50:05,DUMMY-99,-6.2146,106.8451,13.0
2026-05-07 17:50:07,DUMMY-99,-6.2146,106.8451,4.0
2026-05-07 17:50:09,DUMMY-99,-6.2146,106.8451,1.0
2026-05-07 17:50:10,DUMMY-99,-6.2146,106.8451,68.0
2026-05-07 17:50:12,SENS-JAKPUS,-6.1754,106.8272,14.0
2026-05-07 17:50:12,DUMMY-99,-6.2146,106.8451,25.0
2026-05-07 17:50:14,SENS-JAKSEL,-6.2615,106.8106,13.0
2026-05-07 17:50:15,DUMMY-99,-6.2146,106.8451,16.0
2026-05-07 17:50:17,DUMMY-99,-6.2146,106.8451,8.0
2026-05-07 17:50:19,DUMMY-99,-6.2146,106.8451,25.0
2026-05-07 17:50:20,DUMMY-99,-6.2146,106.8451,6.0
2026-05-07 17:50:21,SENS-JAKPUS,-6.1754,106.8272,11.0
2026-05-07 17:50:22,DUMMY-99,-6.2146,106.8451,4.0
2026-05-07 17:50:23,SENS-JAKSEL,-6.2615,106.8106,3.0
2026-05-07 17:50:25,DUMMY-99,-6.2146,106.8451,23.0
2026-05-07 17:50:27,DUMMY-99,-6.2146,106.8451,74.0
2026-05-07 17:50:28,DUMMY-99,-6.2146,106.8451,1.0
2026-05-07 17:50:30,SENS-JAKPUS,-6.1754,106.8272,16.0
2026-05-07 17:50:30,DUMMY-99,-6.2146,106.8451,28.0
2026-05-07 17:50:32,SENS-JAKSEL,-6.2615,106.8106,11.0
2026-05-07 17:50:32,DUMMY-99,-6.2146,106.8451,20.0
2026-05-07 17:50:34,DUMMY-99,-6.2146,106.8451,26.0
2026-05-07 17:50:36,DUMMY-99,-6.2146,106.8451,27.0
2026-05-07 17:50:39,DUMMY-99,-6.2146,106.8451,26.0
2026-05-07 17:50:39,SENS-JAKPUS,-6.1754,106.8272,0.0
2026-05-07 17:50:40,DUMMY-99,-6.2146,106.8451,4.0
2026-05-07 17:50:41,SENS-JAKSEL,-6.2615,106.8106,0.0
2026-05-07 17:50:42,DUMMY-99,-6.2146,106.8451,28.0
2026-05-07 17:50:44,DUMMY-99,-6.2146,106.8451,10.0
2026-05-07 17:50:46,DUMMY-99,-6.2146,106.8451,56.0
2026-05-07 17:50:48,SENS-JAKPUS,-6.1754,106.8272,12.0
2026-05-07 17:50:48,DUMMY-99,-6.2146,106.8451,1.0
2026-05-07 17:50:50,SENS-JAKSEL,-6.2615,106.8106,20.0
2026-05-07 17:50:51,DUMMY-99,-6.2146,106.8451,24.0
2026-05-07 17:50:53,DUMMY-99,-6.2146,106.8451,2.0
2026-05-07 17:50:54,DUMMY-99,-6.2146,106.8451,17.0
2026-05-07 17:50:57,DUMMY-99,-6.2146,106.8451,18.0
2026-05-07 17:50:57,SENS-JAKPUS,-6.1754,106.8272,9.0
2026-05-07 17:50:58,DUMMY-99,-6.2146,106.8451,1.0
2026-05-07 17:50:59,SENS-JAKSEL,-6.2615,106.8106,8.0
2026-05-07 17:51:00,DUMMY-99,-6.2146,106.8451,19.0
2026-05-07 17:51:02,DUMMY-99,-6.2146,106.8451,16.0
2026-05-07 17:51:05,DUMMY-99,-6.2146,106.8451,18.0
2026-05-07 17:51:06,SENS-JAKPUS,-6.1754,106.8272,18.0
2026-05-07 17:51:06,DUMMY-99,-6.2146,106.8451,24.0
2026-05-07 17:51:08,SENS-JAKSEL,-6.2615,106.8106,13.0
2026-05-07 17:51:08,DUMMY-99,-6.2146,106.8451,2.0
2026-05-07 17:51:10,DUMMY-99,-6.2146,106.8451,12.0
2026-05-07 17:51:12,DUMMY-99,-6.2146,106.8451,27.0
2026-05-07 17:51:15,DUMMY-99,-6.2146,106.8451,3.0
2026-05-07 17:51:15,SENS-JAKPUS,-6.1754,106.8272,12.0
2026-05-07 17:51:16,DUMMY-99,-6.2146,106.8451,1.0
2026-05-07 17:51:17,SENS-JAKSEL,-6.2615,106.8106,0.0
2026-05-07 17:51:18,DUMMY-99,-6.2146,106.8451,12.0
2026-05-07 17:51:20,DUMMY-99,-6.2146,106.8451,8.0
2026-05-07 17:51:22,DUMMY-99,-6.2146,106.8451,58.0
2026-05-07 17:51:24,SENS-JAKPUS,-6.1754,106.8272,16.0
2026-05-07 17:51:24,DUMMY-99,-6.2146,106.8451,28.0
2026-05-07 17:51:26,SENS-JAKSEL,-6.2615,106.8106,99.0
2026-05-07 17:51:27,DUMMY-99,-6.2146,106.8451,87.0
2026-05-07 17:51:28,DUMMY-99,-6.2146,106.8451,26.0
2026-05-07 17:51:31,DUMMY-99,-6.2146,106.8451,13.0
2026-05-07 17:51:32,DUMMY-99,-6.2146,106.8451,5.0
2026-05-07 17:51:33,SENS-JAKPUS,-6.1754,106.8272,77.0
2026-05-07 17:51:34,DUMMY-99,-6.2146,106.8451,3.0
2026-05-07 17:51:35,SENS-JAKSEL,-6.2615,106.8106,16.0
2026-05-07 17:51:36,DUMMY-99,-6.2146,106.8451,26.0
2026-05-07 17:51:39,DUMMY-99,-6.2146,106.8451,27.0
2026-05-07 17:51:41,DUMMY-99,-6.2146,106.8451,26.0
2026-05-07 17:51:42,SENS-JAKPUS,-6.1754,106.8272,95.0
2026-05-07 17:51:43,DUMMY-99,-6.2146,106.8451,90.0
2026-05-07 17:51:44,SENS-JAKSEL,-6.2615,106.8106,18.0
2026-05-07 17:51:44,DUMMY-99,-6.2146,106.8451,8.0
2026-05-07 17:51:46,DUMMY-99,-6.2146,106.8451,4.0
2026-05-07 17:51:49,DUMMY-99,-6.2146,106.8451,60.0
2026-05-07 17:51:50,DUMMY-99,-6.2146,106.8451,28.0
2026-05-07 17:51:51,SENS-JAKPUS,-6.1754,106.8272,16.0
2026-05-07 17:51:53,DUMMY-99,-6.2146,106.8451,11.0
2026-05-07 17:51:53,SENS-JAKSEL,-6.2615,106.8106,18.0
2026-05-07 17:51:54,DUMMY-99,-6.2146,106.8451,10.0
2026-05-07 17:51:56,DUMMY-99,-6.2146,106.8451,8.0
2026-05-07 17:51:58,DUMMY-99,-6.2146,106.8451,3.0
2026-05-07 17:52:00,DUMMY-99,-6.2146,106.8451,15.0
2026-05-07 17:52:01,SENS-JAKPUS,-6.1754,106.8272,13.0
2026-05-07 17:52:02,DUMMY-99,-6.2146,106.8451,4.0
2026-05-07 17:52:03,SENS-JAKSEL,-6.2615,106.8106,5.0
2026-05-07 17:52:04,DUMMY-99,-6.2146,106.8451,22.0
2026-05-07 17:52:06,DUMMY-99,-6.2146,106.8451,23.0
2026-05-07 17:52:08,DUMMY-99,-6.2146,106.8451,9.0
2026-05-07 17:52:10,SENS-JAKPUS,-6.1754,106.8272,11.0
2026-05-07 17:52:10,DUMMY-99,-6.2146,106.8451,23.0
2026-05-07 17:52:12,SENS-JAKSEL,-6.2615,106.8106,11.0
2026-05-07 17:52:12,DUMMY-99,-6.2146,106.8451,10.0
2026-05-07 17:52:15,DUMMY-99,-6.2146,106.8451,15.0
2026-05-07 17:52:16,DUMMY-99,-6.2146,106.8451,28.0
2026-05-07 17:52:18,DUMMY-99,-6.2146,106.8451,7.0
2026-05-07 17:52:19,SENS-JAKPUS,-6.1754,106.8272,7.0
2026-05-07 17:52:20,DUMMY-99,-6.2146,106.8451,24.0
2026-05-07 17:52:21,SENS-JAKSEL,-6.2615,106.8106,5.0
2026-05-07 17:52:23,DUMMY-99,-6.2146,106.8451,8.0
2026-05-07 17:52:25,DUMMY-99,-6.2146,106.8451,26.0
2026-05-07 17:52:27,DUMMY-99,-6.2146,106.8451,3.0
2026-05-07 17:52:28,SENS-JAKPUS,-6.1754,106.8272,4.0
2026-05-07 17:52:28,DUMMY-99,-6.2146,106.8451,57.0
2026-05-07 17:52:30,SENS-JAKSEL,-6.2615,106.8106,3.0
2026-05-07 17:52:31,DUMMY-99,-6.2146,106.8451,12.0
2026-05-07 17:52:33,DUMMY-99,-6.2146,106.8451,15.0
2026-05-07 17:52:35,DUMMY-99,-6.2146,106.8451,13.0
2026-05-07 17:52:36,DUMMY-99,-6.2146,106.8451,13.0
2026-05-07 17:52:37,SENS-JAKPUS,-6.1754,106.8272,2.0
2026-05-07 17:52:39,DUMMY-99,-6.2146,106.8451,84.0
2026-05-07 17:52:39,SENS-JAKSEL,-6.2615,106.8106,16.0
2026-05-07 17:52:40,DUMMY-99,-6.2146,106.8451,4.0
2026-05-07 17:52:42,DUMMY-99,-6.2146,106.8451,24.0
2026-05-07 17:52:44,DUMMY-99,-6.2146,106.8451,7.0
2026-05-07 17:52:46,SENS-JAKPUS,-6.1754,106.8272,3.0
2026-05-07 17:52:46,DUMMY-99,-6.2146,106.8451,10.0
2026-05-07 17:52:48,SENS-JAKSEL,-6.2615,106.8106,6.0
2026-05-07 17:52:48,DUMMY-99,-6.2146,106.8451,97.0
2026-05-07 17:52:50,DUMMY-99,-6.2146,106.8451,69.0
2026-05-07 17:52:52,DUMMY-99,-6.2146,106.8451,65.0
2026-05-07 17:52:54,DUMMY-99,-6.2146,106.8451,0.0
2026-05-07 17:52:55,SENS-JAKPUS,-6.1754,106.8272,11.0
2026-05-07 17:52:57,DUMMY-99,-6.2146,106.8451,7.0
2026-05-07 17:52:57,SENS-JAKSEL,-6.2615,106.8106,15.0
2026-05-07 17:52:59,DUMMY-99,-6.2146,106.8451,19.0
2026-05-07 17:53:01,DUMMY-99,-6.2146,106.8451,1.0
2026-05-07 17:53:02,DUMMY-99,-6.2146,106.8451,25.0
2026-05-07 17:53:04,SENS-JAKPUS,-6.1754,106.8272,1.0
2026-05-07 17:53:05,DUMMY-99,-6.2146,106.8451,15.0
2026-05-07 17:53:06,SENS-JAKSEL,-6.2615,106.8106,1.0
2026-05-07 17:53:07,DUMMY-99,-6.2146,106.8451,5.0
2026-05-07 17:53:09,DUMMY-99,-6.2146,106.8451,21.0
2026-05-07 17:53:10,DUMMY-99,-6.2146,106.8451,20.0
2026-05-07 17:53:13,DUMMY-99,-6.2146,106.8451,22.0
2026-05-07 17:53:13,SENS-JAKPUS,-6.1754,106.8272,2.0
2026-05-07 17:53:14,DUMMY-99,-6.2146,106.8451,11.0
2026-05-07 17:53:15,SENS-JAKSEL,-6.2615,106.8106,15.0
2026-05-07 17:53:16,DUMMY-99,-6.2146,106.8451,23.0
2026-05-07 17:53:18,DUMMY-99,-6.2146,106.8451,21.0
2026-05-07 17:53:20,DUMMY-99,-6.2146,106.8451,5.0
2026-05-07 17:53:22,SENS-JAKPUS,-6.1754,106.8272,17.0
2026-05-07 17:53:23,DUMMY-99,-6.2146,106.8451,7.0
2026-05-07 17:53:24,SENS-JAKSEL,-6.2615,106.8106,10.0
2026-05-07 17:53:25,DUMMY-99,-6.2146,106.8451,9.0
2026-05-07 17:53:27,DUMMY-99,-6.2146,106.8451,1.0
2026-05-07 17:53:28,DUMMY-99,-6.2146,106.8451,29.0
2026-05-07 17:53:30,DUMMY-99,-6.2146,106.8451,24.0
2026-05-07 17:53:31,SENS-JAKPUS,-6.1754,106.8272,3.0
2026-05-07 17:53:33,DUMMY-99,-6.2146,106.8451,14.0
2026-05-07 17:53:33,SENS-JAKSEL,-6.2615,106.8106,76.0
2026-05-07 17:53:35,DUMMY-99,-6.2146,106.8451,6.0
2026-05-07 17:53:36,DUMMY-99,-6.2146,106.8451,5.0
2026-05-07 17:53:39,DUMMY-99,-6.2146,106.8451,20.0
2026-05-07 17:53:40,SENS-JAKPUS,-6.1754,106.8272,17.0
2026-05-07 17:53:41,DUMMY-99,-6.2146,106.8451,24.0
2026-05-07 17:53:42,SENS-JAKSEL,-6.2615,106.8106,20.0
2026-05-07 17:53:43,DUMMY-99,-6.2146,106.8451,11.0
2026-05-07 17:53:44,DUMMY-99,-6.2146,106.8451,9.0
2026-05-07 17:53:46,DUMMY-99,-6.2146,106.8451,25.0
2026-05-07 17:53:49,DUMMY-99,-6.2146,106.8451,20.0
2026-05-07 17:53:49,SENS-JAKPUS,-6.1754,106.8272,14.0
2026-05-07 17:53:50,DUMMY-99,-6.2146,106.8451,22.0
2026-05-07 17:53:51,SENS-JAKSEL,-6.2615,106.8106,20.0
2026-05-07 17:53:52,DUMMY-99,-6.2146,106.8451,18.0
2026-05-07 17:53:54,DUMMY-99,-6.2146,106.8451,10.0
2026-05-07 17:53:56,DUMMY-99,-6.2146,106.8451,62.0
2026-05-07 17:53:58,SENS-JAKPUS,-6.1754,106.8272,17.0
2026-05-07 17:53:59,DUMMY-99,-6.2146,106.8451,23.0
2026-05-07 17:54:00,SENS-JAKSEL,-6.2615,106.8106,6.0
2026-05-07 17:54:01,DUMMY-99,-6.2146,106.8451,2.0
2026-05-07 17:54:02,DUMMY-99,-6.2146,106.8451,22.0
2026-05-07 17:54:05,DUMMY-99,-6.2146,106.8451,29.0
2026-05-07 17:54:07,DUMMY-99,-6.2146,106.8451,13.0
2026-05-07 17:54:08,SENS-JAKPUS,-6.1754,106.8272,17.0
2026-05-07 17:54:09,DUMMY-99,-6.2146,106.8451,16.0
2026-05-07 17:54:10,SENS-JAKSEL,-6.2615,106.8106,8.0
2026-05-07 17:54:10,DUMMY-99,-6.2146,106.8451,27.0
2026-05-07 17:54:13,DUMMY-99,-6.2146,106.8451,2.0
2026-05-07 17:54:15,DUMMY-99,-6.2146,106.8451,18.0
2026-05-07 17:54:17,SENS-JAKPUS,-6.1754,106.8272,3.0
2026-05-07 17:54:17,DUMMY-99,-6.2146,106.8451,19.0
2026-05-07 17:54:19,SENS-JAKSEL,-6.2615,106.8106,19.0
2026-05-07 17:54:19,DUMMY-99,-6.2146,106.8451,24.0
2026-05-07 17:54:20,DUMMY-99,-6.2146,106.8451,4.0
2026-05-07 17:54:22,DUMMY-99,-6.2146,106.8451,27.0
2026-05-07 17:54:25,DUMMY-99,-6.2146,106.8451,7.0
2026-05-07 17:54:26,SENS-JAKPUS,-6.1754,106.8272,12.0
2026-05-07 17:54:26,DUMMY-99,-6.2146,106.8451,10.0
2026-05-07 17:54:28,SENS-JAKSEL,-6.2615,106.8106,86.0
2026-05-07 17:54:28,DUMMY-99,-6.2146,106.8451,1.0
2026-05-07 17:54:31,DUMMY-99,-6.2146,106.8451,10.0
2026-05-07 17:54:33,DUMMY-99,-6.2146,106.8451,10.0
2026-05-07 17:54:35,DUMMY-99,-6.2146,106.8451,4.0
2026-05-07 17:54:35,SENS-JAKPUS,-6.1754,106.8272,10.0
2026-05-07 17:54:36,DUMMY-99,-6.2146,106.8451,14.0
2026-05-07 17:54:37,SENS-JAKSEL,-6.2615,106.8106,16.0
2026-05-07 17:54:39,DUMMY-99,-6.2146,106.8451,24.0
2026-05-07 17:54:40,DUMMY-99,-6.2146,106.8451,3.0
2026-05-07 17:54:43,DUMMY-99,-6.2146,106.8451,10.0
2026-05-07 17:54:44,SENS-JAKPUS,-6.1754,106.8272,7.0
2026-05-07 17:54:44,DUMMY-99,-6.2146,106.8451,29.0
2026-05-07 17:54:46,SENS-JAKSEL,-6.2615,106.8106,1.0
2026-05-07 17:54:47,DUMMY-99,-6.2146,106.8451,9.0
2026-05-07 17:54:49,DUMMY-99,-6.2146,106.8451,2.0
2026-05-07 17:54:50,DUMMY-99,-6.2146,106.8451,24.0
2026-05-07 17:54:52,DUMMY-99,-6.2146,106.8451,12.0
2026-05-07 17:54:53,SENS-JAKPUS,-6.1754,106.8272,16.0
2026-05-07 17:54:54,DUMMY-99,-6.2146,106.8451,24.0
2026-05-07 17:54:55,SENS-JAKSEL,-6.2615,106.8106,15.0
2026-05-07 17:54:56,DUMMY-99,-6.2146,106.8451,22.0
2026-05-07 17:54:59,DUMMY-99,-6.2146,106.8451,3.0
2026-05-07 17:55:01,DUMMY-99,-6.2146,106.8451,22.0
2026-05-07 17:55:02,SENS-JAKPUS,-6.1754,106.8272,15.0
2026-05-07 17:55:02,DUMMY-99,-6.2146,106.8451,26.0
2026-05-07 17:55:04,SENS-JAKSEL,-6.2615,106.8106,18.0
2026-05-07 17:55:04,DUMMY-99,-6.2146,106.8451,28.0
2026-05-07 17:55:06,DUMMY-99,-6.2146,106.8451,3.0
2026-05-07 17:55:08,DUMMY-99,-6.2146,106.8451,10.0
2026-05-07 17:55:10,DUMMY-99,-6.2146,106.8451,0.0
2026-05-07 17:55:11,SENS-JAKPUS,-6.1754,106.8272,20.0
2026-05-07 17:55:13,DUMMY-99,-6.2146,106.8451,89.0
2026-05-07 17:55:13,SENS-JAKSEL,-6.2615,106.8106,18.0
2026-05-07 17:55:14,DUMMY-99,-6.2146,106.8451,27.0
2026-05-07 17:55:17,DUMMY-99,-6.2146,106.8451,13.0
2026-05-07 17:55:18,DUMMY-99,-6.2146,106.8451,6.0
2026-05-07 17:55:20,SENS-JAKPUS,-6.1754,106.8272,20.0
2026-05-07 17:55:21,DUMMY-99,-6.2146,106.8451,0.0
2026-05-07 17:55:22,SENS-JAKSEL,-6.2615,106.8106,9.0
2026-05-07 17:55:23,DUMMY-99,-6.2146,106.8451,27.0
2026-05-07 17:55:24,DUMMY-99,-6.2146,106.8451,17.0
2026-05-07 17:55:26,DUMMY-99,-6.2146,106.8451,24.0
2026-05-07 17:55:28,DUMMY-99,-6.2146,106.8451,28.0
2026-05-07 17:55:29,SENS-JAKPUS,-6.1754,106.8272,19.0
2026-05-07 17:55:31,DUMMY-99,-6.2146,106.8451,0.0
2026-05-07 17:55:31,SENS-JAKSEL,-6.2615,106.8106,20.0
2026-05-07 17:55:33,DUMMY-99,-6.2146,106.8451,16.0
2026-05-07 17:55:35,DUMMY-99,-6.2146,106.8451,27.0
2026-05-07 17:55:36,DUMMY-99,-6.2146,106.8451,23.0
2026-05-07 17:55:38,SENS-JAKPUS,-6.1754,106.8272,12.0
2026-05-07 17:55:39,DUMMY-99,-6.2146,106.8451,57.0
2026-05-07 17:55:40,SENS-JAKSEL,-6.2615,106.8106,2.0
2026-05-07 17:55:41,DUMMY-99,-6.2146,106.8451,79.0
2026-05-07 17:55:43,DUMMY-99,-6.2146,106.8451,28.0
2026-05-07 17:55:44,DUMMY-99,-6.2146,106.8451,29.0
2026-05-07 17:55:47,DUMMY-99,-6.2146,106.8451,20.0
2026-05-07 17:55:47,SENS-JAKPUS,-6.1754,106.8272,16.0
2026-05-07 17:55:49,DUMMY-99,-6.2146,106.8451,11.0
2026-05-07 17:55:49,SENS-JAKSEL,-6.2615,106.8106,18.0
2026-05-07 17:55:50,DUMMY-99,-6.2146,106.8451,27.0
2026-05-07 17:55:52,DUMMY-99,-6.2146,106.8451,19.0
2026-05-07 17:55:54,DUMMY-99,-6.2146,106.8451,4.0
2026-05-07 17:55:56,SENS-JAKPUS,-6.1754,106.8272,9.0
2026-05-07 17:55:57,DUMMY-99,-6.2146,106.8451,98.0
2026-05-07 17:55:58,SENS-JAKSEL,-6.2615,106.8106,7.0
2026-05-07 17:55:59,DUMMY-99,-6.2146,106.8451,72.0
2026-05-07 17:56:01,DUMMY-99,-6.2146,106.8451,55.0
2026-05-07 17:56:02,DUMMY-99,-6.2146,106.8451,15.0
2026-05-07 17:56:05,DUMMY-99,-6.2146,106.8451,0.0
2026-05-07 17:56:05,SENS-JAKPUS,-6.1754,106.8272,15.0
2026-05-07 17:56:07,DUMMY-99,-6.2146,106.8451,9.0
2026-05-07 17:56:08,SENS-JAKSEL,-6.2615,106.8106,19.0
2026-05-07 17:56:08,DUMMY-99,-6.2146,106.8451,1.0
2026-05-07 17:56:10,DUMMY-99,-6.2146,106.8451,1.0
2026-05-07 17:56:12,DUMMY-99,-6.2146,106.8451,18.0
2026-05-07 17:56:14,DUMMY-99,-6.2146,106.8451,14.0
2026-05-07 17:56:15,SENS-JAKPUS,-6.1754,106.8272,7.0
2026-05-07 17:56:17,SENS-JAKSEL,-6.2615,106.8106,12.0
2026-05-07 17:56:17,DUMMY-99,-6.2146,106.8451,2.0
2026-05-07 17:56:18,DUMMY-99,-6.2146,106.8451,14.0
2026-05-07 17:56:20,DUMMY-99,-6.2146,106.8451,14.0
2026-05-07 17:56:22,DUMMY-99,-6.2146,106.8451,19.0
2026-05-07 17:56:24,SENS-JAKPUS,-6.1754,106.8272,14.0
2026-05-07 17:56:25,DUMMY-99,-6.2146,106.8451,23.0
2026-05-07 17:56:26,SENS-JAKSEL,-6.2615,106.8106,19.0
2026-05-07 17:56:26,DUMMY-99,-6.2146,106.8451,24.0
2026-05-07 17:56:28,DUMMY-99,-6.2146,106.8451,4.0
2026-05-07 17:56:30,DUMMY-99,-6.2146,106.8451,9.0
2026-05-07 17:56:32,DUMMY-99,-6.2146,106.8451,29.0
2026-05-07 17:56:33,SENS-JAKPUS,-6.1754,106.8272,0.0
2026-05-07 17:56:35,DUMMY-99,-6.2146,106.8451,14.0
2026-05-07 17:56:35,SENS-JAKSEL,-6.2615,106.8106,6.0
2026-05-07 17:56:36,DUMMY-99,-6.2146,106.8451,22.0
2026-05-07 17:56:38,DUMMY-99,-6.2146,106.8451,12.0
2026-05-07 17:56:41,DUMMY-99,-6.2146,106.8451,4.0
2026-05-07 17:56:42,SENS-JAKPUS,-6.1754,106.8272,20.0
2026-05-07 17:56:43,DUMMY-99,-6.2146,106.8451,20.0
2026-05-07 17:56:44,SENS-JAKSEL,-6.2615,106.8106,85.0
2026-05-07 17:56:44,DUMMY-99,-6.2146,106.8451,15.0
2026-05-07 17:56:47,DUMMY-99,-6.2146,106.8451,69.0
2026-05-07 17:56:49,DUMMY-99,-6.2146,106.8451,58.0
2026-05-07 17:56:51,DUMMY-99,-6.2146,106.8451,20.0
2026-05-07 17:56:51,SENS-JAKPUS,-6.1754,106.8272,80.0
2026-05-07 17:56:52,DUMMY-99,-6.2146,106.8451,8.0
2026-05-07 17:56:53,SENS-JAKSEL,-6.2615,106.8106,7.0
2026-05-07 17:56:55,DUMMY-99,-6.2146,106.8451,57.0
2026-05-07 17:56:57,DUMMY-99,-6.2146,106.8451,20.0
2026-05-07 17:56:59,DUMMY-99,-6.2146,106.8451,18.0
2026-05-07 17:57:00,SENS-JAKPUS,-6.1754,106.8272,15.0
2026-05-07 17:57:00,DUMMY-99,-6.2146,106.8451,27.0
2026-05-07 17:57:02,SENS-JAKSEL,-6.2615,106.8106,8.0
2026-05-07 17:57:02,DUMMY-99,-6.2146,106.8451,13.0
2026-05-07 17:57:04,DUMMY-99,-6.2146,106.8451,6.0
2026-05-07 17:57:06,DUMMY-99,-6.2146,106.8451,14.0
2026-05-07 17:57:08,DUMMY-99,-6.2146,106.8451,7.0
2026-05-07 17:57:09,SENS-JAKPUS,-6.1754,106.8272,15.0
2026-05-07 17:57:10,DUMMY-99,-6.2146,106.8451,10.0
2026-05-07 17:57:11,SENS-JAKSEL,-6.2615,106.8106,5.0
2026-05-07 17:57:13,DUMMY-99,-6.2146,106.8451,15.0
2026-05-07 17:57:15,DUMMY-99,-6.2146,106.8451,68.0
2026-05-07 17:57:17,DUMMY-99,-6.2146,106.8451,8.0
2026-05-07 17:57:18,SENS-JAKPUS,-6.1754,106.8272,17.0
2026-05-07 17:57:18,DUMMY-99,-6.2146,106.8451,25.0
2026-05-07 17:57:20,SENS-JAKSEL,-6.2615,106.8106,14.0
2026-05-07 17:57:21,DUMMY-99,-6.2146,106.8451,11.0
2026-05-07 17:57:22,DUMMY-99,-6.2146,106.8451,17.0
2026-05-07 17:57:25,DUMMY-99,-6.2146,106.8451,4.0
2026-05-07 17:57:26,DUMMY-99,-6.2146,106.8451,20.0
2026-05-07 17:57:27,SENS-JAKPUS,-6.1754,106.8272,4.0
2026-05-07 17:57:29,DUMMY-99,-6.2146,106.8451,21.0
2026-05-07 17:57:29,SENS-JAKSEL,-6.2615,106.8106,16.0
2026-05-07 17:57:30,DUMMY-99,-6.2146,106.8451,12.0
2026-05-07 17:57:32,DUMMY-99,-6.2146,106.8451,6.0
2026-05-07 17:57:34,DUMMY-99,-6.2146,106.8451,4.0
2026-05-07 17:57:36,SENS-JAKPUS,-6.1754,106.8272,8.0
2026-05-07 17:57:37,DUMMY-99,-6.2146,106.8451,93.0
2026-05-07 17:57:38,SENS-JAKSEL,-6.2615,106.8106,14.0
2026-05-07 17:57:39,DUMMY-99,-6.2146,106.8451,1.0
2026-05-07 17:57:41,DUMMY-99,-6.2146,106.8451,28.0
2026-05-07 17:57:43,DUMMY-99,-6.2146,106.8451,17.0
2026-05-07 17:57:44,DUMMY-99,-6.2146,106.8451,27.0
2026-05-07 17:57:45,SENS-JAKPUS,-6.1754,106.8272,1.0
2026-05-07 17:57:46,DUMMY-99,-6.2146,106.8451,16.0
2026-05-07 17:57:47,SENS-JAKSEL,-6.2615,106.8106,0.0
2026-05-07 17:57:49,DUMMY-99,-6.2146,106.8451,8.0
2026-05-07 17:57:51,DUMMY-99,-6.2146,106.8451,2.0
2026-05-07 17:57:52,DUMMY-99,-6.2146,106.8451,2.0
2026-05-07 17:57:54,SENS-JAKPUS,-6.1754,106.8272,10.0
2026-05-07 17:57:55,DUMMY-99,-6.2146,106.8451,4.0
2026-05-07 17:57:56,SENS-JAKSEL,-6.2615,106.8106,12.0
2026-05-07 17:57:56,DUMMY-99,-6.2146,106.8451,13.0
2026-05-07 17:57:59,DUMMY-99,-6.2146,106.8451,13.0
2026-05-07 17:58:00,DUMMY-99,-6.2146,106.8451,13.0
2026-05-07 17:58:02,DUMMY-99,-6.2146,106.8451,17.0
2026-05-07 17:58:03,SENS-JAKPUS,-6.1754,106.8272,13.0
2026-05-07 17:58:04,DUMMY-99,-6.2146,106.8451,18.0
2026-05-07 17:58:05,SENS-JAKSEL,-6.2615,106.8106,4.0
2026-05-07 17:58:06,DUMMY-99,-6.2146,106.8451,89.0
2026-05-07 17:58:08,DUMMY-99,-6.2146,106.8451,22.0
2026-05-07 17:58:10,DUMMY-99,-6.2146,106.8451,1.0
2026-05-07 17:58:12,SENS-JAKPUS,-6.1754,106.8272,18.0
2026-05-07 17:58:13,DUMMY-99,-6.2146,106.8451,23.0
2026-05-07 17:58:14,SENS-JAKSEL,-6.2615,106.8106,17.0
2026-05-07 17:58:15,DUMMY-99,-6.2146,106.8451,0.0
2026-05-07 17:58:16,DUMMY-99,-6.2146,106.8451,5.0
2026-05-07 17:58:18,DUMMY-99,-6.2146,106.8451,6.0
2026-05-07 17:58:21,DUMMY-99,-6.2146,106.8451,28.0
2026-05-07 17:58:21,SENS-JAKPUS,-6.1754,106.8272,85.0
2026-05-07 17:58:22,DUMMY-99,-6.2146,106.8451,8.0
2026-05-07 17:58:23,SENS-JAKSEL,-6.2615,106.8106,14.0
2026-05-07 17:58:25,DUMMY-99,-6.2146,106.8451,12.0
2026-05-07 17:58:26,DUMMY-99,-6.2146,106.8451,27.0
2026-05-07 17:58:29,DUMMY-99,-6.2146,106.8451,24.0
2026-05-07 17:58:31,SENS-JAKPUS,-6.1754,106.8272,1.0
2026-05-07 17:58:31,DUMMY-99,-6.2146,106.8451,6.0
2026-05-07 17:58:33,SENS-JAKSEL,-6.2615,106.8106,8.0
2026-05-07 17:58:33,DUMMY-99,-6.2146,106.8451,20.0
2026-05-07 17:58:34,DUMMY-99,-6.2146,106.8451,6.0
2026-05-07 17:58:36,DUMMY-99,-6.2146,106.8451,12.0
2026-05-07 17:58:38,DUMMY-99,-6.2146,106.8451,98.0
2026-05-07 17:58:40,SENS-JAKPUS,-6.1754,106.8272,0.0
2026-05-07 17:58:40,DUMMY-99,-6.2146,106.8451,3.0
2026-05-07 17:58:42,SENS-JAKSEL,-6.2615,106.8106,12.0
2026-05-07 17:58:43,DUMMY-99,-6.2146,106.8451,15.0
2026-05-07 17:58:44,DUMMY-99,-6.2146,106.8451,73.0
2026-05-07 17:58:46,DUMMY-99,-6.2146,106.8451,12.0
2026-05-07 17:58:48,DUMMY-99,-6.2146,106.8451,18.0
2026-05-07 17:58:49,SENS-JAKPUS,-6.1754,106.8272,12.0
2026-05-07 17:58:51,SENS-JAKSEL,-6.2615,106.8106,83.0
2026-05-07 17:58:51,DUMMY-99,-6.2146,106.8451,19.0
2026-05-07 17:58:52,DUMMY-99,-6.2146,106.8451,0.0
2026-05-07 17:58:55,DUMMY-99,-6.2146,106.8451,24.0
2026-05-07 17:58:57,DUMMY-99,-6.2146,106.8451,5.0
2026-05-07 17:58:58,SENS-JAKPUS,-6.1754,106.8272,8.0
2026-05-07 17:58:59,DUMMY-99,-6.2146,106.8451,0.0
2026-05-07 17:59:00,SENS-JAKSEL,-6.2615,106.8106,15.0
2026-05-07 17:59:00,DUMMY-99,-6.2146,106.8451,16.0
2026-05-07 17:59:02,DUMMY-99,-6.2146,106.8451,58.0
2026-05-07 17:59:05,DUMMY-99,-6.2146,106.8451,29.0
2026-05-07 17:59:06,DUMMY-99,-6.2146,106.8451,20.0
2026-05-07 17:59:07,SENS-JAKPUS,-6.1754,106.8272,13.0
2026-05-07 17:59:09,DUMMY-99,-6.2146,106.8451,16.0
2026-05-07 17:59:09,SENS-JAKSEL,-6.2615,106.8106,7.0
2026-05-07 17:59:10,DUMMY-99,-6.2146,106.8451,13.0
2026-05-07 17:59:13,DUMMY-99,-6.2146,106.8451,26.0
2026-05-07 17:59:14,DUMMY-99,-6.2146,106.8451,16.0
2026-05-07 17:59:16,SENS-JAKPUS,-6.1754,106.8272,18.0
2026-05-07 17:59:16,DUMMY-99,-6.2146,106.8451,19.0
2026-05-07 17:59:18,SENS-JAKSEL,-6.2615,106.8106,11.0
2026-05-07 17:59:18,DUMMY-99,-6.2146,106.8451,14.0
2026-05-07 17:59:21,DUMMY-99,-6.2146,106.8451,17.0
2026-05-07 17:59:23,DUMMY-99,-6.2146,106.8451,5.0
2026-05-07 17:59:25,DUMMY-99,-6.2146,106.8451,13.0
2026-05-07 17:59:25,SENS-JAKPUS,-6.1754,106.8272,3.0
2026-05-07 17:59:26,DUMMY-99,-6.2146,106.8451,9.0
2026-05-07 17:59:27,SENS-JAKSEL,-6.2615,106.8106,15.0
2026-05-07 17:59:29,DUMMY-99,-6.2146,106.8451,88.0
2026-05-07 17:59:31,DUMMY-99,-6.2146,106.8451,24.0
2026-05-07 17:59:33,DUMMY-99,-6.2146,106.8451,2.0
2026-05-07 17:59:34,SENS-JAKPUS,-6.1754,106.8272,2.0
2026-05-07 17:59:34,DUMMY-99,-6.2146,106.8451,8.0
2026-05-07 17:59:36,SENS-JAKSEL,-6.2615,106.8106,11.0
2026-05-07 17:59:36,DUMMY-99,-6.2146,106.8451,94.0
2026-05-07 17:59:39,DUMMY-99,-6.2146,106.8451,18.0
2026-05-07 17:59:41,DUMMY-99,-6.2146,106.8451,9.0
2026-05-07 17:59:42,DUMMY-99,-6.2146,106.8451,12.0
2026-05-07 17:59:43,SENS-JAKPUS,-6.1754,106.8272,1.0
2026-05-07 17:59:44,DUMMY-99,-6.2146,106.8451,28.0
2026-05-07 17:59:45,SENS-JAKSEL,-6.2615,106.8106,11.0
2026-05-07 17:59:46,DUMMY-99,-6.2146,106.8451,29.0
2026-05-07 17:59:48,DUMMY-99,-6.2146,106.8451,72.0
2026-05-07 17:59:51,DUMMY-99,-6.2146,106.8451,13.0
2026-05-07 17:59:52,SENS-JAKPUS,-6.1754,106.8272,18.0
2026-05-07 17:59:52,DUMMY-99,-6.2146,106.8451,10.0
2026-05-07 17:59:54,SENS-JAKSEL,-6.2615,106.8106,5.0
2026-05-07 17:59:55,DUMMY-99,-6.2146,106.8451,92.0
2026-05-07 17:59:56,DUMMY-99,-6.2146,106.8451,65.0
2026-05-07 17:59:59,DUMMY-99,-6.2146,106.8451,5.0
2026-05-07 18:00:00,DUMMY-99,-6.2146,106.8451,29.0
2026-05-07 18:00:01,SENS-JAKPUS,-6.1754,106.8272,7.0
2026-05-07 18:00:02,DUMMY-99,-6.2146,106.8451,22.0
2026-05-07 18:00:03,SENS-JAKSEL,-6.2615,106.8106,19.0
2026-05-07 18:00:05,DUMMY-99,-6.2146,106.8451,17.0
2026-05-07 18:00:07,DUMMY-99,-6.2146,106.8451,1.0
2026-05-07 18:00:08,DUMMY-99,-6.2146,106.8451,60.0
2026-05-07 18:00:10,SENS-JAKPUS,-6.1754,106.8272,3.0
2026-05-07 18:00:10,DUMMY-99,-6.2146,106.8451,17.0
2026-05-07 18:00:12,SENS-JAKSEL,-6.2615,106.8106,20.0
2026-05-07 18:00:12,DUMMY-99,-6.2146,106.8451,4.0
2026-05-07 18:00:14,DUMMY-99,-6.2146,106.8451,6.0
2026-05-07 18:00:16,DUMMY-99,-6.2146,106.8451,17.0
2026-05-07 18:00:18,DUMMY-99,-6.2146,106.8451,20.0
2026-05-07 18:00:19,SENS-JAKPUS,-6.1754,106.8272,10.0
2026-05-07 18:00:20,DUMMY-99,-6.2146,106.8451,15.0
2026-05-07 18:00:21,SENS-JAKSEL,-6.2615,106.8106,2.0
2026-05-07 18:00:23,DUMMY-99,-6.2146,106.8451,5.0
2026-05-07 18:00:25,DUMMY-99,-6.2146,106.8451,26.0
2026-05-07 18:00:26,DUMMY-99,-6.2146,106.8451,25.0
2026-05-07 18:00:28,SENS-JAKPUS,-6.1754,106.8272,9.0
2026-05-07 18:00:29,DUMMY-99,-6.2146,106.8451,12.0
2026-05-07 18:00:30,SENS-JAKSEL,-6.2615,106.8106,1.0
2026-05-07 18:00:30,DUMMY-99,-6.2146,106.8451,5.0
2026-05-07 18:00:33,DUMMY-99,-6.2146,106.8451,18.0
2026-05-07 18:00:34,DUMMY-99,-6.2146,106.8451,20.0
2026-05-07 18:00:37,DUMMY-99,-6.2146,106.8451,7.0
2026-05-07 18:00:37,SENS-JAKPUS,-6.1754,106.8272,11.0
2026-05-07 18:00:39,DUMMY-99,-6.2146,106.8451,7.0
2026-05-07 18:00:39,SENS-JAKSEL,-6.2615,106.8106,73.0
2026-05-07 18:00:41,DUMMY-99,-6.2146,106.8451,27.0
2026-05-07 18:00:42,DUMMY-99,-6.2146,106.8451,28.0
2026-05-07 18:00:44,DUMMY-99,-6.2146,106.8451,17.0
2026-05-07 18:00:46,SENS-JAKPUS,-6.1754,106.8272,0.0
2026-05-07 18:00:47,DUMMY-99,-6.2146,106.8451,21.0
2026-05-07 18:00:48,DUMMY-99,-6.2146,106.8451,29.0
2026-05-07 18:00:48,SENS-JAKSEL,-6.2615,106.8106,20.0
2026-05-07 18:00:50,DUMMY-99,-6.2146,106.8451,20.0
2026-05-07 18:00:52,DUMMY-99,-6.2146,106.8451,24.0
2026-05-07 18:00:55,DUMMY-99,-6.2146,106.8451,16.0
2026-05-07 18:00:55,SENS-JAKPUS,-6.1754,106.8272,18.0
2026-05-07 18:00:57,DUMMY-99,-6.2146,106.8451,10.0
2026-05-07 18:00:58,SENS-JAKSEL,-6.2615,106.8106,14.0
2026-05-07 18:00:59,DUMMY-99,-6.2146,106.8451,17.0
2026-05-07 18:01:00,DUMMY-99,-6.2146,106.8451,11.0
2026-05-07 18:01:02,DUMMY-99,-6.2146,106.8451,25.0
2026-05-07 18:01:04,DUMMY-99,-6.2146,106.8451,10.0
2026-05-07 18:01:05,SENS-JAKPUS,-6.1754,106.8272,16.0
2026-05-07 18:01:07,DUMMY-99,-6.2146,106.8451,11.0
2026-05-07 18:01:07,SENS-JAKSEL,-6.2615,106.8106,5.0
2026-05-07 18:01:08,DUMMY-99,-6.2146,106.8451,27.0
2026-05-07 18:01:10,DUMMY-99,-6.2146,106.8451,19.0
2026-05-07 18:01:12,DUMMY-99,-6.2146,106.8451,14.0
2026-05-07 18:01:14,SENS-JAKPUS,-6.1754,106.8272,18.0
2026-05-07 18:01:14,DUMMY-99,-6.2146,106.8451,7.0
2026-05-07 18:01:16,SENS-JAKSEL,-6.2615,106.8106,87.0
2026-05-07 18:01:16,DUMMY-99,-6.2146,106.8451,29.0
2026-05-07 18:01:18,DUMMY-99,-6.2146,106.8451,7.0
2026-05-07 18:01:20,DUMMY-99,-6.2146,106.8451,26.0
2026-05-07 18:01:22,DUMMY-99,-6.2146,106.8451,79.0
2026-05-07 18:01:23,SENS-JAKPUS,-6.1754,106.8272,0.0
2026-05-07 18:01:25,DUMMY-99,-6.2146,106.8451,27.0
2026-05-07 18:01:25,SENS-JAKSEL,-6.2615,106.8106,5.0
2026-05-07 18:01:26,DUMMY-99,-6.2146,106.8451,19.0
2026-05-07 18:01:29,DUMMY-99,-6.2146,106.8451,3.0
2026-05-07 18:01:31,DUMMY-99,-6.2146,106.8451,9.0
2026-05-07 18:01:32,SENS-JAKPUS,-6.1754,106.8272,1.0
2026-05-07 18:01:33,DUMMY-99,-6.2146,106.8451,17.0
2026-05-07 18:01:34,SENS-JAKSEL,-6.2615,106.8106,18.0
2026-05-07 18:01:34,DUMMY-99,-6.2146,106.8451,99.0
2026-05-07 18:01:37,DUMMY-99,-6.2146,106.8451,24.0
2026-05-07 18:01:38,DUMMY-99,-6.2146,106.8451,27.0
2026-05-07 18:01:41,DUMMY-99,-6.2146,106.8451,2.0
2026-05-07 18:01:41,SENS-JAKPUS,-6.1754,106.8272,4.0
2026-05-07 18:01:42,DUMMY-99,-6.2146,106.8451,17.0
2026-05-07 18:01:43,SENS-JAKSEL,-6.2615,106.8106,8.0
2026-05-07 18:01:44,DUMMY-99,-6.2146,106.8451,17.0
2026-05-07 18:01:47,DUMMY-99,-6.2146,106.8451,8.0
2026-05-07 18:01:49,DUMMY-99,-6.2146,106.8451,81.0
2026-05-07 18:01:50,SENS-JAKPUS,-6.1754,106.8272,3.0
2026-05-07 18:01:50,DUMMY-99,-6.2146,106.8451,25.0
2026-05-07 18:01:52,SENS-JAKSEL,-6.2615,106.8106,12.0
2026-05-07 18:01:52,DUMMY-99,-6.2146,106.8451,27.0
2026-05-07 18:01:54,DUMMY-99,-6.2146,106.8451,2.0
2026-05-07 18:01:57,DUMMY-99,-6.2146,106.8451,85.0
2026-05-07 18:01:59,DUMMY-99,-6.2146,106.8451,26.0
2026-05-07 18:01:59,SENS-JAKPUS,-6.1754,106.8272,7.0
2026-05-07 18:02:00,DUMMY-99,-6.2146,106.8451,18.0
2026-05-07 18:02:01,SENS-JAKSEL,-6.2615,106.8106,19.0
2026-05-07 18:02:03,DUMMY-99,-6.2146,106.8451,6.0
2026-05-07 18:02:05,DUMMY-99,-6.2146,106.8451,4.0
2026-05-07 18:02:07,DUMMY-99,-6.2146,106.8451,23.0
2026-05-07 18:02:08,SENS-JAKPUS,-6.1754,106.8272,20.0
2026-05-07 18:02:08,DUMMY-99,-6.2146,106.8451,2.0
2026-05-07 18:02:10,SENS-JAKSEL,-6.2615,106.8106,16.0
2026-05-07 18:02:10,DUMMY-99,-6.2146,106.8451,10.0
2026-05-07 18:02:12,DUMMY-99,-6.2146,106.8451,17.0
2026-05-07 18:02:14,DUMMY-99,-6.2146,106.8451,4.0
2026-05-07 18:02:16,DUMMY-99,-6.2146,106.8451,5.0
2026-05-07 18:02:17,SENS-JAKPUS,-6.1754,106.8272,11.0
2026-05-07 18:02:18,DUMMY-99,-6.2146,106.8451,26.0
2026-05-07 18:02:19,SENS-JAKSEL,-6.2615,106.8106,10.0
2026-05-07 18:02:20,DUMMY-99,-6.2146,106.8451,25.0
2026-05-07 18:02:23,DUMMY-99,-6.2146,106.8451,29.0
2026-05-07 18:02:25,DUMMY-99,-6.2146,106.8451,20.0
2026-05-07 18:02:26,SENS-JAKPUS,-6.1754,106.8272,16.0
2026-05-07 18:02:26,DUMMY-99,-6.2146,106.8451,16.0
2026-05-07 18:02:28,SENS-JAKSEL,-6.2615,106.8106,76.0
2026-05-07 18:02:29,DUMMY-99,-6.2146,106.8451,20.0
2026-05-07 18:02:30,DUMMY-99,-6.2146,106.8451,11.0
2026-05-07 18:02:33,DUMMY-99,-6.2146,106.8451,28.0
2026-05-07 18:02:34,DUMMY-99,-6.2146,106.8451,24.0
2026-05-07 18:02:35,SENS-JAKPUS,-6.1754,106.8272,18.0
2026-05-07 18:02:36,DUMMY-99,-6.2146,106.8451,22.0
2026-05-07 18:02:37,SENS-JAKSEL,-6.2615,106.8106,13.0
2026-05-07 18:02:39,DUMMY-99,-6.2146,106.8451,15.0
2026-05-07 18:02:41,DUMMY-99,-6.2146,106.8451,17.0
2026-05-07 18:02:42,DUMMY-99,-6.2146,106.8451,25.0
2026-05-07 18:02:44,SENS-JAKPUS,-6.1754,106.8272,11.0
2026-05-07 18:02:45,DUMMY-99,-6.2146,106.8451,9.0
2026-05-07 18:02:46,SENS-JAKSEL,-6.2615,106.8106,83.0
2026-05-07 18:02:47,DUMMY-99,-6.2146,106.8451,19.0
2026-05-07 18:02:49,DUMMY-99,-6.2146,106.8451,8.0
2026-05-07 18:02:50,DUMMY-99,-6.2146,106.8451,14.0
2026-05-07 18:02:52,DUMMY-99,-6.2146,106.8451,4.0
2026-05-07 18:02:53,SENS-JAKPUS,-6.1754,106.8272,3.0
2026-05-07 18:02:55,DUMMY-99,-6.2146,106.8451,22.0
2026-05-07 18:02:56,SENS-JAKSEL,-6.2615,106.8106,3.0
2026-05-07 18:02:56,DUMMY-99,-6.2146,106.8451,0.0
2026-05-07 18:02:59,DUMMY-99,-6.2146,106.8451,8.0
2026-05-07 18:03:00,DUMMY-99,-6.2146,106.8451,19.0
2026-05-07 18:03:02,DUMMY-99,-6.2146,106.8451,10.0
2026-05-07 18:03:03,SENS-JAKPUS,-6.1754,106.8272,82.0
2026-05-07 18:03:04,DUMMY-99,-6.2146,106.8451,7.0
2026-05-07 18:03:05,SENS-JAKSEL,-6.2615,106.8106,1.0
2026-05-07 18:03:07,DUMMY-99,-6.2146,106.8451,17.0
2026-05-07 18:03:11,DUMMY-99,-6.2146,106.8451,17.0
2026-05-07 18:03:12,SENS-JAKPUS,-6.1754,106.8272,6.0
2026-05-07 18:03:13,DUMMY-99,-6.2146,106.8451,1.0
2026-05-07 18:03:14,SENS-JAKSEL,-6.2615,106.8106,2.0
2026-05-07 18:03:15,DUMMY-99,-6.2146,106.8451,25.0
2026-05-07 18:03:16,DUMMY-99,-6.2146,106.8451,18.0
2026-05-07 18:03:18,DUMMY-99,-6.2146,106.8451,4.0
2026-05-07 18:03:21,DUMMY-99,-6.2146,106.8451,22.0
2026-05-07 18:03:21,SENS-JAKPUS,-6.1754,106.8272,4.0
2026-05-07 18:03:23,DUMMY-99,-6.2146,106.8451,17.0
2026-05-07 18:03:23,SENS-JAKSEL,-6.2615,106.8106,13.0
2026-05-07 18:03:24,DUMMY-99,-6.2146,106.8451,24.0
2026-05-07 18:03:26,DUMMY-99,-6.2146,106.8451,2.0
2026-05-07 18:03:29,DUMMY-99,-6.2146,106.8451,23.0
2026-05-07 18:03:30,SENS-JAKPUS,-6.1754,106.8272,4.0
2026-05-07 18:03:30,DUMMY-99,-6.2146,106.8451,0.0
2026-05-07 18:03:32,SENS-JAKSEL,-6.2615,106.8106,14.0
2026-05-07 18:03:33,DUMMY-99,-6.2146,106.8451,1.0
2026-05-07 18:03:34,DUMMY-99,-6.2146,106.8451,15.0
2026-05-07 18:03:36,DUMMY-99,-6.2146,106.8451,18.0
2026-05-07 18:03:38,DUMMY-99,-6.2146,106.8451,28.0
2026-05-07 18:03:39,SENS-JAKPUS,-6.1754,106.8272,62.0
2026-05-07 18:03:41,DUMMY-99,-6.2146,106.8451,1.0
2026-05-07 18:03:41,SENS-JAKSEL,-6.2615,106.8106,0.0
2026-05-07 18:03:42,DUMMY-99,-6.2146,106.8451,89.0
2026-05-07 18:03:45,DUMMY-99,-6.2146,106.8451,29.0
2026-05-07 18:03:47,DUMMY-99,-6.2146,106.8451,6.0
2026-05-07 18:03:48,SENS-JAKPUS,-6.1754,106.8272,7.0
2026-05-07 18:03:49,DUMMY-99,-6.2146,106.8451,76.0
2026-05-07 18:03:50,SENS-JAKSEL,-6.2615,106.8106,19.0
2026-05-07 18:03:50,DUMMY-99,-6.2146,106.8451,6.0
2026-05-07 18:03:53,DUMMY-99,-6.2146,106.8451,17.0
2026-05-07 18:03:55,DUMMY-99,-6.2146,106.8451,24.0
2026-05-07 18:03:56,DUMMY-99,-6.2146,106.8451,10.0
2026-05-07 18:03:57,SENS-JAKPUS,-6.1754,106.8272,1.0
2026-05-07 18:03:58,DUMMY-99,-6.2146,106.8451,18.0
2026-05-07 18:03:59,SENS-JAKSEL,-6.2615,106.8106,9.0
2026-05-07 18:04:00,DUMMY-99,-6.2146,106.8451,23.0
2026-05-07 18:04:02,DUMMY-99,-6.2146,106.8451,29.0
2026-05-07 18:04:05,DUMMY-99,-6.2146,106.8451,93.0
2026-05-07 18:04:06,SENS-JAKPUS,-6.1754,106.8272,9.0
2026-05-07 18:04:07,DUMMY-99,-6.2146,106.8451,72.0
2026-05-07 18:04:08,SENS-JAKSEL,-6.2615,106.8106,11.0
2026-05-07 18:04:08,DUMMY-99,-6.2146,106.8451,15.0
2026-05-07 18:04:10,DUMMY-99,-6.2146,106.8451,5.0
2026-05-07 18:04:12,DUMMY-99,-6.2146,106.8451,18.0
2026-05-07 18:04:14,DUMMY-99,-6.2146,106.8451,7.0
2026-05-07 18:04:15,SENS-JAKPUS,-6.1754,106.8272,16.0
2026-05-07 18:04:16,DUMMY-99,-6.2146,106.8451,28.0
2026-05-07 18:04:17,SENS-JAKSEL,-6.2615,106.8106,7.0
2026-05-07 18:04:19,DUMMY-99,-6.2146,106.8451,6.0
2026-05-07 18:04:20,DUMMY-99,-6.2146,106.8451,1.0
2026-05-07 18:04:23,DUMMY-99,-6.2146,106.8451,18.0
2026-05-07 18:04:24,SENS-JAKPUS,-6.1754,106.8272,16.0
2026-05-07 18:04:24,DUMMY-99,-6.2146,106.8451,0.0
2026-05-07 18:04:26,SENS-JAKSEL,-6.2615,106.8106,18.0
2026-05-07 18:04:26,DUMMY-99,-6.2146,106.8451,2.0
2026-05-07 18:04:29,DUMMY-99,-6.2146,106.8451,19.0
2026-05-07 18:04:31,DUMMY-99,-6.2146,106.8451,20.0
2026-05-07 18:04:33,DUMMY-99,-6.2146,106.8451,27.0
2026-05-07 18:04:33,SENS-JAKPUS,-6.1754,106.8272,20.0
2026-05-07 18:04:34,DUMMY-99,-6.2146,106.8451,90.0
2026-05-07 18:04:35,SENS-JAKSEL,-6.2615,106.8106,12.0
2026-05-07 18:04:37,DUMMY-99,-6.2146,106.8451,29.0
2026-05-07 18:04:38,DUMMY-99,-6.2146,106.8451,1.0
2026-05-07 18:04:41,DUMMY-99,-6.2146,106.8451,5.0
2026-05-07 18:04:42,SENS-JAKPUS,-6.1754,106.8272,0.0
2026-05-07 18:04:42,DUMMY-99,-6.2146,106.8451,22.0
2026-05-07 18:04:44,SENS-JAKSEL,-6.2615,106.8106,19.0
2026-05-07 18:04:44,DUMMY-99,-6.2146,106.8451,1.0
2026-05-07 18:04:46,DUMMY-99,-6.2146,106.8451,6.0
2026-05-07 18:04:48,DUMMY-99,-6.2146,106.8451,27.0
2026-05-07 18:04:50,DUMMY-99,-6.2146,106.8451,65.0
2026-05-07 18:04:51,SENS-JAKPUS,-6.1754,106.8272,17.0
2026-05-07 18:04:53,DUMMY-99,-6.2146,106.8451,25.0
2026-05-07 18:04:53,SENS-JAKSEL,-6.2615,106.8106,9.0
2026-05-07 18:04:55,DUMMY-99,-6.2146,106.8451,22.0
2026-05-07 18:04:57,DUMMY-99,-6.2146,106.8451,11.0
2026-05-07 18:04:58,DUMMY-99,-6.2146,106.8451,29.0
2026-05-07 18:05:00,SENS-JAKPUS,-6.1754,106.8272,1.0
2026-05-07 18:05:00,DUMMY-99,-6.2146,106.8451,9.0
2026-05-07 18:05:02,SENS-JAKSEL,-6.2615,106.8106,4.0
2026-05-07 18:05:02,DUMMY-99,-6.2146,106.8451,29.0
2026-05-07 18:05:04,DUMMY-99,-6.2146,106.8451,7.0
2026-05-07 18:05:06,DUMMY-99,-6.2146,106.8451,2.0
2026-05-07 18:05:08,DUMMY-99,-6.2146,106.8451,99.0
2026-05-07 18:05:09,SENS-JAKPUS,-6.1754,106.8272,15.0
2026-05-07 18:05:11,DUMMY-99,-6.2146,106.8451,24.0
2026-05-07 18:05:11,SENS-JAKSEL,-6.2615,106.8106,3.0
2026-05-07 18:05:12,DUMMY-99,-6.2146,106.8451,23.0
2026-05-07 18:05:15,DUMMY-99,-6.2146,106.8451,13.0
2026-05-07 18:05:16,DUMMY-99,-6.2146,106.8451,27.0
2026-05-07 18:05:18,SENS-JAKPUS,-6.1754,106.8272,17.0
2026-05-07 18:05:19,DUMMY-99,-6.2146,106.8451,9.0
2026-05-07 18:05:20,DUMMY-99,-6.2146,106.8451,14.0
2026-05-07 18:05:21,SENS-JAKSEL,-6.2615,106.8106,3.0
2026-05-07 18:05:23,DUMMY-99,-6.2146,106.8451,16.0
2026-05-07 18:05:24,DUMMY-99,-6.2146,106.8451,24.0
2026-05-07 18:05:27,DUMMY-99,-6.2146,106.8451,5.0
2026-05-07 18:05:28,SENS-JAKPUS,-6.1754,106.8272,1.0
2026-05-07 18:05:29,DUMMY-99,-6.2146,106.8451,24.0
2026-05-07 18:05:30,SENS-JAKSEL,-6.2615,106.8106,19.0
2026-05-07 18:05:31,DUMMY-99,-6.2146,106.8451,13.0
2026-05-07 18:05:32,DUMMY-99,-6.2146,106.8451,63.0
2026-05-07 18:05:34,DUMMY-99,-6.2146,106.8451,12.0
2026-05-07 18:05:37,DUMMY-99,-6.2146,106.8451,1.0
2026-05-07 18:05:37,SENS-JAKPUS,-6.1754,106.8272,10.0
2026-05-07 18:05:39,DUMMY-99,-6.2146,106.8451,6.0
2026-05-07 18:05:39,SENS-JAKSEL,-6.2615,106.8106,19.0
2026-05-07 18:05:41,DUMMY-99,-6.2146,106.8451,29.0
2026-05-07 18:05:42,DUMMY-99,-6.2146,106.8451,26.0
2026-05-07 18:05:45,DUMMY-99,-6.2146,106.8451,9.0
2026-05-07 18:05:46,SENS-JAKPUS,-6.1754,106.8272,6.0
2026-05-07 18:05:47,DUMMY-99,-6.2146,106.8451,12.0
2026-05-07 18:05:48,SENS-JAKSEL,-6.2615,106.8106,4.0
2026-05-07 18:05:49,DUMMY-99,-6.2146,106.8451,16.0
2026-05-07 18:05:50,DUMMY-99,-6.2146,106.8451,16.0
2026-05-07 18:05:53,DUMMY-99,-6.2146,106.8451,10.0
2026-05-07 18:05:54,DUMMY-99,-6.2146,106.8451,23.0
2026-05-07 18:05:55,SENS-JAKPUS,-6.1754,106.8272,9.0
2026-05-07 18:05:57,DUMMY-99,-6.2146,106.8451,1.0
2026-05-07 18:05:57,SENS-JAKSEL,-6.2615,106.8106,15.0
2026-05-07 18:05:58,DUMMY-99,-6.2146,106.8451,15.0
2026-05-07 18:06:01,DUMMY-99,-6.2146,106.8451,25.0
2026-05-07 18:06:02,DUMMY-99,-6.2146,106.8451,68.0
2026-05-07 18:06:04,SENS-JAKPUS,-6.1754,106.8272,92.0
2026-05-07 18:06:04,DUMMY-99,-6.2146,106.8451,23.0
2026-05-07 18:06:06,SENS-JAKSEL,-6.2615,106.8106,20.0
2026-05-07 18:06:06,DUMMY-99,-6.2146,106.8451,29.0
2026-05-07 18:06:08,DUMMY-99,-6.2146,106.8451,24.0
2026-05-07 18:06:11,DUMMY-99,-6.2146,106.8451,10.0
2026-05-07 18:06:13,DUMMY-99,-6.2146,106.8451,12.0
2026-05-07 18:06:13,SENS-JAKPUS,-6.1754,106.8272,14.0
2026-05-07 18:06:15,DUMMY-99,-6.2146,106.8451,20.0
2026-05-07 18:06:15,SENS-JAKSEL,-6.2615,106.8106,10.0
2026-05-07 18:06:16,DUMMY-99,-6.2146,106.8451,25.0
2026-05-07 18:06:19,DUMMY-99,-6.2146,106.8451,28.0
2026-05-07 18:06:20,DUMMY-99,-6.2146,106.8451,19.0
2026-05-07 18:06:22,SENS-JAKPUS,-6.1754,106.8272,3.0
2026-05-07 18:06:23,DUMMY-99,-6.2146,106.8451,7.0
2026-05-07 18:06:24,SENS-JAKSEL,-6.2615,106.8106,67.0
2026-05-07 18:06:24,DUMMY-99,-6.2146,106.8451,7.0
2026-05-07 18:06:27,DUMMY-99,-6.2146,106.8451,14.0
2026-05-07 18:06:28,DUMMY-99,-6.2146,106.8451,29.0
2026-05-07 18:06:31,DUMMY-99,-6.2146,106.8451,20.0
2026-05-07 18:06:31,SENS-JAKPUS,-6.1754,106.8272,15.0
2026-05-07 18:06:32,DUMMY-99,-6.2146,106.8451,22.0
2026-05-07 18:06:33,SENS-JAKSEL,-6.2615,106.8106,5.0
2026-05-07 18:06:34,DUMMY-99,-6.2146,106.8451,5.0
2026-05-07 18:06:36,DUMMY-99,-6.2146,106.8451,27.0
2026-05-07 18:06:39,DUMMY-99,-6.2146,106.8451,8.0
2026-05-07 18:06:40,SENS-JAKPUS,-6.1754,106.8272,16.0
2026-05-07 18:06:41,DUMMY-99,-6.2146,106.8451,16.0
2026-05-07 18:06:42,SENS-JAKSEL,-6.2615,106.8106,12.0
2026-05-07 18:06:42,DUMMY-99,-6.2146,106.8451,21.0
2026-05-07 18:06:44,DUMMY-99,-6.2146,106.8451,27.0
2026-05-07 18:06:46,DUMMY-99,-6.2146,106.8451,18.0
2026-05-07 18:06:48,DUMMY-99,-6.2146,106.8451,7.0
2026-05-07 18:06:49,SENS-JAKPUS,-6.1754,106.8272,9.0
2026-05-07 18:06:50,DUMMY-99,-6.2146,106.8451,14.0
2026-05-07 18:06:51,SENS-JAKSEL,-6.2615,106.8106,7.0
2026-05-07 18:06:52,DUMMY-99,-6.2146,106.8451,26.0
2026-05-07 18:06:54,DUMMY-99,-6.2146,106.8451,14.0
2026-05-07 18:06:56,DUMMY-99,-6.2146,106.8451,10.0
2026-05-07 18:06:58,SENS-JAKPUS,-6.1754,106.8272,17.0
2026-05-07 18:06:58,DUMMY-99,-6.2146,106.8451,23.0
2026-05-07 18:07:00,SENS-JAKSEL,-6.2615,106.8106,19.0
2026-05-07 18:07:01,DUMMY-99,-6.2146,106.8451,24.0
2026-05-07 18:07:02,DUMMY-99,-6.2146,106.8451,68.0
2026-05-07 18:07:05,DUMMY-99,-6.2146,106.8451,72.0
2026-05-07 18:07:06,DUMMY-99,-6.2146,106.8451,7.0
2026-05-07 18:07:07,SENS-JAKPUS,-6.1754,106.8272,0.0
2026-05-07 18:07:08,DUMMY-99,-6.2146,106.8451,14.0
2026-05-07 18:07:09,SENS-JAKSEL,-6.2615,106.8106,5.0
2026-05-07 18:07:13,DUMMY-99,-6.2146,106.8451,99.0
2026-05-07 18:07:15,DUMMY-99,-6.2146,106.8451,29.0
2026-05-07 18:07:16,SENS-JAKPUS,-6.1754,106.8272,2.0
2026-05-07 18:07:16,DUMMY-99,-6.2146,106.8451,3.0
2026-05-07 18:07:18,SENS-JAKSEL,-6.2615,106.8106,9.0
2026-05-07 18:07:18,DUMMY-99,-6.2146,106.8451,19.0
2026-05-07 18:07:21,DUMMY-99,-6.2146,106.8451,26.0
2026-05-07 18:07:23,DUMMY-99,-6.2146,106.8451,78.0
2026-05-07 18:07:24,DUMMY-99,-6.2146,106.8451,8.0
2026-05-07 18:07:25,SENS-JAKPUS,-6.1754,106.8272,2.0
2026-05-07 18:07:27,DUMMY-99,-6.2146,106.8451,17.0
2026-05-07 18:07:27,SENS-JAKSEL,-6.2615,106.8106,13.0
2026-05-07 18:07:28,DUMMY-99,-6.2146,106.8451,19.0
2026-05-07 18:07:31,DUMMY-99,-6.2146,106.8451,5.0
2026-05-07 18:07:32,DUMMY-99,-6.2146,106.8451,17.0
2026-05-07 18:07:34,SENS-JAKPUS,-6.1754,106.8272,15.0
2026-05-07 18:07:35,DUMMY-99,-6.2146,106.8451,23.0
2026-05-07 18:07:36,DUMMY-99,-6.2146,106.8451,28.0
2026-05-07 18:07:36,SENS-JAKSEL,-6.2615,106.8106,9.0
2026-05-07 18:07:39,DUMMY-99,-6.2146,106.8451,29.0
2026-05-07 18:07:40,DUMMY-99,-6.2146,106.8451,16.0
2026-05-07 18:07:42,DUMMY-99,-6.2146,106.8451,17.0
2026-05-07 18:07:44,SENS-JAKPUS,-6.1754,106.8272,72.0
2026-05-07 18:07:45,DUMMY-99,-6.2146,106.8451,25.0
2026-05-07 18:07:46,SENS-JAKSEL,-6.2615,106.8106,9.0
2026-05-07 18:07:47,DUMMY-99,-6.2146,106.8451,27.0
2026-05-07 18:07:49,DUMMY-99,-6.2146,106.8451,23.0
2026-05-07 18:07:50,DUMMY-99,-6.2146,106.8451,26.0
2026-05-07 18:07:53,DUMMY-99,-6.2146,106.8451,19.0
2026-05-07 18:07:53,SENS-JAKPUS,-6.1754,106.8272,8.0
2026-05-07 18:07:55,DUMMY-99,-6.2146,106.8451,23.0
2026-05-07 18:07:55,SENS-JAKSEL,-6.2615,106.8106,1.0
2026-05-07 18:07:56,DUMMY-99,-6.2146,106.8451,8.0
2026-05-07 18:07:58,DUMMY-99,-6.2146,106.8451,22.0
2026-05-07 18:08:01,DUMMY-99,-6.2146,106.8451,4.0
2026-05-07 18:08:02,SENS-JAKPUS,-6.1754,106.8272,3.0
2026-05-07 18:08:02,DUMMY-99,-6.2146,106.8451,11.0
2026-05-07 18:08:04,SENS-JAKSEL,-6.2615,106.8106,17.0
2026-05-07 18:08:05,DUMMY-99,-6.2146,106.8451,4.0
2026-05-07 18:08:06,DUMMY-99,-6.2146,106.8451,1.0
2026-05-07 18:08:08,DUMMY-99,-6.2146,106.8451,8.0
2026-05-07 18:08:11,DUMMY-99,-6.2146,106.8451,17.0
2026-05-07 18:08:11,SENS-JAKPUS,-6.1754,106.8272,3.0
2026-05-07 18:08:13,DUMMY-99,-6.2146,106.8451,14.0
2026-05-07 18:08:13,SENS-JAKSEL,-6.2615,106.8106,6.0
2026-05-07 18:08:14,DUMMY-99,-6.2146,106.8451,9.0
2026-05-07 18:08:16,DUMMY-99,-6.2146,106.8451,26.0
2026-05-07 18:08:18,DUMMY-99,-6.2146,106.8451,14.0
2026-05-07 18:08:20,SENS-JAKPUS,-6.1754,106.8272,9.0
2026-05-07 18:08:20,DUMMY-99,-6.2146,106.8451,7.0
2026-05-07 18:08:22,SENS-JAKSEL,-6.2615,106.8106,15.0
2026-05-07 18:08:22,DUMMY-99,-6.2146,106.8451,10.0
2026-05-07 18:08:24,DUMMY-99,-6.2146,106.8451,12.0
2026-05-07 18:08:26,DUMMY-99,-6.2146,106.8451,29.0
2026-05-07 18:08:28,DUMMY-99,-6.2146,106.8451,22.0
2026-05-07 18:08:29,SENS-JAKPUS,-6.1754,106.8272,10.0
2026-05-07 18:08:30,DUMMY-99,-6.2146,106.8451,21.0
2026-05-07 18:08:31,SENS-JAKSEL,-6.2615,106.8106,10.0
2026-05-07 18:08:32,DUMMY-99,-6.2146,106.8451,10.0
2026-05-07 18:08:34,DUMMY-99,-6.2146,106.8451,27.0
2026-05-07 18:08:36,DUMMY-99,-6.2146,106.8451,5.0
2026-05-07 18:08:38,SENS-JAKPUS,-6.1754,106.8272,18.0
2026-05-07 18:08:39,DUMMY-99,-6.2146,106.8451,56.0
2026-05-07 18:08:40,SENS-JAKSEL,-6.2615,106.8106,4.0
2026-05-07 18:08:41,DUMMY-99,-6.2146,106.8451,27.0
2026-05-07 18:08:42,DUMMY-99,-6.2146,106.8451,14.0
2026-05-07 18:08:45,DUMMY-99,-6.2146,106.8451,7.0
2026-05-07 18:08:46,DUMMY-99,-6.2146,106.8451,19.0
2026-05-07 18:08:47,SENS-JAKPUS,-6.1754,106.8272,19.0
2026-05-07 18:08:48,DUMMY-99,-6.2146,106.8451,15.0
2026-05-07 18:08:49,SENS-JAKSEL,-6.2615,106.8106,85.0
2026-05-07 18:08:50,DUMMY-99,-6.2146,106.8451,23.0
2026-05-07 18:08:52,DUMMY-99,-6.2146,106.8451,15.0
2026-05-07 18:08:55,DUMMY-99,-6.2146,106.8451,5.0
2026-05-07 18:08:56,SENS-JAKPUS,-6.1754,106.8272,17.0
2026-05-07 18:08:56,DUMMY-99,-6.2146,106.8451,62.0
2026-05-07 18:08:58,SENS-JAKSEL,-6.2615,106.8106,0.0
2026-05-07 18:08:58,DUMMY-99,-6.2146,106.8451,70.0
2026-05-07 18:09:01,DUMMY-99,-6.2146,106.8451,15.0
2026-05-07 18:09:02,DUMMY-99,-6.2146,106.8451,10.0
2026-05-07 18:09:05,DUMMY-99,-6.2146,106.8451,26.0
2026-05-07 18:09:05,SENS-JAKPUS,-6.1754,106.8272,0.0
2026-05-07 18:09:06,DUMMY-99,-6.2146,106.8451,2.0
2026-05-07 18:09:07,SENS-JAKSEL,-6.2615,106.8106,0.0
2026-05-07 18:09:08,DUMMY-99,-6.2146,106.8451,15.0
2026-05-07 18:09:11,DUMMY-99,-6.2146,106.8451,28.0
2026-05-07 18:09:13,DUMMY-99,-6.2146,106.8451,14.0
2026-05-07 18:09:14,SENS-JAKPUS,-6.1754,106.8272,1.0
2026-05-07 18:09:14,DUMMY-99,-6.2146,106.8451,28.0
2026-05-07 18:09:16,SENS-JAKSEL,-6.2615,106.8106,14.0
2026-05-07 18:09:16,DUMMY-99,-6.2146,106.8451,27.0
2026-05-07 18:09:18,DUMMY-99,-6.2146,106.8451,19.0
2026-05-07 18:09:20,DUMMY-99,-6.2146,106.8451,27.0
2026-05-07 18:09:22,DUMMY-99,-6.2146,106.8451,27.0
2026-05-07 18:09:23,SENS-JAKPUS,-6.1754,106.8272,0.0
2026-05-07 18:09:24,DUMMY-99,-6.2146,106.8451,6.0
2026-05-07 18:09:25,SENS-JAKSEL,-6.2615,106.8106,2.0
2026-05-07 18:09:27,DUMMY-99,-6.2146,106.8451,11.0
2026-05-07 18:09:28,DUMMY-99,-6.2146,106.8451,19.0
2026-05-07 18:09:31,DUMMY-99,-6.2146,106.8451,65.0
2026-05-07 18:09:32,SENS-JAKPUS,-6.1754,106.8272,4.0
2026-05-07 18:09:32,DUMMY-99,-6.2146,106.8451,18.0
2026-05-07 18:09:34,SENS-JAKSEL,-6.2615,106.8106,15.0
2026-05-07 18:09:35,DUMMY-99,-6.2146,106.8451,29.0
2026-05-07 18:09:37,DUMMY-99,-6.2146,106.8451,10.0
2026-05-07 18:09:38,DUMMY-99,-6.2146,106.8451,6.0
2026-05-07 18:09:40,DUMMY-99,-6.2146,106.8451,1.0
2026-05-07 18:09:41,SENS-JAKPUS,-6.1754,106.8272,3.0
2026-05-07 18:09:42,DUMMY-99,-6.2146,106.8451,7.0
2026-05-07 18:09:43,SENS-JAKSEL,-6.2615,106.8106,20.0
2026-05-07 18:09:45,DUMMY-99,-6.2146,106.8451,24.0
2026-05-07 18:09:47,DUMMY-99,-6.2146,106.8451,10.0
2026-05-07 18:09:48,DUMMY-99,-6.2146,106.8451,9.0
2026-05-07 18:09:50,DUMMY-99,-6.2146,106.8451,26.0
2026-05-07 18:09:50,SENS-JAKPUS,-6.1754,106.8272,17.0
2026-05-07 18:09:52,DUMMY-99,-6.2146,106.8451,19.0
2026-05-07 18:09:53,SENS-JAKSEL,-6.2615,106.8106,17.0
2026-05-07 18:09:55,DUMMY-99,-6.2146,106.8451,4.0
2026-05-07 18:09:57,DUMMY-99,-6.2146,106.8451,25.0
2026-05-07 18:09:58,DUMMY-99,-6.2146,106.8451,25.0
2026-05-07 18:10:00,SENS-JAKPUS,-6.1754,106.8272,18.0
2026-05-07 18:10:01,DUMMY-99,-6.2146,106.8451,17.0
2026-05-07 18:10:02,SENS-JAKSEL,-6.2615,106.8106,3.0
2026-05-07 18:10:02,DUMMY-99,-6.2146,106.8451,11.0
2026-05-07 18:10:05,DUMMY-99,-6.2146,106.8451,11.0
2026-05-07 18:10:06,DUMMY-99,-6.2146,106.8451,29.0
2026-05-07 18:10:09,DUMMY-99,-6.2146,106.8451,8.0
2026-05-07 18:10:09,SENS-JAKPUS,-6.1754,106.8272,7.0
2026-05-07 18:10:11,DUMMY-99,-6.2146,106.8451,68.0
2026-05-07 18:10:11,SENS-JAKSEL,-6.2615,106.8106,10.0
2026-05-07 18:10:13,DUMMY-99,-6.2146,106.8451,24.0
2026-05-07 18:10:14,DUMMY-99,-6.2146,106.8451,0.0
2026-05-07 18:10:16,DUMMY-99,-6.2146,106.8451,20.0
2026-05-07 18:10:18,SENS-JAKPUS,-6.1754,106.8272,93.0
2026-05-07 18:10:18,DUMMY-99,-6.2146,106.8451,1.0
2026-05-07 18:10:20,SENS-JAKSEL,-6.2615,106.8106,96.0
2026-05-07 18:10:20,DUMMY-99,-6.2146,106.8451,20.0
2026-05-07 18:10:22,DUMMY-99,-6.2146,106.8451,22.0
2026-05-07 18:10:24,DUMMY-99,-6.2146,106.8451,29.0
2026-05-07 18:10:27,DUMMY-99,-6.2146,106.8451,14.0
2026-05-07 18:10:27,SENS-JAKPUS,-6.1754,106.8272,9.0
2026-05-07 18:10:28,DUMMY-99,-6.2146,106.8451,13.0
2026-05-07 18:10:29,SENS-JAKSEL,-6.2615,106.8106,12.0
2026-05-07 18:10:31,DUMMY-99,-6.2146,106.8451,16.0
2026-05-07 18:10:32,DUMMY-99,-6.2146,106.8451,27.0
2026-05-07 18:10:34,DUMMY-99,-6.2146,106.8451,10.0
2026-05-07 18:10:36,SENS-JAKPUS,-6.1754,106.8272,3.0
2026-05-07 18:10:37,DUMMY-99,-6.2146,106.8451,11.0
2026-05-07 18:10:38,SENS-JAKSEL,-6.2615,106.8106,10.0
2026-05-07 18:10:39,DUMMY-99,-6.2146,106.8451,13.0
2026-05-07 18:10:40,DUMMY-99,-6.2146,106.8451,18.0
2026-05-07 18:10:43,DUMMY-99,-6.2146,106.8451,5.0
2026-05-07 18:10:44,DUMMY-99,-6.2146,106.8451,2.0
2026-05-07 18:10:45,SENS-JAKPUS,-6.1754,106.8272,0.0
2026-05-07 18:10:47,DUMMY-99,-6.2146,106.8451,3.0
2026-05-07 18:10:47,SENS-JAKSEL,-6.2615,106.8106,16.0
2026-05-07 18:10:48,DUMMY-99,-6.2146,106.8451,2.0
2026-05-07 18:10:50,DUMMY-99,-6.2146,106.8451,6.0
2026-05-07 18:10:52,DUMMY-99,-6.2146,106.8451,2.0
2026-05-07 18:10:54,SENS-JAKPUS,-6.1754,106.8272,73.0
2026-05-07 18:10:54,DUMMY-99,-6.2146,106.8451,24.0
2026-05-07 18:10:56,SENS-JAKSEL,-6.2615,106.8106,94.0
2026-05-07 18:10:56,DUMMY-99,-6.2146,106.8451,17.0
2026-05-07 18:10:58,DUMMY-99,-6.2146,106.8451,17.0
2026-05-07 18:11:01,DUMMY-99,-6.2146,106.8451,8.0
2026-05-07 18:11:03,DUMMY-99,-6.2146,106.8451,4.0
2026-05-07 18:11:03,SENS-JAKPUS,-6.1754,106.8272,20.0
2026-05-07 18:11:05,DUMMY-99,-6.2146,106.8451,9.0
2026-05-07 18:11:05,SENS-JAKSEL,-6.2615,106.8106,6.0
2026-05-07 18:11:06,DUMMY-99,-6.2146,106.8451,18.0
2026-05-07 18:11:09,DUMMY-99,-6.2146,106.8451,11.0
2026-05-07 18:11:11,DUMMY-99,-6.2146,106.8451,0.0
2026-05-07 18:11:12,SENS-JAKPUS,-6.1754,106.8272,98.0
2026-05-07 18:11:13,DUMMY-99,-6.2146,106.8451,0.0
2026-05-07 18:11:14,SENS-JAKSEL,-6.2615,106.8106,2.0
2026-05-07 18:11:14,DUMMY-99,-6.2146,106.8451,23.0
2026-05-07 18:11:17,DUMMY-99,-6.2146,106.8451,8.0
2026-05-07 18:11:18,DUMMY-99,-6.2146,106.8451,2.0
2026-05-07 18:11:20,DUMMY-99,-6.2146,106.8451,26.0
2026-05-07 18:11:21,SENS-JAKPUS,-6.1754,106.8272,5.0
2026-05-07 18:11:22,DUMMY-99,-6.2146,106.8451,20.0
2026-05-07 18:11:23,SENS-JAKSEL,-6.2615,106.8106,71.0
2026-05-07 18:11:24,DUMMY-99,-6.2146,106.8451,1.0
2026-05-07 18:11:27,DUMMY-99,-6.2146,106.8451,23.0
2026-05-07 18:11:29,DUMMY-99,-6.2146,106.8451,4.0
2026-05-07 18:11:30,SENS-JAKPUS,-6.1754,106.8272,7.0
2026-05-07 18:11:30,DUMMY-99,-6.2146,106.8451,85.0
2026-05-07 18:11:32,SENS-JAKSEL,-6.2615,106.8106,5.0
2026-05-07 18:11:32,DUMMY-99,-6.2146,106.8451,27.0
2026-05-07 18:11:34,DUMMY-99,-6.2146,106.8451,22.0
2026-05-07 18:11:37,DUMMY-99,-6.2146,106.8451,26.0
2026-05-07 18:11:38,DUMMY-99,-6.2146,106.8451,2.0
2026-05-07 18:11:39,SENS-JAKPUS,-6.1754,106.8272,18.0
2026-05-07 18:11:40,DUMMY-99,-6.2146,106.8451,29.0
2026-05-07 18:11:41,SENS-JAKSEL,-6.2615,106.8106,100.0
2026-05-07 18:11:43,DUMMY-99,-6.2146,106.8451,10.0
2026-05-07 18:11:44,DUMMY-99,-6.2146,106.8451,10.0
2026-05-07 18:11:47,DUMMY-99,-6.2146,106.8451,0.0
2026-05-07 18:11:48,SENS-JAKPUS,-6.1754,106.8272,9.0
2026-05-07 18:11:48,DUMMY-99,-6.2146,106.8451,14.0
2026-05-07 18:11:50,SENS-JAKSEL,-6.2615,106.8106,12.0
2026-05-07 18:11:50,DUMMY-99,-6.2146,106.8451,12.0
2026-05-07 18:11:53,DUMMY-99,-6.2146,106.8451,15.0
2026-05-07 18:11:55,DUMMY-99,-6.2146,106.8451,25.0
2026-05-07 18:11:56,DUMMY-99,-6.2146,106.8451,23.0
2026-05-07 18:11:57,SENS-JAKPUS,-6.1754,106.8272,6.0
2026-05-07 18:11:58,DUMMY-99,-6.2146,106.8451,67.0
2026-05-07 18:11:59,SENS-JAKSEL,-6.2615,106.8106,16.0
2026-05-07 18:12:01,DUMMY-99,-6.2146,106.8451,18.0
2026-05-07 18:12:03,DUMMY-99,-6.2146,106.8451,25.0
2026-05-07 18:12:04,DUMMY-99,-6.2146,106.8451,17.0
2026-05-07 18:12:06,DUMMY-99,-6.2146,106.8451,19.0
2026-05-07 18:12:07,SENS-JAKPUS,-6.1754,106.8272,8.0
2026-05-07 18:12:08,DUMMY-99,-6.2146,106.8451,0.0
2026-05-07 18:12:09,SENS-JAKSEL,-6.2615,106.8106,63.0
2026-05-07 18:12:10,DUMMY-99,-6.2146,106.8451,7.0
2026-05-07 18:12:12,DUMMY-99,-6.2146,106.8451,14.0
2026-05-07 18:12:14,DUMMY-99,-6.2146,106.8451,76.0
2026-05-07 18:12:16,SENS-JAKPUS,-6.1754,106.8272,14.0
2026-05-07 18:12:17,DUMMY-99,-6.2146,106.8451,6.0
2026-05-07 18:12:18,SENS-JAKSEL,-6.2615,106.8106,18.0
2026-05-07 18:12:19,DUMMY-99,-6.2146,106.8451,23.0
2026-05-07 18:12:21,DUMMY-99,-6.2146,106.8451,21.0
2026-05-07 18:12:22,DUMMY-99,-6.2146,106.8451,24.0
2026-05-07 18:12:24,DUMMY-99,-6.2146,106.8451,9.0
2026-05-07 18:12:25,SENS-JAKPUS,-6.1754,106.8272,4.0
2026-05-07 18:12:27,DUMMY-99,-6.2146,106.8451,12.0
2026-05-07 18:12:27,SENS-JAKSEL,-6.2615,106.8106,20.0
2026-05-07 18:12:29,DUMMY-99,-6.2146,106.8451,16.0
2026-05-07 18:12:30,DUMMY-99,-6.2146,106.8451,29.0
2026-05-07 18:12:32,DUMMY-99,-6.2146,106.8451,26.0
2026-05-07 18:12:34,SENS-JAKPUS,-6.1754,106.8272,13.0
2026-05-07 18:12:35,DUMMY-99,-6.2146,106.8451,12.0
2026-05-07 18:12:36,SENS-JAKSEL,-6.2615,106.8106,8.0
2026-05-07 18:12:36,DUMMY-99,-6.2146,106.8451,8.0
2026-05-07 18:12:39,DUMMY-99,-6.2146,106.8451,28.0
2026-05-07 18:12:40,DUMMY-99,-6.2146,106.8451,13.0
2026-05-07 18:12:42,DUMMY-99,-6.2146,106.8451,92.0
2026-05-07 18:12:43,SENS-JAKPUS,-6.1754,106.8272,14.0
2026-05-07 18:12:45,DUMMY-99,-6.2146,106.8451,16.0
2026-05-07 18:12:45,SENS-JAKSEL,-6.2615,106.8106,79.0
2026-05-07 18:12:46,DUMMY-99,-6.2146,106.8451,24.0
2026-05-07 18:12:48,DUMMY-99,-6.2146,106.8451,23.0
2026-05-07 18:12:51,DUMMY-99,-6.2146,106.8451,12.0
2026-05-07 18:12:52,SENS-JAKPUS,-6.1754,106.8272,10.0
2026-05-07 18:12:52,DUMMY-99,-6.2146,106.8451,24.0
2026-05-07 18:12:54,SENS-JAKSEL,-6.2615,106.8106,20.0
2026-05-07 18:12:54,DUMMY-99,-6.2146,106.8451,23.0
2026-05-07 18:12:56,DUMMY-99,-6.2146,106.8451,57.0
2026-05-07 18:12:58,DUMMY-99,-6.2146,106.8451,77.0
2026-05-07 18:13:01,DUMMY-99,-6.2146,106.8451,29.0
2026-05-07 18:13:01,SENS-JAKPUS,-6.1754,106.8272,2.0
2026-05-07 18:13:02,DUMMY-99,-6.2146,106.8451,2.0
2026-05-07 18:13:03,SENS-JAKSEL,-6.2615,106.8106,9.0
2026-05-07 18:13:05,DUMMY-99,-6.2146,106.8451,19.0
2026-05-07 18:13:06,DUMMY-99,-6.2146,106.8451,28.0
2026-05-07 18:13:09,DUMMY-99,-6.2146,106.8451,94.0
2026-05-07 18:13:10,SENS-JAKPUS,-6.1754,106.8272,13.0
2026-05-07 18:13:11,DUMMY-99,-6.2146,106.8451,14.0
2026-05-07 18:13:12,SENS-JAKSEL,-6.2615,106.8106,67.0
2026-05-07 18:13:13,DUMMY-99,-6.2146,106.8451,0.0
2026-05-07 18:13:14,DUMMY-99,-6.2146,106.8451,74.0
2026-05-07 18:13:16,DUMMY-99,-6.2146,106.8451,1.0
2026-05-07 18:13:18,DUMMY-99,-6.2146,106.8451,9.0
2026-05-07 18:13:19,SENS-JAKPUS,-6.1754,106.8272,6.0
2026-05-07 18:13:21,DUMMY-99,-6.2146,106.8451,17.0
2026-05-07 18:13:21,SENS-JAKSEL,-6.2615,106.8106,97.0
2026-05-07 18:13:22,DUMMY-99,-6.2146,106.8451,15.0
2026-05-07 18:13:25,DUMMY-99,-6.2146,106.8451,28.0
2026-05-07 18:13:28,SENS-JAKPUS,-6.1754,106.8272,18.0
2026-05-07 18:13:28,DUMMY-99,-6.2146,106.8451,2.0
2026-05-07 18:13:30,SENS-JAKSEL,-6.2615,106.8106,7.0
2026-05-07 18:13:30,DUMMY-99,-6.2146,106.8451,13.0
2026-05-07 18:13:32,DUMMY-99,-6.2146,106.8451,11.0
2026-05-07 18:13:35,DUMMY-99,-6.2146,106.8451,19.0
2026-05-07 18:13:37,DUMMY-99,-6.2146,106.8451,29.0
2026-05-07 18:13:37,SENS-JAKPUS,-6.1754,106.8272,1.0
2026-05-07 18:13:39,DUMMY-99,-6.2146,106.8451,15.0
2026-05-07 18:13:39,SENS-JAKSEL,-6.2615,106.8106,4.0
2026-05-07 18:13:40,DUMMY-99,-6.2146,106.8451,22.0
2026-05-07 18:13:42,DUMMY-99,-6.2146,106.8451,3.0
2026-05-07 18:13:45,DUMMY-99,-6.2146,106.8451,94.0
2026-05-07 18:13:46,SENS-JAKPUS,-6.1754,106.8272,97.0
2026-05-07 18:13:46,DUMMY-99,-6.2146,106.8451,24.0
2026-05-07 18:13:48,SENS-JAKSEL,-6.2615,106.8106,19.0
2026-05-07 18:13:48,DUMMY-99,-6.2146,106.8451,20.0
2026-05-07 18:13:51,DUMMY-99,-6.2146,106.8451,18.0
2026-05-07 18:13:53,DUMMY-99,-6.2146,106.8451,56.0
2026-05-07 18:13:55,DUMMY-99,-6.2146,106.8451,4.0
2026-05-07 18:13:55,SENS-JAKPUS,-6.1754,106.8272,18.0
2026-05-07 18:13:56,DUMMY-99,-6.2146,106.8451,17.0
2026-05-07 18:13:57,SENS-JAKSEL,-6.2615,106.8106,9.0
2026-05-07 18:13:58,DUMMY-99,-6.2146,106.8451,23.0
2026-05-07 18:14:01,DUMMY-99,-6.2146,106.8451,11.0
2026-05-07 18:14:02,DUMMY-99,-6.2146,106.8451,23.0
2026-05-07 18:14:04,SENS-JAKPUS,-6.1754,106.8272,12.0
2026-05-07 18:14:05,DUMMY-99,-6.2146,106.8451,66.0
2026-05-07 18:14:06,SENS-JAKSEL,-6.2615,106.8106,14.0
2026-05-07 18:14:06,DUMMY-99,-6.2146,106.8451,20.0
2026-05-07 18:14:09,DUMMY-99,-6.2146,106.8451,24.0
2026-05-07 18:14:10,DUMMY-99,-6.2146,106.8451,5.0
2026-05-07 18:14:13,DUMMY-99,-6.2146,106.8451,14.0
2026-05-07 18:14:13,SENS-JAKPUS,-6.1754,106.8272,18.0
2026-05-07 18:14:14,DUMMY-99,-6.2146,106.8451,7.0
2026-05-07 18:14:15,SENS-JAKSEL,-6.2615,106.8106,16.0
2026-05-07 18:14:17,DUMMY-99,-6.2146,106.8451,28.0
2026-05-07 18:14:19,DUMMY-99,-6.2146,106.8451,20.0
2026-05-07 18:14:21,DUMMY-99,-6.2146,106.8451,27.0
2026-05-07 18:14:22,DUMMY-99,-6.2146,106.8451,94.0
2026-05-07 18:14:22,SENS-JAKPUS,-6.1754,106.8272,8.0
2026-05-07 18:14:25,SENS-JAKSEL,-6.2615,106.8106,9.0
2026-05-07 18:14:25,DUMMY-99,-6.2146,106.8451,22.0
2026-05-07 18:14:27,DUMMY-99,-6.2146,106.8451,73.0
2026-05-07 18:14:28,DUMMY-99,-6.2146,106.8451,12.0
2026-05-07 18:14:30,DUMMY-99,-6.2146,106.8451,79.0
2026-05-07 18:14:32,SENS-JAKPUS,-6.1754,106.8272,10.0
2026-05-07 18:14:32,DUMMY-99,-6.2146,106.8451,9.0
2026-05-07 18:14:34,SENS-JAKSEL,-6.2615,106.8106,4.0
2026-05-07 18:14:35,DUMMY-99,-6.2146,106.8451,13.0
2026-05-07 18:14:36,DUMMY-99,-6.2146,106.8451,5.0
2026-05-07 18:14:38,DUMMY-99,-6.2146,106.8451,6.0
2026-05-07 18:14:40,DUMMY-99,-6.2146,106.8451,12.0
2026-05-07 18:14:41,SENS-JAKPUS,-6.1754,106.8272,10.0
2026-05-07 18:14:42,DUMMY-99,-6.2146,106.8451,1.0
2026-05-07 18:14:43,SENS-JAKSEL,-6.2615,106.8106,4.0
2026-05-07 18:14:44,DUMMY-99,-6.2146,106.8451,20.0
2026-05-07 18:14:46,DUMMY-99,-6.2146,106.8451,0.0
2026-05-07 18:14:48,DUMMY-99,-6.2146,106.8451,5.0
2026-05-07 18:14:50,SENS-JAKPUS,-6.1754,106.8272,18.0
2026-05-07 18:14:51,DUMMY-99,-6.2146,106.8451,10.0
2026-05-07 18:14:52,SENS-JAKSEL,-6.2615,106.8106,6.0
2026-05-07 18:14:52,DUMMY-99,-6.2146,106.8451,28.0
2026-05-07 18:14:55,DUMMY-99,-6.2146,106.8451,22.0
2026-05-07 18:14:56,DUMMY-99,-6.2146,106.8451,5.0
2026-05-07 18:14:59,DUMMY-99,-6.2146,106.8451,17.0
2026-05-07 18:14:59,SENS-JAKPUS,-6.1754,106.8272,12.0
2026-05-07 18:15:01,DUMMY-99,-6.2146,106.8451,5.0
2026-05-07 18:15:01,SENS-JAKSEL,-6.2615,106.8106,17.0
2026-05-07 18:15:02,DUMMY-99,-6.2146,106.8451,9.0
2026-05-07 18:15:04,DUMMY-99,-6.2146,106.8451,3.0
2026-05-07 18:15:06,DUMMY-99,-6.2146,106.8451,17.0
2026-05-07 18:15:08,SENS-JAKPUS,-6.1754,106.8272,9.0
2026-05-07 18:15:09,DUMMY-99,-6.2146,106.8451,9.0
2026-05-07 18:15:10,SENS-JAKSEL,-6.2615,106.8106,4.0
2026-05-07 18:15:11,DUMMY-99,-6.2146,106.8451,3.0
2026-05-07 18:15:12,DUMMY-99,-6.2146,106.8451,20.0
2026-05-07 18:15:14,DUMMY-99,-6.2146,106.8451,22.0
2026-05-07 18:15:16,DUMMY-99,-6.2146,106.8451,8.0
2026-05-07 18:15:17,SENS-JAKPUS,-6.1754,106.8272,10.0
2026-05-07 18:15:19,DUMMY-99,-6.2146,106.8451,64.0
2026-05-07 18:15:19,SENS-JAKSEL,-6.2615,106.8106,6.0
2026-05-07 18:15:21,DUMMY-99,-6.2146,106.8451,20.0
2026-05-07 18:15:22,DUMMY-99,-6.2146,106.8451,23.0
2026-05-07 18:15:24,DUMMY-99,-6.2146,106.8451,9.0
2026-05-07 18:15:26,SENS-JAKPUS,-6.1754,106.8272,17.0
2026-05-07 18:15:26,DUMMY-99,-6.2146,106.8451,3.0
2026-05-07 18:15:28,SENS-JAKSEL,-6.2615,106.8106,0.0
2026-05-07 18:15:29,DUMMY-99,-6.2146,106.8451,29.0
2026-05-07 18:15:30,DUMMY-99,-6.2146,106.8451,61.0
2026-05-07 18:15:33,DUMMY-99,-6.2146,106.8451,9.0
2026-05-07 18:15:35,DUMMY-99,-6.2146,106.8451,76.0
2026-05-07 18:15:35,SENS-JAKPUS,-6.1754,106.8272,10.0
2026-05-07 18:15:36,DUMMY-99,-6.2146,106.8451,17.0
2026-05-07 18:15:37,SENS-JAKSEL,-6.2615,106.8106,12.0
2026-05-07 18:15:38,DUMMY-99,-6.2146,106.8451,0.0
2026-05-07 18:15:40,DUMMY-99,-6.2146,106.8451,21.0
2026-05-07 18:15:43,DUMMY-99,-6.2146,106.8451,7.0
2026-05-07 18:15:44,SENS-JAKPUS,-6.1754,106.8272,4.0
2026-05-07 18:15:44,DUMMY-99,-6.2146,106.8451,22.0
2026-05-07 18:15:46,SENS-JAKSEL,-6.2615,106.8106,18.0
2026-05-07 18:15:47,DUMMY-99,-6.2146,106.8451,26.0
2026-05-07 18:15:48,DUMMY-99,-6.2146,106.8451,12.0
2026-05-07 18:15:51,DUMMY-99,-6.2146,106.8451,22.0
2026-05-07 18:15:52,DUMMY-99,-6.2146,106.8451,25.0
2026-05-07 18:15:53,SENS-JAKPUS,-6.1754,106.8272,75.0
2026-05-07 18:15:55,DUMMY-99,-6.2146,106.8451,10.0
2026-05-07 18:15:55,SENS-JAKSEL,-6.2615,106.8106,10.0
2026-05-07 18:15:56,DUMMY-99,-6.2146,106.8451,19.0
2026-05-07 18:15:58,DUMMY-99,-6.2146,106.8451,57.0
2026-05-07 18:16:01,DUMMY-99,-6.2146,106.8451,18.0
2026-05-07 18:16:02,SENS-JAKPUS,-6.1754,106.8272,14.0
2026-05-07 18:16:03,DUMMY-99,-6.2146,106.8451,16.0
2026-05-07 18:16:04,SENS-JAKSEL,-6.2615,106.8106,6.0
2026-05-07 18:16:04,DUMMY-99,-6.2146,106.8451,20.0
2026-05-07 18:16:06,DUMMY-99,-6.2146,106.8451,21.0
2026-05-07 18:16:08,DUMMY-99,-6.2146,106.8451,89.0
2026-05-07 18:16:10,DUMMY-99,-6.2146,106.8451,23.0
2026-05-07 18:16:11,SENS-JAKPUS,-6.1754,106.8272,20.0
2026-05-07 18:16:12,DUMMY-99,-6.2146,106.8451,20.0
2026-05-07 18:16:13,SENS-JAKSEL,-6.2615,106.8106,9.0
2026-05-07 18:16:14,DUMMY-99,-6.2146,106.8451,2.0
2026-05-07 18:16:16,DUMMY-99,-6.2146,106.8451,4.0
2026-05-07 18:16:18,DUMMY-99,-6.2146,106.8451,21.0
2026-05-07 18:16:20,DUMMY-99,-6.2146,106.8451,20.0
2026-05-07 18:16:20,SENS-JAKPUS,-6.1754,106.8272,5.0
2026-05-07 18:16:22,DUMMY-99,-6.2146,106.8451,12.0
2026-05-07 18:16:23,SENS-JAKSEL,-6.2615,106.8106,15.0
2026-05-07 18:16:24,DUMMY-99,-6.2146,106.8451,23.0
2026-05-07 18:16:26,DUMMY-99,-6.2146,106.8451,4.0
2026-05-07 18:16:29,DUMMY-99,-6.2146,106.8451,20.0
2026-05-07 18:16:30,SENS-JAKPUS,-6.1754,106.8272,19.0
2026-05-07 18:16:30,DUMMY-99,-6.2146,106.8451,10.0
2026-05-07 18:16:32,SENS-JAKSEL,-6.2615,106.8106,6.0
2026-05-07 18:16:33,DUMMY-99,-6.2146,106.8451,26.0
2026-05-07 18:16:34,DUMMY-99,-6.2146,106.8451,62.0
2026-05-07 18:16:37,DUMMY-99,-6.2146,106.8451,16.0
2026-05-07 18:16:38,DUMMY-99,-6.2146,106.8451,8.0
2026-05-07 18:16:39,SENS-JAKPUS,-6.1754,106.8272,78.0
2026-05-07 18:16:40,DUMMY-99,-6.2146,106.8451,29.0
2026-05-07 18:16:41,SENS-JAKSEL,-6.2615,106.8106,90.0
2026-05-07 18:16:43,DUMMY-99,-6.2146,106.8451,22.0
2026-05-07 18:16:44,DUMMY-99,-6.2146,106.8451,24.0
2026-05-07 18:16:47,DUMMY-99,-6.2146,106.8451,18.0
2026-05-07 18:16:48,SENS-JAKPUS,-6.1754,106.8272,4.0
2026-05-07 18:16:49,DUMMY-99,-6.2146,106.8451,18.0
2026-05-07 18:16:50,SENS-JAKSEL,-6.2615,106.8106,13.0
2026-05-07 18:16:51,DUMMY-99,-6.2146,106.8451,26.0
2026-05-07 18:16:52,DUMMY-99,-6.2146,106.8451,74.0
2026-05-07 18:16:54,DUMMY-99,-6.2146,106.8451,88.0
2026-05-07 18:16:56,DUMMY-99,-6.2146,106.8451,18.0
2026-05-07 18:16:57,SENS-JAKPUS,-6.1754,106.8272,14.0
2026-05-07 18:16:59,DUMMY-99,-6.2146,106.8451,10.0
2026-05-07 18:16:59,SENS-JAKSEL,-6.2615,106.8106,15.0
2026-05-07 18:17:00,DUMMY-99,-6.2146,106.8451,66.0
2026-05-07 18:17:02,DUMMY-99,-6.2146,106.8451,97.0
2026-05-07 18:17:04,DUMMY-99,-6.2146,106.8451,0.0
2026-05-07 18:17:06,SENS-JAKPUS,-6.1754,106.8272,12.0
2026-05-07 18:17:07,DUMMY-99,-6.2146,106.8451,17.0
2026-05-07 18:17:08,SENS-JAKSEL,-6.2615,106.8106,16.0
2026-05-07 18:17:08,DUMMY-99,-6.2146,106.8451,20.0
2026-05-07 18:17:11,DUMMY-99,-6.2146,106.8451,8.0
2026-05-07 18:17:12,DUMMY-99,-6.2146,106.8451,26.0
2026-05-07 18:17:14,DUMMY-99,-6.2146,106.8451,21.0
2026-05-07 18:17:15,SENS-JAKPUS,-6.1754,106.8272,5.0
2026-05-07 18:17:16,DUMMY-99,-6.2146,106.8451,88.0
2026-05-07 18:17:17,SENS-JAKSEL,-6.2615,106.8106,15.0
2026-05-07 18:17:18,DUMMY-99,-6.2146,106.8451,99.0
2026-05-07 18:17:20,DUMMY-99,-6.2146,106.8451,2.0
2026-05-07 18:17:22,DUMMY-99,-6.2146,106.8451,3.0
2026-05-07 18:17:24,SENS-JAKPUS,-6.1754,106.8272,3.0
2026-05-07 18:17:25,DUMMY-99,-6.2146,106.8451,79.0
2026-05-07 18:17:26,SENS-JAKSEL,-6.2615,106.8106,10.0
2026-05-07 18:17:27,DUMMY-99,-6.2146,106.8451,29.0
2026-05-07 18:17:28,DUMMY-99,-6.2146,106.8451,4.0
2026-05-07 18:17:30,DUMMY-99,-6.2146,106.8451,28.0
2026-05-07 18:17:32,DUMMY-99,-6.2146,106.8451,23.0
2026-05-07 18:17:33,SENS-JAKPUS,-6.1754,106.8272,8.0
2026-05-07 18:17:34,DUMMY-99,-6.2146,106.8451,2.0
2026-05-07 18:17:35,SENS-JAKSEL,-6.2615,106.8106,17.0
2026-05-07 18:17:37,DUMMY-99,-6.2146,106.8451,16.0
2026-05-07 18:17:38,DUMMY-99,-6.2146,106.8451,6.0
2026-05-07 18:17:41,DUMMY-99,-6.2146,106.8451,84.0
2026-05-07 18:17:42,SENS-JAKPUS,-6.1754,106.8272,4.0
2026-05-07 18:17:42,DUMMY-99,-6.2146,106.8451,4.0
2026-05-07 18:17:44,SENS-JAKSEL,-6.2615,106.8106,17.0
2026-05-07 18:17:45,DUMMY-99,-6.2146,106.8451,27.0
2026-05-07 18:17:46,DUMMY-99,-6.2146,106.8451,10.0
2026-05-07 18:17:48,DUMMY-99,-6.2146,106.8451,0.0
2026-05-07 18:17:51,DUMMY-99,-6.2146,106.8451,29.0
2026-05-07 18:17:51,SENS-JAKPUS,-6.1754,106.8272,6.0
2026-05-07 18:17:52,DUMMY-99,-6.2146,106.8451,5.0
2026-05-07 18:17:53,SENS-JAKSEL,-6.2615,106.8106,1.0
2026-05-07 18:17:54,DUMMY-99,-6.2146,106.8451,4.0
2026-05-07 18:17:56,DUMMY-99,-6.2146,106.8451,91.0
2026-05-07 18:17:59,DUMMY-99,-6.2146,106.8451,9.0
2026-05-07 18:18:00,SENS-JAKPUS,-6.1754,106.8272,1.0
2026-05-07 18:18:01,DUMMY-99,-6.2146,106.8451,10.0
2026-05-07 18:18:02,SENS-JAKSEL,-6.2615,106.8106,16.0
2026-05-07 18:18:03,DUMMY-99,-6.2146,106.8451,5.0
2026-05-07 18:18:04,DUMMY-99,-6.2146,106.8451,18.0
2026-05-07 18:18:07,DUMMY-99,-6.2146,106.8451,3.0
2026-05-07 18:18:08,DUMMY-99,-6.2146,106.8451,17.0
2026-05-07 18:18:09,SENS-JAKPUS,-6.1754,106.8272,5.0
2026-05-07 18:18:11,DUMMY-99,-6.2146,106.8451,27.0
2026-05-07 18:18:11,SENS-JAKSEL,-6.2615,106.8106,9.0
2026-05-07 18:18:12,DUMMY-99,-6.2146,106.8451,13.0
2026-05-07 18:18:14,DUMMY-99,-6.2146,106.8451,6.0
2026-05-07 18:18:17,DUMMY-99,-6.2146,106.8451,18.0
2026-05-07 18:18:18,SENS-JAKPUS,-6.1754,106.8272,87.0
2026-05-07 18:18:18,DUMMY-99,-6.2146,106.8451,29.0
2026-05-07 18:18:20,DUMMY-99,-6.2146,106.8451,10.0
2026-05-07 18:18:20,SENS-JAKSEL,-6.2615,106.8106,7.0
2026-05-07 18:18:22,DUMMY-99,-6.2146,106.8451,6.0
2026-05-07 18:18:25,DUMMY-99,-6.2146,106.8451,8.0
2026-05-07 18:18:26,DUMMY-99,-6.2146,106.8451,87.0
2026-05-07 18:18:27,SENS-JAKPUS,-6.1754,106.8272,7.0
2026-05-07 18:18:29,DUMMY-99,-6.2146,106.8451,10.0
2026-05-07 18:18:29,SENS-JAKSEL,-6.2615,106.8106,1.0
2026-05-07 18:18:30,DUMMY-99,-6.2146,106.8451,3.0
2026-05-07 18:18:32,DUMMY-99,-6.2146,106.8451,11.0
2026-05-07 18:18:34,DUMMY-99,-6.2146,106.8451,78.0
2026-05-07 18:18:37,SENS-JAKPUS,-6.1754,106.8272,2.0
2026-05-07 18:18:37,DUMMY-99,-6.2146,106.8451,14.0
2026-05-07 18:18:38,DUMMY-99,-6.2146,106.8451,8.0
2026-05-07 18:18:39,SENS-JAKSEL,-6.2615,106.8106,16.0
2026-05-07 18:18:41,DUMMY-99,-6.2146,106.8451,24.0
2026-05-07 18:18:43,DUMMY-99,-6.2146,106.8451,14.0
2026-05-07 18:18:44,DUMMY-99,-6.2146,106.8451,25.0
2026-05-07 18:18:46,SENS-JAKPUS,-6.1754,106.8272,18.0
2026-05-07 18:18:46,DUMMY-99,-6.2146,106.8451,15.0
2026-05-07 18:18:48,SENS-JAKSEL,-6.2615,106.8106,8.0
2026-05-07 18:18:48,DUMMY-99,-6.2146,106.8451,17.0
2026-05-07 18:18:51,DUMMY-99,-6.2146,106.8451,10.0
2026-05-07 18:18:53,DUMMY-99,-6.2146,106.8451,13.0
2026-05-07 18:18:54,DUMMY-99,-6.2146,106.8451,10.0
2026-05-07 18:18:55,SENS-JAKPUS,-6.1754,106.8272,19.0
2026-05-07 18:18:56,DUMMY-99,-6.2146,106.8451,29.0
2026-05-07 18:18:57,SENS-JAKSEL,-6.2615,106.8106,11.0
2026-05-07 18:18:58,DUMMY-99,-6.2146,106.8451,28.0
2026-05-07 18:19:00,DUMMY-99,-6.2146,106.8451,7.0
2026-05-07 18:19:03,DUMMY-99,-6.2146,106.8451,28.0
2026-05-07 18:19:04,SENS-JAKPUS,-6.1754,106.8272,8.0
2026-05-07 18:19:04,DUMMY-99,-6.2146,106.8451,94.0
2026-05-07 18:19:06,SENS-JAKSEL,-6.2615,106.8106,0.0
2026-05-07 18:19:07,DUMMY-99,-6.2146,106.8451,26.0
2026-05-07 18:19:09,DUMMY-99,-6.2146,106.8451,12.0
2026-05-07 18:19:10,DUMMY-99,-6.2146,106.8451,22.0
2026-05-07 18:19:12,DUMMY-99,-6.2146,106.8451,17.0
2026-05-07 18:19:13,SENS-JAKPUS,-6.1754,106.8272,8.0
2026-05-07 18:19:15,DUMMY-99,-6.2146,106.8451,22.0
2026-05-07 18:19:15,SENS-JAKSEL,-6.2615,106.8106,14.0
2026-05-07 18:19:16,DUMMY-99,-6.2146,106.8451,21.0
2026-05-07 18:19:19,DUMMY-99,-6.2146,106.8451,25.0
2026-05-07 18:19:20,DUMMY-99,-6.2146,106.8451,5.0
2026-05-07 18:19:22,SENS-JAKPUS,-6.1754,106.8272,71.0
2026-05-07 18:19:22,DUMMY-99,-6.2146,106.8451,27.0
2026-05-07 18:19:24,SENS-JAKSEL,-6.2615,106.8106,4.0
2026-05-07 18:19:24,DUMMY-99,-6.2146,106.8451,25.0
2026-05-07 18:19:26,DUMMY-99,-6.2146,106.8451,57.0
2026-05-07 18:19:28,DUMMY-99,-6.2146,106.8451,25.0
2026-05-07 18:19:30,DUMMY-99,-6.2146,106.8451,61.0
2026-05-07 18:19:31,SENS-JAKPUS,-6.1754,106.8272,62.0
2026-05-07 18:19:32,DUMMY-99,-6.2146,106.8451,29.0
2026-05-07 18:19:33,SENS-JAKSEL,-6.2615,106.8106,5.0
2026-05-07 18:19:35,DUMMY-99,-6.2146,106.8451,18.0
2026-05-07 18:19:37,DUMMY-99,-6.2146,106.8451,3.0
2026-05-07 18:19:38,DUMMY-99,-6.2146,106.8451,17.0
2026-05-07 18:19:40,SENS-JAKPUS,-6.1754,106.8272,14.0
2026-05-07 18:19:41,DUMMY-99,-6.2146,106.8451,27.0
2026-05-07 18:19:42,SENS-JAKSEL,-6.2615,106.8106,11.0
2026-05-07 18:19:42,DUMMY-99,-6.2146,106.8451,59.0
2026-05-07 18:19:45,DUMMY-99,-6.2146,106.8451,14.0
2026-05-07 18:19:46,DUMMY-99,-6.2146,106.8451,12.0
2026-05-07 18:19:49,DUMMY-99,-6.2146,106.8451,4.0
2026-05-07 18:19:49,SENS-JAKPUS,-6.1754,106.8272,19.0
2026-05-07 18:19:51,DUMMY-99,-6.2146,106.8451,12.0
2026-05-07 18:19:51,SENS-JAKSEL,-6.2615,106.8106,8.0
2026-05-07 18:19:52,DUMMY-99,-6.2146,106.8451,67.0
2026-05-07 18:19:54,DUMMY-99,-6.2146,106.8451,2.0
2026-05-07 18:19:56,DUMMY-99,-6.2146,106.8451,28.0
2026-05-07 18:19:58,SENS-JAKPUS,-6.1754,106.8272,15.0
2026-05-07 18:19:58,DUMMY-99,-6.2146,106.8451,72.0
2026-05-07 18:20:00,SENS-JAKSEL,-6.2615,106.8106,7.0
2026-05-07 18:20:01,DUMMY-99,-6.2146,106.8451,25.0
2026-05-07 18:20:03,DUMMY-99,-6.2146,106.8451,20.0
2026-05-07 18:20:04,DUMMY-99,-6.2146,106.8451,13.0
2026-05-07 18:20:06,DUMMY-99,-6.2146,106.8451,19.0
2026-05-07 18:20:07,SENS-JAKPUS,-6.1754,106.8272,0.0
2026-05-07 18:20:08,DUMMY-99,-6.2146,106.8451,24.0
2026-05-07 18:20:09,SENS-JAKSEL,-6.2615,106.8106,18.0
2026-05-07 18:20:11,DUMMY-99,-6.2146,106.8451,29.0
2026-05-07 18:20:12,DUMMY-99,-6.2146,106.8451,16.0
2026-05-07 18:20:14,DUMMY-99,-6.2146,106.8451,28.0
2026-05-07 18:20:16,SENS-JAKPUS,-6.1754,106.8272,12.0
2026-05-07 18:20:16,DUMMY-99,-6.2146,106.8451,4.0
2026-05-07 18:20:18,SENS-JAKSEL,-6.2615,106.8106,13.0
2026-05-07 18:20:19,DUMMY-99,-6.2146,106.8451,18.0
2026-05-07 18:20:20,DUMMY-99,-6.2146,106.8451,20.0
2026-05-07 18:20:22,DUMMY-99,-6.2146,106.8451,3.0
2026-05-07 18:20:24,DUMMY-99,-6.2146,106.8451,75.0
2026-05-07 18:20:25,SENS-JAKPUS,-6.1754,106.8272,6.0
2026-05-07 18:20:27,DUMMY-99,-6.2146,106.8451,8.0
2026-05-07 18:20:27,SENS-JAKSEL,-6.2615,106.8106,11.0
2026-05-07 18:20:28,DUMMY-99,-6.2146,106.8451,22.0
2026-05-07 18:20:30,DUMMY-99,-6.2146,106.8451,17.0
2026-05-07 18:20:33,DUMMY-99,-6.2146,106.8451,5.0
2026-05-07 18:20:34,SENS-JAKPUS,-6.1754,106.8272,19.0
2026-05-07 18:20:35,DUMMY-99,-6.2146,106.8451,20.0
2026-05-07 18:20:36,SENS-JAKSEL,-6.2615,106.8106,61.0
2026-05-07 18:20:37,DUMMY-99,-6.2146,106.8451,11.0
2026-05-07 18:20:38,DUMMY-99,-6.2146,106.8451,22.0
2026-05-07 18:20:41,DUMMY-99,-6.2146,106.8451,17.0
2026-05-07 18:20:42,DUMMY-99,-6.2146,106.8451,85.0
2026-05-07 18:20:43,SENS-JAKPUS,-6.1754,106.8272,3.0
2026-05-07 18:20:44,DUMMY-99,-6.2146,106.8451,27.0
2026-05-07 18:20:46,SENS-JAKSEL,-6.2615,106.8106,10.0
2026-05-07 18:20:46,DUMMY-99,-6.2146,106.8451,27.0
2026-05-07 18:20:49,DUMMY-99,-6.2146,106.8451,21.0
2026-05-07 18:20:50,DUMMY-99,-6.2146,106.8451,6.0
2026-05-07 18:20:53,SENS-JAKPUS,-6.1754,106.8272,2.0
2026-05-07 18:20:53,DUMMY-99,-6.2146,106.8451,84.0
2026-05-07 18:20:54,DUMMY-99,-6.2146,106.8451,23.0
2026-05-07 18:20:55,SENS-JAKSEL,-6.2615,106.8106,4.0
2026-05-07 18:20:56,DUMMY-99,-6.2146,106.8451,6.0
2026-05-07 18:20:58,DUMMY-99,-6.2146,106.8451,97.0
2026-05-07 18:21:00,DUMMY-99,-6.2146,106.8451,19.0
2026-05-07 18:21:02,SENS-JAKPUS,-6.1754,106.8272,18.0
2026-05-07 18:21:02,DUMMY-99,-6.2146,106.8451,10.0
2026-05-07 18:21:04,SENS-JAKSEL,-6.2615,106.8106,14.0
2026-05-07 18:21:04,DUMMY-99,-6.2146,106.8451,8.0
2026-05-07 18:21:06,DUMMY-99,-6.2146,106.8451,29.0
2026-05-07 18:21:08,DUMMY-99,-6.2146,106.8451,24.0
2026-05-07 18:21:11,DUMMY-99,-6.2146,106.8451,17.0
2026-05-07 18:21:11,SENS-JAKPUS,-6.1754,106.8272,10.0
2026-05-07 18:21:12,DUMMY-99,-6.2146,106.8451,7.0
2026-05-07 18:21:13,SENS-JAKSEL,-6.2615,106.8106,15.0
2026-05-07 18:21:15,DUMMY-99,-6.2146,106.8451,10.0
2026-05-07 18:21:16,DUMMY-99,-6.2146,106.8451,2.0
2026-05-07 18:21:19,DUMMY-99,-6.2146,106.8451,20.0
2026-05-07 18:21:20,SENS-JAKPUS,-6.1754,106.8272,19.0
2026-05-07 18:21:20,DUMMY-99,-6.2146,106.8451,15.0
2026-05-07 18:21:22,SENS-JAKSEL,-6.2615,106.8106,14.0
2026-05-07 18:21:23,DUMMY-99,-6.2146,106.8451,20.0
2026-05-07 18:21:25,DUMMY-99,-6.2146,106.8451,2.0
2026-05-07 18:21:26,DUMMY-99,-6.2146,106.8451,11.0
2026-05-07 18:21:28,DUMMY-99,-6.2146,106.8451,5.0
2026-05-07 18:21:29,SENS-JAKPUS,-6.1754,106.8272,20.0
2026-05-07 18:21:30,DUMMY-99,-6.2146,106.8451,2.0
2026-05-07 18:21:31,SENS-JAKSEL,-6.2615,106.8106,10.0
2026-05-07 18:21:33,DUMMY-99,-6.2146,106.8451,25.0
2026-05-07 18:21:35,DUMMY-99,-6.2146,106.8451,19.0
2026-05-07 18:21:36,DUMMY-99,-6.2146,106.8451,24.0
2026-05-07 18:21:38,SENS-JAKPUS,-6.1754,106.8272,18.0
2026-05-07 18:21:38,DUMMY-99,-6.2146,106.8451,25.0
2026-05-07 18:21:40,SENS-JAKSEL,-6.2615,106.8106,6.0
2026-05-07 18:21:40,DUMMY-99,-6.2146,106.8451,26.0
2026-05-07 18:21:42,DUMMY-99,-6.2146,106.8451,25.0
2026-05-07 18:21:45,DUMMY-99,-6.2146,106.8451,4.0
2026-05-07 18:21:46,DUMMY-99,-6.2146,106.8451,79.0
2026-05-07 18:21:47,SENS-JAKPUS,-6.1754,106.8272,1.0
2026-05-07 18:21:48,DUMMY-99,-6.2146,106.8451,26.0
2026-05-07 18:21:49,SENS-JAKSEL,-6.2615,106.8106,15.0
2026-05-07 18:21:51,DUMMY-99,-6.2146,106.8451,8.0
2026-05-07 18:21:53,DUMMY-99,-6.2146,106.8451,10.0
2026-05-07 18:21:54,DUMMY-99,-6.2146,106.8451,29.0
2026-05-07 18:21:56,SENS-JAKPUS,-6.1754,106.8272,18.0
2026-05-07 18:21:57,DUMMY-99,-6.2146,106.8451,3.0
2026-05-07 18:21:58,SENS-JAKSEL,-6.2615,106.8106,5.0
2026-05-07 18:21:59,DUMMY-99,-6.2146,106.8451,16.0
2026-05-07 18:22:00,DUMMY-99,-6.2146,106.8451,2.0
2026-05-07 18:22:02,DUMMY-99,-6.2146,106.8451,28.0
2026-05-07 18:22:04,DUMMY-99,-6.2146,106.8451,7.0
2026-05-07 18:22:05,SENS-JAKPUS,-6.1754,106.8272,14.0
2026-05-07 18:22:06,DUMMY-99,-6.2146,106.8451,7.0
2026-05-07 18:22:07,SENS-JAKSEL,-6.2615,106.8106,8.0
2026-05-07 18:22:08,DUMMY-99,-6.2146,106.8451,3.0
2026-05-07 18:22:10,DUMMY-99,-6.2146,106.8451,69.0
2026-05-07 18:22:12,DUMMY-99,-6.2146,106.8451,13.0
2026-05-07 18:22:14,SENS-JAKPUS,-6.1754,106.8272,6.0
2026-05-07 18:22:15,DUMMY-99,-6.2146,106.8451,15.0
2026-05-07 18:22:16,SENS-JAKSEL,-6.2615,106.8106,16.0
2026-05-07 18:22:16,DUMMY-99,-6.2146,106.8451,2.0
2026-05-07 18:22:18,DUMMY-99,-6.2146,106.8451,22.0
2026-05-07 18:22:20,DUMMY-99,-6.2146,106.8451,0.0
2026-05-07 18:22:23,DUMMY-99,-6.2146,106.8451,17.0
2026-05-07 18:22:23,SENS-JAKPUS,-6.1754,106.8272,7.0
2026-05-07 18:22:25,DUMMY-99,-6.2146,106.8451,18.0
2026-05-07 18:22:25,SENS-JAKSEL,-6.2615,106.8106,1.0
2026-05-07 18:22:27,DUMMY-99,-6.2146,106.8451,23.0
2026-05-07 18:22:28,DUMMY-99,-6.2146,106.8451,3.0
2026-05-07 18:22:30,DUMMY-99,-6.2146,106.8451,26.0
2026-05-07 18:22:32,SENS-JAKPUS,-6.1754,106.8272,1.0
2026-05-07 18:22:32,DUMMY-99,-6.2146,106.8451,17.0
2026-05-07 18:22:34,SENS-JAKSEL,-6.2615,106.8106,11.0
2026-05-07 18:22:35,DUMMY-99,-6.2146,106.8451,20.0
2026-05-07 18:22:36,DUMMY-99,-6.2146,106.8451,26.0
2026-05-07 18:22:38,DUMMY-99,-6.2146,106.8451,7.0
2026-05-07 18:22:40,DUMMY-99,-6.2146,106.8451,5.0
2026-05-07 18:22:41,SENS-JAKPUS,-6.1754,106.8272,0.0
2026-05-07 18:22:42,DUMMY-99,-6.2146,106.8451,5.0
2026-05-07 18:22:43,SENS-JAKSEL,-6.2615,106.8106,20.0
2026-05-07 18:22:44,DUMMY-99,-6.2146,106.8451,2.0
2026-05-07 18:22:46,DUMMY-99,-6.2146,106.8451,1.0
2026-05-07 18:22:49,DUMMY-99,-6.2146,106.8451,20.0
2026-05-07 18:22:50,SENS-JAKPUS,-6.1754,106.8272,20.0
2026-05-07 18:22:51,DUMMY-99,-6.2146,106.8451,8.0
2026-05-07 18:22:52,DUMMY-99,-6.2146,106.8451,1.0
2026-05-07 18:22:53,SENS-JAKSEL,-6.2615,106.8106,15.0
2026-05-07 18:22:54,DUMMY-99,-6.2146,106.8451,16.0
2026-05-07 18:22:56,DUMMY-99,-6.2146,106.8451,9.0
2026-05-07 18:22:59,DUMMY-99,-6.2146,106.8451,7.0
2026-05-07 18:23:00,SENS-JAKPUS,-6.1754,106.8272,0.0
2026-05-07 18:23:00,DUMMY-99,-6.2146,106.8451,10.0
2026-05-07 18:23:02,SENS-JAKSEL,-6.2615,106.8106,14.0
2026-05-07 18:23:02,DUMMY-99,-6.2146,106.8451,0.0
2026-05-07 18:23:04,DUMMY-99,-6.2146,106.8451,26.0
2026-05-07 18:23:07,DUMMY-99,-6.2146,106.8451,72.0
2026-05-07 18:23:09,SENS-JAKPUS,-6.1754,106.8272,18.0
2026-05-07 18:23:09,DUMMY-99,-6.2146,106.8451,69.0
2026-05-07 18:23:10,DUMMY-99,-6.2146,106.8451,12.0
2026-05-07 18:23:11,SENS-JAKSEL,-6.2615,106.8106,6.0
2026-05-07 18:23:12,DUMMY-99,-6.2146,106.8451,3.0
2026-05-07 18:23:15,DUMMY-99,-6.2146,106.8451,21.0
2026-05-07 18:23:17,DUMMY-99,-6.2146,106.8451,20.0
2026-05-07 18:23:18,SENS-JAKPUS,-6.1754,106.8272,16.0
2026-05-07 18:23:19,DUMMY-99,-6.2146,106.8451,10.0
2026-05-07 18:23:20,SENS-JAKSEL,-6.2615,106.8106,0.0
2026-05-07 18:23:20,DUMMY-99,-6.2146,106.8451,0.0
2026-05-07 18:23:23,DUMMY-99,-6.2146,106.8451,19.0
2026-05-07 18:23:25,DUMMY-99,-6.2146,106.8451,73.0
2026-05-07 18:23:26,DUMMY-99,-6.2146,106.8451,15.0
2026-05-07 18:23:27,SENS-JAKPUS,-6.1754,106.8272,9.0
2026-05-07 18:23:28,DUMMY-99,-6.2146,106.8451,3.0
2026-05-07 18:23:29,SENS-JAKSEL,-6.2615,106.8106,3.0
2026-05-07 18:23:31,DUMMY-99,-6.2146,106.8451,18.0
2026-05-07 18:23:32,DUMMY-99,-6.2146,106.8451,9.0
2026-05-07 18:23:34,DUMMY-99,-6.2146,106.8451,66.0
2026-05-07 18:23:36,SENS-JAKPUS,-6.1754,106.8272,15.0
2026-05-07 18:23:36,DUMMY-99,-6.2146,106.8451,24.0
2026-05-07 18:23:38,SENS-JAKSEL,-6.2615,106.8106,79.0
2026-05-07 18:23:38,DUMMY-99,-6.2146,106.8451,95.0
2026-05-07 18:23:41,DUMMY-99,-6.2146,106.8451,89.0
2026-05-07 18:23:42,DUMMY-99,-6.2146,106.8451,11.0
2026-05-07 18:23:44,DUMMY-99,-6.2146,106.8451,9.0
2026-05-07 18:23:45,SENS-JAKPUS,-6.1754,106.8272,15.0
2026-05-07 18:23:46,DUMMY-99,-6.2146,106.8451,8.0
2026-05-07 18:23:47,SENS-JAKSEL,-6.2615,106.8106,14.0
2026-05-07 18:23:49,DUMMY-99,-6.2146,106.8451,25.0
2026-05-07 18:23:51,DUMMY-99,-6.2146,106.8451,23.0
2026-05-07 18:23:53,DUMMY-99,-6.2146,106.8451,18.0
2026-05-07 18:23:54,SENS-JAKPUS,-6.1754,106.8272,5.0
2026-05-07 18:23:54,DUMMY-99,-6.2146,106.8451,6.0
2026-05-07 18:23:56,SENS-JAKSEL,-6.2615,106.8106,7.0
2026-05-07 18:23:57,DUMMY-99,-6.2146,106.8451,14.0
2026-05-07 18:23:58,DUMMY-99,-6.2146,106.8451,21.0
2026-05-07 18:24:00,DUMMY-99,-6.2146,106.8451,4.0
2026-05-07 18:24:02,DUMMY-99,-6.2146,106.8451,5.0
2026-05-07 18:24:03,SENS-JAKPUS,-6.1754,106.8272,67.0
2026-05-07 18:24:05,DUMMY-99,-6.2146,106.8451,22.0
2026-05-07 18:24:05,SENS-JAKSEL,-6.2615,106.8106,18.0
2026-05-07 18:24:09,DUMMY-99,-6.2146,106.8451,26.0
2026-05-07 18:24:10,DUMMY-99,-6.2146,106.8451,12.0
2026-05-07 18:24:12,SENS-JAKPUS,-6.1754,106.8272,17.0
2026-05-07 18:24:12,DUMMY-99,-6.2146,106.8451,4.0
2026-05-07 18:24:14,SENS-JAKSEL,-6.2615,106.8106,8.0
2026-05-07 18:24:15,DUMMY-99,-6.2146,106.8451,25.0
2026-05-07 18:24:16,DUMMY-99,-6.2146,106.8451,3.0
2026-05-07 18:24:19,DUMMY-99,-6.2146,106.8451,29.0
2026-05-07 18:24:20,DUMMY-99,-6.2146,106.8451,20.0
2026-05-07 18:24:21,SENS-JAKPUS,-6.1754,106.8272,10.0
2026-05-07 18:24:23,DUMMY-99,-6.2146,106.8451,12.0
2026-05-07 18:24:23,SENS-JAKSEL,-6.2615,106.8106,8.0
2026-05-07 18:24:24,DUMMY-99,-6.2146,106.8451,20.0
2026-05-07 18:24:27,DUMMY-99,-6.2146,106.8451,0.0
2026-05-07 18:24:28,DUMMY-99,-6.2146,106.8451,24.0
2026-05-07 18:24:30,SENS-JAKPUS,-6.1754,106.8272,3.0
2026-05-07 18:24:30,DUMMY-99,-6.2146,106.8451,13.0
2026-05-07 18:24:32,SENS-JAKSEL,-6.2615,106.8106,1.0
2026-05-07 18:24:32,DUMMY-99,-6.2146,106.8451,3.0
2026-05-07 18:24:35,DUMMY-99,-6.2146,106.8451,7.0
